; Xilinx COE file
; Generated by coe_truncate.py
; Entries  : 131072 (address width = 17 bits)
; Radix    : 10
;
memory_initialization_radix=10;
memory_initialization_vector=
-28,-29,-29,-29,-29,-28,-27,-27,
-27,-27,-28,-29,-30,-32,-33,-34,
-34,-35,-35,-35,-35,-34,-33,-32,
-32,-32,-33,-36,-39,-43,-46,-49,
-51,-53,-53,-53,-53,-53,-53,-53,
-54,-56,-57,-58,-58,-58,-58,-57,
-57,-56,-56,-56,-57,-57,-58,-58,
-58,-59,-60,-62,-64,-66,-69,-73,
-78,-84,-90,-95,-95,-89,-73,-46,
-7,37,85,125,150,153,132,92,
40,-10,-52,-79,-89,-88,-80,-70,
-63,-60,-60,-62,-63,-65,-66,-66,
-66,-66,-66,-66,-66,-66,-66,-66,
-67,-67,-67,-67,-66,-65,-64,-63,
-64,-65,-66,-67,-68,-69,-69,-69,
-68,-67,-67,-66,-66,-66,-66,-66,
-66,-66,-66,-66,-67,-68,-68,-69,
-69,-69,-68,-67,-66,-66,-66,-66,
-66,-67,-68,-68,-68,-68,-68,-68,
-68,-68,-68,-68,-68,-68,-68,-68,
-69,-69,-69,-69,-69,-69,-69,-70,
-71,-72,-73,-73,-73,-73,-73,-73,
-73,-72,-73,-73,-73,-73,-73,-72,
-72,-71,-69,-68,-67,-66,-65,-64,
-63,-61,-60,-59,-58,-56,-55,-54,
-52,-51,-50,-50,-49,-49,-48,-48,
-49,-49,-49,-49,-49,-49,-50,-50,
-50,-51,-51,-51,-52,-52,-53,-53,
-54,-54,-55,-55,-55,-55,-55,-55,
-55,-55,-55,-55,-55,-55,-55,-55,
-56,-56,-56,-57,-58,-59,-60,-60,
-61,-61,-60,-60,-59,-58,-58,-58,
-58,-58,-59,-60,-60,-61,-61,-61,
-61,-61,-61,-62,-62,-62,-62,-62,
-62,-63,-63,-63,-63,-63,-62,-62,
-61,-60,-60,-60,-59,-59,-59,-59,
-59,-59,-59,-59,-60,-60,-60,-59,
-58,-56,-55,-54,-53,-53,-51,-50,
-48,-45,-43,-42,-41,-41,-42,-43,
-44,-45,-46,-46,-46,-46,-45,-44,
-43,-44,-45,-48,-52,-56,-60,-63,
-64,-65,-64,-64,-64,-64,-65,-66,
-67,-68,-69,-69,-69,-68,-67,-67,
-66,-67,-67,-67,-67,-67,-67,-67,
-68,-69,-73,-77,-83,-90,-96,-102,
-103,-99,-87,-66,-34,6,53,101,
144,173,183,172,141,95,42,-8,
-49,-78,-93,-97,-94,-87,-81,-76,
-74,-74,-75,-76,-77,-77,-77,-77,
-77,-77,-78,-79,-80,-80,-80,-79,
-78,-77,-77,-77,-78,-78,-79,-80,
-80,-80,-79,-79,-80,-80,-81,-81,
-82,-82,-81,-81,-80,-80,-79,-79,
-79,-79,-78,-78,-78,-78,-78,-78,
-78,-78,-78,-78,-78,-78,-78,-79,
-79,-79,-80,-80,-80,-81,-81,-81,
-82,-82,-83,-83,-83,-84,-84,-85,
-85,-86,-86,-87,-88,-88,-89,-89,
-89,-90,-90,-91,-91,-91,-92,-92,
-92,-92,-92,-91,-90,-88,-86,-84,
-82,-79,-76,-73,-71,-69,-67,-66,
-65,-64,-64,-63,-63,-62,-62,-62,
-61,-61,-62,-62,-62,-62,-62,-62,
-62,-61,-61,-61,-62,-62,-62,-62,
-62,-62,-61,-61,-60,-60,-60,-60,
-61,-61,-62,-62,-62,-63,-63,-63,
-63,-64,-64,-65,-65,-66,-66,-67,
-67,-67,-67,-67,-67,-67,-67,-67,
-67,-67,-67,-67,-67,-67,-67,-67,
-67,-67,-67,-68,-69,-70,-70,-70,
-69,-69,-68,-68,-67,-67,-67,-67,
-68,-68,-68,-68,-68,-68,-69,-69,
-68,-68,-68,-67,-67,-66,-66,-66,
-67,-67,-68,-67,-67,-65,-63,-61,
-59,-57,-56,-55,-54,-53,-51,-50,
-49,-47,-46,-46,-46,-46,-47,-48,
-49,-50,-52,-52,-52,-50,-49,-47,
-47,-47,-49,-52,-55,-58,-61,-63,
-65,-67,-68,-69,-70,-70,-70,-71,
-71,-72,-72,-73,-74,-74,-74,-75,
-75,-74,-74,-74,-74,-75,-76,-78,
-81,-86,-91,-99,-106,-112,-113,-106,
-88,-56,-11,42,97,142,169,168,
140,89,28,-29,-74,-99,-106,-100,
-89,-79,-73,-72,-74,-77,-80,-81,
-81,-80,-80,-79,-79,-80,-80,-81,
-82,-82,-82,-82,-83,-83,-83,-83,
-83,-83,-83,-83,-83,-83,-83,-83,
-83,-83,-82,-81,-81,-80,-80,-79,
-79,-79,-79,-80,-80,-81,-82,-83,
-83,-83,-84,-84,-83,-83,-83,-82,
-82,-81,-81,-81,-81,-81,-80,-80,
-79,-79,-78,-78,-78,-79,-79,-80,
-81,-82,-82,-83,-83,-83,-83,-83,
-84,-84,-84,-85,-85,-85,-84,-84,
-84,-84,-83,-82,-81,-79,-76,-74,
-71,-69,-67,-66,-65,-65,-64,-63,
-62,-62,-61,-61,-60,-60,-60,-60,
-61,-61,-61,-61,-62,-62,-62,-62,
-62,-62,-62,-62,-62,-62,-61,-61,
-62,-62,-62,-63,-64,-65,-65,-66,
-67,-67,-67,-67,-67,-67,-68,-69,
-70,-70,-71,-71,-71,-71,-70,-70,
-70,-70,-70,-70,-71,-71,-71,-72,
-72,-73,-73,-73,-73,-73,-73,-73,
-72,-72,-72,-71,-71,-70,-70,-70,
-70,-70,-70,-70,-71,-71,-72,-72,
-73,-73,-72,-72,-72,-72,-71,-71,
-71,-71,-70,-69,-68,-67,-65,-64,
-62,-61,-60,-59,-58,-57,-56,-55,
-54,-53,-52,-51,-51,-51,-52,-53,
-54,-54,-55,-55,-55,-55,-54,-53,
-52,-51,-51,-52,-55,-59,-64,-68,
-71,-74,-75,-76,-76,-76,-76,-76,
-77,-77,-78,-78,-78,-78,-78,-77,
-77,-78,-78,-79,-79,-80,-81,-83,
-86,-89,-93,-97,-102,-107,-113,-118,
-121,-122,-118,-107,-87,-55,-13,36,
86,129,153,153,128,81,24,-31,
-74,-98,-106,-101,-91,-81,-74,-72,
-74,-77,-79,-81,-81,-81,-80,-79,
-79,-79,-80,-80,-81,-81,-81,-81,
-81,-80,-79,-79,-78,-78,-78,-78,
-79,-79,-80,-80,-80,-79,-79,-78,
-77,-77,-76,-76,-77,-77,-77,-77,
-77,-77,-77,-76,-76,-76,-76,-76,
-76,-76,-76,-76,-76,-76,-76,-76,
-76,-76,-75,-75,-75,-75,-75,-75,
-75,-75,-75,-75,-75,-76,-76,-76,
-76,-76,-76,-75,-75,-75,-75,-75,
-75,-76,-76,-76,-76,-75,-74,-73,
-71,-69,-67,-65,-64,-63,-62,-61,
-60,-59,-58,-57,-57,-56,-56,-56,
-56,-56,-57,-58,-58,-58,-58,-58,
-58,-58,-57,-57,-57,-58,-58,-59,
-59,-59,-59,-59,-59,-59,-60,-60,
-61,-61,-61,-61,-61,-62,-63,-64,
-64,-65,-65,-65,-64,-64,-64,-64,
-64,-64,-65,-65,-66,-67,-67,-67,
-68,-68,-68,-68,-68,-67,-67,-66,
-66,-66,-66,-66,-67,-68,-69,-70,
-70,-70,-70,-69,-69,-68,-68,-69,
-69,-70,-71,-71,-71,-71,-70,-69,
-68,-68,-67,-67,-67,-66,-65,-64,
-63,-61,-59,-58,-58,-57,-56,-56,
-55,-54,-53,-51,-50,-49,-48,-48,
-48,-48,-49,-49,-50,-51,-52,-53,
-53,-52,-52,-51,-51,-51,-53,-55,
-58,-62,-64,-66,-67,-68,-68,-68,
-68,-68,-68,-69,-70,-71,-72,-73,
-74,-74,-74,-74,-74,-74,-74,-73,
-73,-73,-73,-72,-72,-72,-72,-73,
-74,-78,-83,-90,-98,-106,-111,-110,
-100,-78,-42,3,55,102,134,145,
129,91,39,-15,-61,-91,-104,-103,
-94,-84,-77,-74,-75,-78,-81,-83,
-84,-83,-82,-80,-79,-79,-78,-78,
-78,-78,-78,-78,-78,-78,-79,-80,
-80,-81,-81,-81,-81,-81,-81,-81,
-81,-81,-81,-81,-81,-81,-82,-82,
-82,-82,-82,-81,-81,-80,-79,-78,
-78,-79,-80,-81,-82,-83,-83,-82,
-82,-81,-80,-80,-79,-80,-80,-80,
-80,-81,-81,-81,-80,-80,-81,-81,
-82,-83,-84,-85,-86,-87,-88,-89,
-90,-90,-90,-90,-89,-88,-87,-87,
-87,-87,-87,-87,-86,-85,-84,-83,
-81,-79,-77,-75,-74,-72,-70,-68,
-66,-64,-62,-61,-61,-61,-61,-62,
-62,-62,-62,-62,-61,-61,-61,-61,
-61,-62,-61,-61,-60,-59,-58,-58,
-58,-58,-59,-60,-60,-61,-61,-62,
-63,-63,-64,-64,-65,-65,-65,-65,
-65,-65,-65,-65,-65,-66,-66,-66,
-66,-66,-65,-65,-65,-65,-66,-66,
-66,-66,-65,-65,-65,-65,-66,-66,
-67,-68,-68,-67,-66,-66,-65,-65,
-64,-64,-65,-65,-66,-66,-66,-66,
-66,-66,-66,-66,-66,-66,-67,-67,
-67,-67,-66,-64,-62,-60,-58,-56,
-54,-53,-52,-51,-50,-49,-48,-47,
-46,-45,-45,-45,-45,-46,-47,-47,
-48,-48,-49,-49,-48,-48,-46,-44,
-43,-42,-43,-46,-49,-52,-56,-59,
-62,-65,-67,-68,-69,-69,-69,-69,
-69,-68,-68,-69,-69,-70,-71,-71,
-71,-71,-71,-71,-71,-71,-70,-70,
-71,-72,-74,-76,-79,-84,-89,-95,
-102,-107,-109,-104,-89,-62,-23,25,
76,122,151,156,135,92,37,-18,
-64,-93,-105,-103,-94,-83,-76,-72,
-72,-74,-77,-79,-80,-80,-80,-80,
-79,-79,-80,-80,-80,-80,-80,-81,
-81,-81,-81,-81,-80,-80,-80,-80,
-80,-80,-80,-80,-80,-80,-80,-80,
-80,-80,-80,-81,-81,-82,-82,-82,
-83,-83,-83,-82,-81,-81,-80,-79,
-79,-80,-80,-81,-81,-82,-82,-83,
-83,-83,-83,-83,-82,-82,-81,-80,
-80,-80,-79,-79,-80,-80,-81,-81,
-82,-83,-83,-84,-84,-85,-86,-87,
-87,-87,-87,-87,-88,-88,-88,-88,
-88,-88,-87,-87,-85,-83,-81,-78,
-75,-72,-69,-67,-65,-64,-62,-61,
-60,-59,-58,-58,-58,-58,-58,-58,
-58,-58,-57,-57,-56,-56,-56,-56,
-56,-55,-55,-55,-55,-55,-55,-55,
-56,-57,-57,-58,-58,-58,-59,-59,
-59,-59,-59,-60,-60,-61,-61,-62,
-63,-63,-63,-63,-63,-63,-63,-63,
-63,-64,-64,-64,-64,-63,-63,-63,
-63,-64,-64,-65,-65,-65,-65,-65,
-65,-65,-65,-65,-65,-64,-64,-64,
-63,-63,-63,-63,-64,-64,-64,-65,
-65,-65,-65,-65,-65,-65,-65,-64,
-64,-64,-64,-64,-64,-64,-64,-63,
-63,-62,-61,-60,-59,-57,-55,-54,
-52,-51,-50,-49,-48,-46,-45,-43,
-42,-41,-41,-41,-42,-43,-45,-46,
-47,-47,-47,-46,-45,-44,-44,-44,
-46,-49,-52,-56,-59,-62,-63,-64,
-65,-65,-66,-66,-67,-67,-67,-67,
-66,-66,-66,-66,-67,-67,-68,-68,
-68,-69,-68,-68,-68,-68,-68,-68,
-70,-72,-76,-80,-86,-93,-100,-105,
-106,-101,-87,-62,-25,22,74,124,
161,177,167,133,80,21,-31,-71,
-92,-97,-92,-82,-73,-69,-68,-70,
-73,-75,-76,-76,-76,-75,-74,-74,
-75,-75,-76,-77,-77,-78,-78,-79,
-79,-79,-79,-78,-78,-78,-78,-79,
-79,-79,-79,-78,-78,-77,-77,-76,
-76,-75,-75,-75,-75,-75,-74,-74,
-75,-75,-75,-75,-76,-76,-76,-76,
-76,-76,-76,-76,-76,-77,-76,-76,
-76,-76,-76,-76,-75,-75,-74,-74,
-73,-73,-73,-74,-75,-76,-76,-76,
-76,-76,-76,-76,-76,-77,-77,-77,
-77,-76,-76,-76,-75,-76,-76,-76,
-76,-76,-75,-75,-75,-74,-74,-73,
-72,-70,-68,-66,-64,-62,-61,-59,
-58,-57,-56,-56,-55,-55,-56,-56,
-56,-56,-56,-56,-56,-56,-56,-56,
-57,-57,-57,-57,-58,-58,-57,-57,
-57,-56,-56,-56,-56,-57,-57,-58,
-58,-58,-57,-56,-55,-55,-54,-54,
-54,-54,-54,-53,-52,-51,-50,-49,
-48,-47,-47,-47,-47,-47,-46,-46,
-45,-44,-44,-44,-44,-45,-47,-49,
-52,-54,-57,-60,-62,-63,-65,-66,
-67,-69,-70,-71,-71,-72,-73,-73,
-74,-74,-74,-74,-74,-73,-72,-72,
-71,-71,-70,-70,-70,-70,-70,-70,
-70,-70,-71,-73,-76,-80,-86,-93,
-100,-107,-112,-112,-107,-92,-67,-31,
14,64,112,147,163,154,121,70,
13,-37,-74,-94,-98,-92,-83,-75,
-71,-71,-73,-76,-78,-79,-79,-78,
-77,-77,-77,-78,-78,-79,-79,-79,
-79,-78,-78,-77,-78,-78,-79,-80,
-81,-81,-80,-80,-79,-78,-78,-77,
-77,-77,-77,-77,-78,-78,-79,-80,
-80,-80,-80,-79,-79,-78,-78,-78,
-78,-78,-77,-77,-77,-77,-76,-76,
-76,-76,-77,-77,-78,-78,-78,-78,
-78,-78,-78,-77,-77,-78,-78,-78,
-78,-78,-78,-77,-77,-77,-78,-78,
-79,-80,-80,-81,-82,-82,-82,-82,
-81,-80,-80,-79,-78,-78,-78,-77,
-77,-77,-76,-75,-74,-73,-72,-71,
-70,-69,-68,-68,-67,-66,-65,-63,
-62,-61,-61,-61,-61,-62,-63,-64,
-65,-65,-65,-64,-63,-62,-61,-60,
-60,-61,-61,-62,-62,-63,-63,-63,
-63,-63,-64,-63,-63,-63,-64,-64,
-65,-67,-68,-69,-70,-71,-70,-70,
-69,-69,-69,-70,-71,-71,-71,-71,
-71,-71,-70,-70,-70,-70,-70,-70,
-70,-70,-70,-70,-70,-70,-70,-70,
-70,-71,-71,-71,-71,-71,-71,-71,
-72,-73,-73,-74,-74,-74,-74,-74,
-74,-73,-72,-71,-70,-70,-69,-69,
-69,-70,-70,-70,-71,-71,-72,-73,
-74,-74,-75,-75,-75,-74,-74,-73,
-73,-72,-72,-72,-72,-72,-71,-71,
-70,-69,-68,-68,-68,-69,-70,-70,
-71,-71,-72,-72,-72,-72,-72,-73,
-72,-72,-72,-72,-72,-72,-73,-73,
-73,-72,-72,-71,-70,-69,-69,-69,
-69,-70,-70,-71,-71,-71,-71,-71,
-71,-70,-70,-69,-67,-66,-64,-62,
-61,-61,-60,-59,-58,-56,-55,-53,
-52,-51,-51,-51,-51,-52,-53,-54,
-54,-54,-55,-55,-56,-58,-58,-58,
-57,-56,-55,-55,-56,-58,-60,-63,
-66,-69,-71,-73,-73,-73,-73,-73,
-73,-73,-74,-75,-77,-78,-79,-80,
-80,-79,-79,-79,-79,-79,-79,-80,
-80,-82,-84,-87,-90,-95,-101,-106,
-110,-110,-105,-92,-69,-36,6,54,
101,141,164,165,145,105,53,0,
-47,-83,-104,-112,-110,-104,-96,-89,
-85,-83,-82,-82,-83,-83,-83,-84,
-85,-85,-86,-87,-88,-88,-88,-87,
-87,-87,-87,-86,-86,-86,-86,-86,
-86,-87,-87,-87,-87,-87,-87,-87,
-86,-86,-85,-85,-85,-85,-86,-86,
-86,-86,-86,-85,-85,-85,-86,-86,
-87,-88,-88,-88,-87,-87,-86,-86,
-85,-84,-84,-83,-83,-82,-82,-82,
-83,-83,-83,-83,-82,-82,-81,-81,
-81,-82,-83,-85,-86,-88,-89,-90,
-91,-92,-92,-93,-95,-96,-97,-98,
-99,-99,-99,-99,-99,-98,-98,-98,
-97,-97,-96,-94,-93,-92,-90,-88,
-87,-85,-83,-81,-79,-77,-75,-73,
-71,-70,-68,-67,-66,-64,-63,-62,
-61,-61,-61,-61,-61,-62,-62,-63,
-63,-64,-64,-64,-63,-63,-63,-63,
-63,-64,-64,-64,-64,-64,-65,-65,
-65,-65,-65,-65,-65,-65,-65,-65,
-64,-65,-65,-66,-67,-67,-68,-69,
-69,-70,-69,-69,-69,-68,-68,-68,
-68,-67,-67,-67,-67,-68,-68,-68,
-68,-68,-68,-68,-68,-69,-69,-70,
-71,-71,-72,-72,-71,-71,-70,-70,
-70,-70,-70,-70,-70,-70,-70,-70,
-70,-70,-69,-69,-69,-69,-69,-70,
-70,-71,-70,-69,-67,-65,-63,-61,
-59,-58,-57,-56,-55,-54,-53,-52,
-51,-50,-50,-50,-50,-51,-51,-52,
-53,-54,-55,-55,-54,-53,-52,-51,
-51,-52,-54,-57,-60,-63,-66,-69,
-70,-72,-73,-74,-74,-73,-73,-72,
-72,-72,-72,-72,-73,-73,-73,-74,
-74,-74,-75,-75,-75,-76,-76,-76,
-77,-78,-81,-84,-89,-96,-103,-110,
-114,-113,-106,-87,-58,-16,32,84,
128,157,162,141,98,42,-15,-63,
-95,-108,-108,-99,-88,-80,-75,-75,
-78,-81,-84,-85,-85,-84,-84,-83,
-83,-83,-83,-83,-82,-82,-81,-80,
-79,-79,-79,-79,-79,-79,-79,-80,
-80,-80,-80,-80,-80,-80,-80,-80,
-81,-81,-80,-80,-80,-81,-81,-81,
-81,-81,-81,-81,-81,-80,-80,-80,
-80,-79,-79,-79,-78,-79,-79,-80,
-80,-81,-81,-81,-81,-81,-81,-81,
-81,-81,-82,-82,-82,-83,-83,-82,
-83,-83,-83,-83,-83,-83,-83,-83,
-83,-83,-83,-83,-83,-83,-84,-84,
-84,-83,-82,-81,-79,-77,-75,-73,
-71,-69,-67,-66,-64,-63,-63,-62,
-61,-61,-60,-59,-59,-58,-57,-56,
-56,-56,-56,-56,-56,-56,-56,-57,
-57,-58,-58,-58,-58,-58,-58,-59,
-59,-59,-59,-59,-59,-59,-59,-60,
-60,-60,-61,-61,-61,-62,-62,-62,
-63,-63,-64,-64,-64,-64,-64,-65,
-65,-65,-66,-66,-66,-67,-66,-66,
-66,-66,-66,-66,-66,-67,-67,-68,
-68,-68,-68,-68,-68,-68,-67,-67,
-67,-67,-66,-66,-66,-66,-66,-65,
-65,-65,-65,-64,-64,-64,-64,-64,
-65,-65,-65,-65,-64,-64,-64,-64,
-65,-65,-64,-63,-62,-60,-57,-55,
-53,-51,-50,-49,-48,-47,-46,-45,
-44,-44,-44,-44,-45,-46,-47,-48,
-49,-49,-48,-47,-45,-44,-43,-43,
-45,-47,-50,-53,-56,-59,-61,-63,
-64,-66,-67,-67,-68,-68,-68,-68,
-68,-68,-69,-69,-70,-70,-70,-70,
-69,-68,-68,-67,-67,-68,-70,-73,
-78,-85,-94,-102,-108,-110,-103,-84,
-52,-7,45,98,141,164,161,132,
82,23,-31,-72,-94,-99,-92,-82,
-73,-68,-68,-70,-73,-76,-77,-78,
-77,-76,-76,-76,-77,-77,-78,-78,
-78,-78,-78,-78,-78,-78,-78,-78,
-78,-77,-77,-77,-76,-76,-76,-76,
-76,-76,-77,-77,-77,-77,-76,-76,
-75,-75,-75,-76,-76,-76,-76,-75,
-75,-74,-74,-73,-73,-73,-73,-74,
-74,-74,-74,-74,-75,-75,-75,-75,
-75,-75,-75,-75,-75,-75,-75,-75,
-75,-75,-75,-75,-75,-76,-76,-77,
-77,-77,-76,-76,-76,-76,-75,-75,
-75,-75,-74,-73,-72,-70,-69,-67,
-65,-65,-64,-64,-63,-63,-62,-60,
-58,-56,-55,-54,-53,-53,-52,-52,
-52,-53,-54,-54,-55,-55,-55,-55,
-55,-55,-54,-54,-54,-54,-55,-55,
-55,-56,-56,-56,-56,-55,-55,-55,
-55,-55,-56,-56,-57,-58,-59,-59,
-59,-59,-58,-58,-58,-59,-60,-61,
-61,-62,-62,-62,-62,-62,-62,-63,
-63,-62,-62,-62,-61,-61,-61,-61,
-61,-61,-62,-62,-62,-62,-62,-62,
-62,-63,-63,-63,-63,-63,-62,-61,
-60,-59,-58,-58,-59,-60,-60,-61,
-61,-61,-61,-61,-61,-61,-60,-60,
-58,-56,-54,-52,-50,-48,-47,-46,
-44,-43,-41,-40,-38,-37,-36,-36,
-37,-39,-40,-42,-43,-43,-43,-42,
-40,-39,-38,-38,-40,-43,-47,-50,
-54,-56,-58,-59,-60,-60,-60,-60,
-60,-60,-61,-61,-61,-61,-61,-61,
-62,-63,-64,-64,-65,-65,-65,-65,
-65,-65,-66,-68,-71,-76,-82,-90,
-97,-103,-104,-98,-81,-51,-10,38,
88,130,153,152,126,80,25,-26,
-66,-89,-96,-91,-82,-72,-66,-64,
-65,-67,-69,-70,-70,-69,-68,-67,
-67,-67,-68,-68,-69,-70,-71,-71,
-71,-71,-71,-71,-71,-71,-70,-70,
-70,-69,-69,-68,-68,-67,-67,-68,
-68,-68,-69,-69,-70,-70,-71,-71,
-71,-71,-72,-72,-72,-72,-71,-70,
-69,-68,-67,-66,-66,-67,-68,-69,
-70,-70,-71,-71,-71,-71,-70,-69,
-69,-68,-68,-68,-68,-68,-69,-70,
-71,-72,-73,-73,-73,-73,-73,-73,
-73,-73,-72,-72,-72,-71,-71,-70,
-69,-68,-67,-65,-64,-62,-61,-60,
-58,-57,-56,-56,-55,-54,-53,-52,
-51,-50,-50,-50,-50,-50,-50,-50,
-50,-50,-51,-51,-52,-53,-54,-55,
-55,-55,-55,-55,-55,-55,-55,-55,
-55,-56,-56,-56,-56,-56,-56,-56,
-56,-56,-57,-58,-59,-60,-61,-61,
-62,-62,-62,-61,-61,-62,-62,-62,
-63,-63,-63,-63,-62,-62,-62,-62,
-62,-63,-63,-63,-63,-63,-63,-62,
-61,-61,-61,-61,-61,-62,-62,-62,
-61,-61,-61,-61,-61,-61,-62,-62,
-62,-62,-62,-62,-61,-60,-58,-56,
-54,-53,-51,-50,-48,-47,-46,-44,
-43,-42,-42,-42,-42,-43,-44,-45,
-46,-48,-49,-49,-49,-48,-47,-47,
-47,-48,-50,-53,-57,-60,-62,-64,
-65,-66,-65,-64,-63,-63,-63,-64,
-65,-66,-67,-68,-69,-69,-70,-70,
-70,-71,-70,-70,-70,-70,-70,-70,
-72,-74,-78,-83,-90,-98,-104,-106,
-100,-84,-55,-15,33,82,123,147,
146,121,76,23,-28,-68,-92,-101,
-97,-88,-78,-72,-70,-71,-74,-77,
-78,-79,-78,-76,-75,-74,-74,-74,
-74,-74,-74,-74,-74,-75,-75,-75,
-76,-77,-77,-78,-78,-78,-79,-79,
-79,-79,-79,-79,-79,-78,-78,-77,
-77,-77,-77,-78,-78,-79,-79,-79,
-79,-79,-79,-79,-79,-79,-79,-79,
-79,-79,-79,-78,-78,-77,-77,-76,
-76,-76,-76,-76,-76,-76,-77,-77,
-78,-79,-80,-81,-82,-83,-84,-85,
-85,-86,-87,-88,-89,-89,-89,-88,
-88,-87,-87,-86,-86,-86,-85,-85,
-84,-83,-81,-79,-77,-75,-73,-71,
-69,-68,-66,-65,-64,-62,-61,-60,
-59,-58,-58,-57,-57,-57,-57,-57,
-57,-56,-56,-56,-55,-55,-55,-55,
-55,-56,-57,-57,-58,-59,-59,-59,
-59,-60,-60,-60,-60,-60,-60,-60,
-60,-60,-60,-60,-61,-61,-61,-61,
-61,-61,-60,-60,-60,-60,-60,-61,
-61,-62,-62,-63,-63,-64,-64,-64,
-64,-64,-64,-64,-64,-64,-63,-63,
-63,-63,-63,-63,-62,-62,-62,-62,
-62,-63,-64,-64,-65,-65,-65,-65,
-64,-64,-63,-63,-63,-63,-63,-62,
-62,-62,-62,-62,-62,-62,-61,-61,
-60,-60,-59,-58,-57,-56,-54,-53,
-52,-51,-50,-48,-47,-46,-45,-44,
-43,-42,-42,-42,-42,-42,-43,-43,
-44,-44,-45,-45,-45,-46,-46,-46,
-45,-44,-43,-42,-43,-45,-48,-52,
-55,-58,-61,-63,-64,-65,-65,-65,
-65,-65,-64,-64,-63,-63,-62,-63,
-63,-63,-64,-65,-66,-67,-68,-68,
-67,-67,-66,-66,-67,-68,-69,-72,
-76,-81,-88,-94,-100,-104,-102,-91,
-69,-35,9,60,111,151,173,170,
141,93,35,-19,-61,-87,-96,-92,
-83,-74,-69,-67,-68,-71,-74,-76,
-76,-76,-75,-74,-73,-73,-73,-74,
-74,-74,-74,-74,-73,-73,-72,-72,
-72,-71,-71,-71,-71,-71,-70,-70,
-70,-71,-71,-71,-72,-72,-71,-71,
-71,-71,-71,-71,-72,-72,-71,-71,
-71,-71,-71,-71,-71,-71,-71,-71,
-71,-71,-71,-72,-72,-72,-72,-72,
-72,-71,-71,-71,-70,-70,-70,-70,
-70,-71,-71,-71,-72,-72,-73,-73,
-74,-75,-75,-75,-76,-76,-76,-76,
-76,-76,-76,-76,-76,-75,-74,-72,
-70,-67,-64,-62,-60,-58,-57,-57,
-56,-55,-54,-54,-53,-52,-52,-51,
-51,-51,-50,-50,-49,-49,-49,-49,
-49,-49,-50,-50,-50,-50,-51,-50,
-50,-50,-50,-50,-50,-50,-51,-52,
-53,-54,-54,-54,-54,-54,-54,-54,
-54,-55,-55,-56,-56,-57,-57,-57,
-57,-57,-56,-56,-56,-57,-57,-57,
-58,-59,-59,-60,-60,-60,-61,-61,
-61,-61,-61,-61,-61,-62,-62,-62,
-62,-62,-61,-61,-61,-60,-60,-60,
-60,-60,-61,-61,-61,-62,-62,-62,
-62,-62,-62,-62,-62,-62,-61,-61,
-61,-60,-60,-59,-59,-59,-59,-58,
-58,-59,-59,-59,-59,-59,-58,-57,
-55,-53,-51,-50,-48,-48,-47,-47,
-46,-45,-44,-42,-41,-40,-40,-40,
-40,-41,-42,-42,-43,-43,-43,-42,
-42,-41,-39,-38,-38,-39,-42,-45,
-49,-53,-56,-59,-60,-62,-63,-63,
-64,-64,-65,-65,-66,-66,-66,-66,
-66,-66,-66,-67,-67,-67,-67,-67,
-66,-66,-66,-66,-68,-71,-75,-79,
-82,-86,-88,-91,-95,-99,-103,-107,
-109,-107,-99,-83,-58,-22,21,69,
115,149,165,156,125,76,20,-30,
-69,-91,-97,-92,-83,-75,-69,-68,
-69,-71,-73,-75,-75,-74,-74,-73,
-73,-73,-73,-73,-73,-73,-73,-73,
-73,-72,-72,-72,-72,-72,-72,-72,
-72,-72,-72,-72,-73,-73,-74,-74,
-74,-74,-73,-73,-72,-71,-71,-71,
-70,-70,-71,-71,-72,-72,-72,-72,
-72,-72,-72,-72,-72,-73,-73,-73,
-73,-72,-71,-71,-71,-72,-73,-74,
-74,-74,-73,-73,-72,-72,-71,-71,
-71,-71,-72,-73,-74,-75,-75,-76,
-76,-75,-75,-74,-74,-74,-74,-74,
-74,-73,-73,-72,-71,-69,-68,-66,
-64,-63,-62,-61,-60,-58,-57,-56,
-55,-54,-53,-53,-53,-53,-53,-54,
-54,-54,-54,-53,-53,-53,-52,-51,
-50,-50,-50,-50,-51,-52,-54,-55,
-56,-56,-57,-56,-56,-55,-55,-55,
-56,-56,-57,-58,-59,-59,-59,-59,
-59,-59,-58,-58,-59,-59,-59,-60,
-61,-61,-62,-62,-62,-62,-63,-63,
-64,-64,-64,-65,-65,-65,-64,-64,
-63,-63,-63,-63,-63,-63,-63,-64,
-64,-64,-64,-64,-63,-63,-63,-63,
-64,-64,-65,-66,-66,-66,-66,-66,
-65,-65,-64,-64,-64,-64,-64,-63,
-63,-61,-60,-57,-55,-53,-52,-52,
-51,-51,-51,-50,-49,-47,-45,-44,
-43,-43,-44,-44,-45,-45,-46,-46,
-47,-48,-48,-49,-48,-47,-46,-45,
-45,-45,-47,-49,-52,-54,-56,-58,
-60,-62,-64,-65,-67,-68,-68,-69,
-69,-69,-70,-70,-70,-70,-70,-71,
-71,-71,-71,-71,-71,-71,-71,-71,
-71,-73,-76,-80,-86,-93,-100,-106,
-110,-109,-101,-82,-53,-13,32,79,
119,142,143,122,81,31,-19,-61,
-89,-102,-103,-97,-88,-82,-78,-77,
-78,-80,-81,-82,-82,-81,-80,-79,
-79,-78,-78,-79,-79,-80,-80,-81,
-81,-81,-81,-80,-80,-79,-79,-78,
-78,-78,-78,-78,-79,-80,-81,-81,
-82,-82,-82,-83,-83,-83,-83,-83,
-83,-84,-84,-84,-84,-83,-83,-82,
-81,-81,-81,-81,-81,-82,-82,-82,
-82,-82,-82,-82,-82,-82,-82,-82,
-82,-82,-81,-81,-81,-80,-81,-81,
-81,-82,-82,-83,-84,-85,-86,-87,
-88,-88,-88,-87,-87,-87,-87,-87,
-88,-88,-88,-87,-86,-85,-83,-81,
-79,-77,-76,-75,-73,-72,-70,-68,
-66,-64,-63,-62,-62,-62,-62,-63,
-63,-63,-63,-63,-63,-62,-62,-62,
-61,-61,-61,-61,-61,-61,-62,-62,
-63,-63,-64,-64,-65,-65,-65,-64,
-64,-64,-64,-64,-63,-62,-62,-62,
-63,-63,-64,-65,-66,-67,-68,-69,
-69,-70,-70,-70,-70,-69,-69,-69,
-69,-69,-69,-69,-69,-68,-69,-69,
-69,-69,-70,-70,-70,-70,-71,-71,
-71,-71,-71,-71,-71,-71,-70,-69,
-69,-68,-68,-68,-68,-68,-68,-69,
-69,-69,-69,-69,-69,-69,-69,-68,
-68,-68,-68,-68,-68,-67,-66,-65,
-64,-62,-61,-60,-58,-57,-56,-54,
-53,-51,-49,-48,-47,-47,-48,-48,
-49,-51,-52,-53,-54,-55,-54,-54,
-53,-52,-53,-54,-57,-60,-63,-66,
-68,-70,-71,-71,-71,-72,-72,-72,
-72,-73,-73,-74,-74,-74,-74,-75,
-75,-75,-75,-75,-75,-75,-75,-74,
-74,-74,-75,-76,-78,-81,-85,-90,
-96,-101,-106,-108,-104,-93,-72,-40,
1,49,96,134,156,154,130,86,
33,-19,-62,-90,-103,-103,-97,-89,
-82,-79,-78,-79,-80,-81,-81,-80,
-80,-80,-80,-80,-81,-81,-81,-82,
-82,-82,-83,-83,-84,-84,-85,-85,
-85,-85,-84,-84,-84,-84,-84,-84,
-84,-83,-83,-83,-83,-83,-83,-83,
-83,-83,-82,-82,-82,-82,-83,-83,
-84,-84,-85,-85,-85,-85,-85,-85,
-85,-85,-85,-85,-85,-85,-85,-84,
-84,-84,-83,-83,-82,-82,-82,-83,
-83,-84,-85,-85,-85,-86,-87,-87,
-89,-90,-91,-92,-93,-94,-94,-94,
-94,-94,-94,-93,-92,-90,-89,-87,
-85,-83,-81,-79,-77,-76,-75,-74,
-73,-72,-71,-70,-69,-68,-67,-66,
-65,-64,-64,-63,-63,-63,-63,-63,
-63,-63,-63,-63,-63,-63,-64,-64,
-64,-65,-65,-65,-66,-66,-66,-66,
-66,-66,-66,-65,-66,-66,-67,-67,
-68,-68,-68,-68,-68,-68,-68,-68,
-69,-69,-70,-70,-70,-70,-70,-69,
-68,-68,-67,-67,-67,-67,-67,-68,
-68,-69,-69,-70,-70,-71,-71,-71,
-71,-71,-71,-70,-70,-70,-70,-70,
-70,-70,-70,-70,-70,-70,-70,-70,
-69,-69,-68,-68,-67,-67,-68,-68,
-68,-69,-69,-69,-68,-67,-66,-64,
-62,-60,-59,-57,-56,-55,-55,-54,
-52,-50,-49,-47,-46,-45,-45,-45,
-46,-47,-48,-49,-50,-50,-50,-50,
-49,-48,-49,-50,-52,-55,-59,-62,
-64,-66,-68,-69,-70,-70,-70,-70,
-69,-69,-68,-68,-69,-69,-70,-71,
-72,-73,-73,-73,-73,-73,-73,-73,
-73,-73,-73,-74,-75,-77,-80,-85,
-91,-99,-105,-108,-105,-92,-68,-32,
14,66,115,151,167,156,122,70,
12,-38,-76,-95,-100,-94,-84,-76,
-72,-72,-75,-78,-80,-82,-81,-80,
-79,-79,-78,-78,-78,-78,-78,-78,
-78,-78,-78,-78,-79,-79,-79,-79,
-79,-80,-79,-79,-79,-79,-79,-79,
-79,-79,-79,-79,-79,-78,-77,-77,
-76,-76,-76,-76,-76,-77,-77,-77,
-78,-78,-77,-77,-77,-76,-76,-77,
-77,-77,-77,-77,-77,-76,-76,-75,
-74,-74,-74,-74,-74,-74,-74,-74,
-75,-76,-77,-77,-78,-78,-79,-79,
-79,-78,-78,-77,-77,-77,-77,-76,
-76,-75,-73,-72,-70,-68,-65,-63,
-62,-60,-59,-58,-57,-56,-55,-55,
-55,-55,-55,-55,-55,-55,-55,-55,
-55,-55,-55,-55,-55,-55,-55,-54,
-54,-54,-54,-54,-54,-55,-56,-57,
-57,-57,-57,-57,-57,-57,-57,-58,
-58,-58,-58,-58,-58,-58,-58,-58,
-58,-59,-59,-59,-59,-59,-59,-60,
-60,-60,-61,-61,-62,-62,-63,-63,
-64,-63,-63,-63,-63,-62,-62,-62,
-62,-62,-62,-61,-61,-61,-61,-61,
-61,-61,-61,-61,-62,-63,-63,-64,
-64,-63,-63,-63,-62,-62,-62,-61,
-61,-61,-61,-60,-58,-56,-54,-51,
-49,-47,-46,-45,-46,-46,-46,-45,
-44,-43,-41,-40,-39,-39,-39,-39,
-40,-41,-42,-43,-44,-45,-46,-47,
-46,-45,-44,-42,-41,-41,-43,-46,
-49,-53,-57,-60,-62,-64,-65,-66,
-66,-66,-66,-66,-66,-66,-67,-68,
-69,-70,-70,-70,-70,-69,-68,-68,
-68,-68,-70,-72,-77,-82,-89,-97,
-104,-108,-107,-97,-76,-42,1,51,
98,134,150,141,109,61,7,-40,
-75,-93,-96,-90,-81,-73,-69,-68,
-70,-72,-73,-74,-73,-73,-72,-72,
-73,-73,-74,-74,-75,-75,-75,-76,
-76,-76,-76,-76,-75,-75,-75,-75,
-74,-74,-73,-73,-72,-71,-71,-71,
-71,-71,-72,-72,-72,-73,-73,-73,
-73,-73,-73,-74,-74,-75,-75,-74,
-74,-73,-72,-72,-71,-71,-71,-71,
-70,-70,-69,-69,-69,-69,-69,-69,
-69,-70,-70,-71,-71,-72,-72,-73,
-73,-74,-73,-73,-73,-72,-72,-73,
-73,-73,-74,-74,-74,-74,-74,-73,
-73,-72,-71,-70,-69,-68,-68,-67,
-66,-66,-65,-64,-63,-61,-60,-59,
-58,-57,-56,-56,-55,-55,-55,-54,
-54,-53,-53,-53,-52,-52,-52,-52,
-53,-53,-55,-56,-56,-57,-58,-58,
-59,-59,-59,-59,-59,-59,-59,-60,
-60,-60,-60,-61,-61,-62,-62,-62,
-61,-61,-61,-61,-60,-60,-60,-61,
-61,-62,-63,-64,-65,-65,-66,-66,
-65,-65,-64,-64,-64,-64,-64,-64,
-64,-65,-65,-66,-66,-66,-66,-66,
-66,-65,-65,-65,-65,-65,-66,-66,
-66,-65,-65,-64,-64,-63,-63,-63,
-63,-64,-65,-65,-64,-62,-60,-58,
-56,-54,-53,-52,-52,-53,-52,-52,
-51,-50,-48,-47,-47,-46,-46,-47,
-47,-47,-47,-46,-46,-46,-46,-46,
-46,-46,-47,-48,-51,-55,-58,-62,
-66,-68,-69,-70,-70,-69,-69,-69,
-69,-69,-69,-70,-70,-70,-70,-70,
-70,-70,-70,-70,-70,-70,-72,-75,
-79,-84,-91,-97,-102,-105,-104,-99,
-90,-76,-55,-27,7,48,92,134,
168,187,187,168,130,81,27,-21,
-60,-84,-96,-96,-91,-83,-77,-74,
-74,-75,-78,-80,-81,-82,-81,-80,
-79,-78,-78,-78,-79,-79,-80,-80,
-79,-79,-78,-78,-78,-79,-80,-80,
-80,-80,-80,-79,-79,-80,-81,-82,
-82,-83,-82,-82,-82,-81,-81,-81,
-80,-80,-79,-78,-78,-78,-78,-79,
-80,-81,-82,-82,-81,-81,-80,-80,
-80,-80,-80,-80,-79,-79,-78,-77,
-77,-77,-77,-78,-79,-80,-82,-84,
-86,-88,-89,-90,-91,-91,-91,-91,
-92,-92,-92,-92,-92,-91,-90,-89,
-88,-86,-84,-82,-80,-78,-76,-73,
-71,-69,-67,-65,-64,-63,-63,-63,
-63,-63,-62,-62,-61,-61,-61,-61,
-61,-62,-62,-62,-62,-62,-62,-62,
-61,-61,-61,-61,-61,-61,-61,-62,
-62,-63,-64,-65,-65,-66,-66,-66,
-65,-65,-65,-65,-66,-67,-67,-68,
-69,-70,-70,-70,-69,-68,-67,-67,
-66,-66,-66,-66,-67,-67,-68,-69,
-69,-70,-70,-71,-71,-71,-70,-70,
-70,-69,-68,-68,-68,-68,-69,-70,
-71,-71,-71,-71,-71,-70,-70,-69,
-69,-69,-69,-69,-69,-69,-69,-68,
-68,-66,-65,-63,-61,-58,-57,-56,
-55,-54,-53,-51,-50,-49,-48,-47,
-47,-47,-48,-49,-50,-51,-52,-52,
-53,-52,-52,-51,-50,-49,-48,-49,
-51,-53,-56,-60,-63,-66,-68,-70,
-72,-73,-73,-73,-73,-72,-71,-71,
-71,-71,-71,-71,-71,-70,-70,-70,
-70,-71,-71,-71,-71,-72,-72,-74,
-78,-83,-90,-99,-107,-112,-111,-102,
-80,-45,1,54,106,145,163,154,
120,68,10,-42,-80,-100,-105,-99,
-89,-80,-76,-75,-76,-79,-80,-81,
-80,-79,-79,-78,-78,-79,-79,-79,
-79,-79,-79,-78,-78,-77,-77,-77,
-77,-78,-78,-79,-79,-80,-80,-80,
-80,-79,-78,-78,-77,-77,-77,-78,
-78,-79,-79,-79,-80,-80,-80,-80,
-81,-81,-81,-81,-81,-81,-81,-80,
-80,-79,-79,-79,-78,-78,-78,-78,
-78,-78,-78,-78,-78,-79,-79,-80,
-81,-82,-82,-83,-84,-84,-84,-85,
-85,-86,-86,-87,-87,-87,-87,-87,
-86,-85,-84,-83,-81,-80,-78,-76,
-74,-72,-70,-68,-67,-66,-64,-63,
-62,-61,-60,-59,-59,-58,-58,-58,
-58,-58,-58,-58,-57,-57,-57,-56,
-56,-55,-55,-55,-55,-56,-56,-57,
-58,-58,-58,-57,-57,-57,-57,-58,
-59,-60,-60,-60,-60,-60,-60,-60,
-60,-61,-61,-62,-62,-62,-61,-61,
-61,-61,-61,-62,-62,-62,-63,-63,
-63,-64,-64,-64,-64,-64,-63,-63,
-63,-62,-62,-62,-62,-62,-62,-62,
-63,-63,-63,-63,-63,-63,-62,-61,
-60,-60,-59,-59,-60,-60,-61,-61,
-62,-62,-62,-62,-62,-62,-61,-61,
-62,-62,-62,-62,-61,-59,-56,-53,
-50,-48,-46,-45,-45,-44,-44,-42,
-41,-40,-39,-38,-39,-40,-41,-42,
-43,-44,-45,-45,-46,-46,-45,-44,
-43,-42,-41,-42,-44,-47,-50,-53,
-55,-57,-59,-60,-61,-62,-63,-64,
-65,-66,-66,-67,-67,-67,-68,-68,
-68,-68,-69,-69,-69,-70,-70,-70,
-69,-69,-69,-69,-69,-70,-73,-77,
-82,-89,-95,-102,-106,-106,-99,-83,
-56,-18,29,82,132,169,185,176,
141,87,27,-28,-70,-94,-101,-96,
-86,-77,-70,-68,-68,-70,-72,-73,
-74,-74,-73,-73,-73,-74,-74,-75,
-76,-76,-77,-77,-77,-77,-77,-77,
-77,-77,-76,-76,-76,-76,-75,-75,
-74,-74,-73,-73,-73,-73,-73,-73,
-74,-75,-76,-76,-76,-76,-76,-75,
-75,-75,-75,-75,-75,-75,-75,-75,
-76,-76,-76,-75,-75,-75,-74,-73,
-73,-73,-73,-73,-73,-74,-74,-74,
-74,-74,-74,-74,-75,-75,-75,-76,
-77,-77,-78,-78,-78,-78,-78,-78,
-78,-78,-78,-78,-77,-77,-77,-77,
-77,-77,-77,-77,-77,-76,-75,-73,
-71,-69,-68,-66,-65,-64,-63,-62,
-61,-60,-58,-57,-56,-55,-54,-54,
-54,-54,-54,-54,-54,-54,-54,-54,
-54,-54,-55,-55,-55,-55,-55,-55,
-56,-56,-56,-57,-57,-57,-57,-56,
-56,-55,-55,-56,-56,-57,-58,-59,
-60,-61,-61,-61,-62,-62,-62,-62,
-62,-62,-63,-63,-63,-64,-64,-64,
-64,-65,-65,-65,-65,-64,-64,-63,
-62,-61,-61,-62,-62,-63,-64,-65,
-66,-66,-66,-66,-66,-66,-66,-67,
-67,-67,-67,-67,-67,-67,-67,-67,
-67,-67,-67,-66,-66,-66,-65,-65,
-64,-64,-63,-63,-63,-62,-62,-62,
-61,-61,-60,-60,-59,-58,-57,-56,
-54,-53,-52,-51,-50,-49,-48,-47,
-46,-46,-45,-44,-44,-44,-44,-44,
-45,-45,-46,-47,-48,-48,-48,-47,
-45,-44,-43,-44,-46,-49,-53,-57,
-61,-63,-65,-67,-67,-68,-68,-68,
-68,-68,-68,-68,-69,-69,-69,-70,
-70,-69,-69,-69,-69,-70,-70,-70,
-70,-70,-71,-71,-71,-72,-75,-78,
-83,-90,-97,-104,-109,-111,-107,-95,
-74,-42,-1,45,93,134,160,163,
142,101,47,-7,-53,-84,-98,-98,
-91,-81,-74,-70,-69,-70,-72,-73,
-74,-74,-73,-73,-73,-73,-73,-74,
-74,-75,-76,-76,-76,-76,-77,-77,
-77,-77,-77,-76,-76,-75,-74,-74,
-74,-74,-75,-75,-76,-76,-76,-76,
-76,-75,-75,-75,-75,-75,-75,-75,
-76,-76,-76,-77,-77,-77,-77,-77,
-77,-76,-75,-75,-74,-74,-74,-74,
-74,-73,-73,-73,-73,-73,-73,-73,
-74,-75,-75,-76,-77,-78,-78,-78,
-78,-78,-77,-77,-78,-78,-79,-79,
-79,-80,-80,-79,-79,-79,-78,-78,
-77,-77,-76,-74,-73,-71,-69,-68,
-66,-65,-64,-63,-62,-61,-60,-58,
-57,-56,-55,-54,-54,-55,-55,-56,
-57,-58,-59,-59,-59,-59,-59,-59,
-59,-59,-59,-60,-60,-60,-61,-61,
-62,-62,-62,-62,-61,-60,-59,-59,
-59,-59,-60,-62,-63,-64,-65,-65,
-64,-64,-64,-64,-65,-65,-66,-66,
-66,-66,-65,-65,-64,-64,-64,-64,
-64,-65,-65,-64,-64,-64,-64,-65,
-65,-65,-66,-66,-66,-66,-66,-66,
-66,-66,-66,-67,-67,-66,-66,-65,
-64,-63,-63,-63,-63,-64,-64,-64,
-64,-64,-63,-63,-62,-61,-60,-58,
-57,-56,-55,-54,-53,-52,-51,-50,
-49,-48,-46,-45,-44,-44,-44,-45,
-45,-46,-47,-47,-48,-49,-49,-49,
-48,-47,-46,-46,-47,-50,-53,-57,
-61,-65,-68,-70,-71,-71,-72,-71,
-71,-71,-71,-71,-71,-71,-71,-71,
-70,-69,-69,-69,-69,-69,-70,-70,
-70,-70,-71,-72,-74,-76,-78,-82,
-85,-89,-93,-98,-104,-109,-112,-109,
-98,-76,-42,1,51,100,139,158,
153,123,75,19,-33,-74,-98,-106,
-103,-94,-85,-79,-76,-77,-79,-80,
-81,-81,-81,-80,-80,-80,-79,-79,
-79,-79,-78,-78,-78,-79,-79,-80,
-80,-81,-81,-81,-81,-82,-82,-83,
-83,-83,-82,-82,-82,-81,-81,-81,
-81,-81,-81,-81,-80,-80,-80,-80,
-80,-81,-81,-81,-81,-81,-81,-81,
-81,-81,-81,-81,-81,-81,-81,-81,
-81,-81,-81,-81,-82,-82,-83,-84,
-85,-85,-86,-86,-86,-87,-88,-89,
-90,-91,-92,-93,-93,-93,-92,-92,
-92,-92,-92,-91,-90,-88,-87,-85,
-83,-80,-78,-76,-73,-72,-70,-69,
-68,-67,-66,-66,-65,-64,-64,-63,
-63,-62,-61,-61,-60,-60,-61,-61,
-62,-63,-64,-65,-65,-65,-65,-65,
-65,-64,-64,-64,-63,-63,-63,-63,
-63,-63,-64,-65,-66,-67,-68,-68,
-67,-67,-66,-65,-65,-65,-66,-67,
-68,-69,-69,-70,-70,-70,-70,-70,
-71,-71,-71,-71,-71,-71,-71,-71,
-71,-71,-71,-70,-69,-69,-68,-68,
-67,-67,-68,-68,-68,-68,-69,-69,
-69,-69,-69,-69,-69,-69,-69,-69,
-69,-68,-67,-65,-63,-62,-60,-58,
-57,-56,-54,-53,-51,-50,-48,-47,
-46,-46,-47,-47,-48,-50,-51,-52,
-53,-53,-52,-51,-50,-48,-47,-48,
-49,-52,-56,-60,-63,-66,-67,-68,
-69,-70,-70,-71,-72,-72,-72,-72,
-72,-72,-72,-72,-72,-72,-73,-73,
-73,-73,-74,-75,-75,-76,-76,-75,
-75,-75,-76,-79,-84,-90,-98,-106,
-112,-112,-104,-86,-54,-10,41,94,
138,165,168,144,98,41,-15,-62,
-91,-103,-101,-92,-82,-74,-71,-72,
-74,-77,-79,-79,-79,-78,-77,-77,
-77,-77,-77,-78,-79,-79,-79,-79,
-78,-78,-77,-77,-77,-77,-77,-76,
-76,-75,-75,-74,-74,-75,-75,-76,
-76,-77,-77,-77,-77,-77,-77,-77,
-77,-77,-77,-77,-77,-77,-77,-77,
-77,-77,-77,-76,-76,-76,-76,-75,
-74,-74,-73,-73,-74,-75,-76,-77,
-77,-78,-78,-78,-78,-78,-79,-79,
-80,-81,-81,-82,-83,-83,-83,-83,
-83,-82,-82,-81,-80,-79,-77,-76,
-74,-72,-71,-69,-67,-65,-63,-61,
-60,-59,-58,-57,-56,-56,-56,-55,
-55,-54,-54,-53,-53,-53,-52,-52,
-51,-51,-51,-51,-50,-50,-51,-51,
-52,-52,-53,-54,-55,-55,-56,-56,
-56,-56,-56,-56,-56,-56,-56,-57,
-57,-58,-58,-58,-58,-58,-58,-58,
-58,-59,-59,-60,-60,-60,-61,-61,
-62,-62,-62,-62,-62,-62,-62,-62,
-61,-61,-61,-61,-61,-61,-61,-61,
-61,-61,-61,-60,-60,-60,-61,-61,
-61,-61,-61,-61,-62,-62,-62,-62,
-61,-61,-61,-61,-61,-61,-60,-59,
-57,-55,-53,-51,-49,-48,-48,-47,
-47,-47,-46,-45,-44,-43,-42,-41,
-40,-40,-40,-40,-41,-42,-43,-44,
-45,-45,-44,-43,-41,-39,-39,-39,
-41,-45,-49,-53,-57,-61,-63,-65,
-66,-66,-67,-67,-67,-67,-67,-67,
-68,-68,-68,-68,-68,-67,-67,-66,
-66,-65,-64,-65,-67,-71,-78,-86,
-95,-103,-108,-108,-102,-90,-73,-52,
-27,0,32,68,106,144,177,200,
205,189,152,98,38,-17,-59,-84,
-92,-88,-80,-71,-67,-66,-68,-72,
-75,-77,-77,-77,-76,-75,-75,-75,
-75,-75,-75,-76,-76,-76,-76,-76,
-76,-76,-76,-75,-74,-74,-73,-72,
-72,-72,-72,-72,-73,-73,-74,-74,
-74,-74,-75,-75,-75,-75,-75,-75,
-75,-75,-75,-74,-74,-74,-73,-73,
-73,-73,-73,-73,-73,-74,-74,-74,
-74,-74,-74,-74,-74,-74,-74,-74,
-75,-75,-75,-75,-75,-75,-75,-75,
-75,-75,-74,-74,-74,-74,-75,-75,
-75,-75,-75,-74,-73,-72,-70,-68,
-66,-64,-63,-61,-60,-60,-59,-59,
-59,-58,-57,-56,-55,-54,-53,-53,
-52,-53,-53,-53,-54,-54,-54,-55,
-55,-55,-55,-55,-55,-55,-55,-56,
-56,-57,-57,-57,-57,-57,-56,-56,
-56,-56,-56,-57,-59,-60,-62,-63,
-63,-64,-64,-64,-64,-64,-64,-64,
-64,-65,-64,-64,-64,-64,-64,-64,
-64,-64,-64,-65,-65,-65,-65,-65,
-65,-65,-65,-65,-65,-65,-65,-65,
-65,-65,-64,-63,-63,-62,-62,-61,
-61,-61,-61,-61,-60,-59,-58,-57,
-56,-54,-53,-52,-51,-50,-49,-48,
-47,-45,-43,-41,-40,-38,-38,-38,
-39,-40,-41,-42,-42,-42,-41,-41,
-42,-43,-44,-44,-44,-44,-43,-42,
-42,-43,-45,-48,-52,-56,-59,-63,
-65,-66,-67,-67,-66,-66,-65,-65,
-65,-65,-65,-66,-66,-67,-68,-68,
-69,-69,-69,-69,-70,-72,-75,-79,
-84,-91,-99,-107,-112,-113,-105,-87,
-55,-12,38,90,132,156,156,130,
84,28,-25,-67,-93,-103,-100,-92,
-82,-76,-73,-73,-74,-75,-76,-77,
-77,-77,-78,-78,-78,-78,-77,-77,
-77,-76,-76,-77,-77,-78,-78,-79,
-79,-78,-78,-78,-78,-78,-78,-78,
-78,-78,-78,-77,-77,-76,-76,-75,
-75,-75,-74,-74,-74,-74,-75,-76,
-76,-77,-78,-78,-78,-78,-78,-77,
-77,-78,-78,-79,-79,-78,-77,-77,
-76,-76,-75,-75,-75,-75,-75,-76,
-76,-77,-79,-80,-81,-82,-82,-82,
-82,-81,-82,-82,-83,-83,-84,-85,
-85,-85,-84,-83,-82,-80,-78,-76,
-74,-72,-71,-69,-67,-66,-65,-64,
-63,-63,-63,-62,-62,-62,-62,-62,
-62,-62,-62,-61,-61,-60,-60,-59,
-58,-58,-58,-58,-58,-59,-59,-59,
-59,-59,-59,-59,-60,-61,-61,-62,
-63,-63,-64,-63,-63,-63,-63,-63,
-63,-63,-62,-62,-62,-62,-62,-62,
-62,-63,-64,-64,-65,-66,-66,-66,
-67,-67,-67,-67,-68,-68,-68,-68,
-68,-68,-67,-67,-67,-67,-66,-66,
-66,-66,-67,-67,-68,-68,-67,-67,
-66,-66,-66,-66,-67,-67,-67,-66,
-65,-63,-61,-59,-57,-55,-54,-52,
-51,-50,-48,-47,-46,-45,-45,-46,
-47,-48,-48,-48,-47,-47,-46,-47,
-47,-49,-50,-51,-51,-51,-49,-48,
-48,-49,-51,-54,-58,-62,-66,-69,
-71,-72,-72,-72,-72,-71,-71,-71,
-71,-72,-72,-72,-72,-72,-72,-71,
-71,-71,-71,-71,-71,-72,-72,-73,
-75,-77,-80,-84,-89,-96,-103,-109,
-111,-106,-90,-61,-20,30,83,129,
159,164,143,99,43,-13,-61,-92,
-106,-106,-98,-88,-80,-76,-76,-77,
-79,-80,-81,-81,-80,-80,-80,-80,
-80,-81,-81,-82,-82,-83,-84,-85,
-86,-86,-86,-85,-84,-83,-83,-83,
-83,-84,-85,-85,-85,-85,-84,-83,
-83,-83,-83,-84,-84,-85,-85,-85,
-84,-84,-84,-84,-84,-84,-84,-83,
-83,-83,-83,-83,-84,-84,-84,-84,
-84,-84,-83,-83,-83,-83,-83,-84,
-84,-85,-85,-86,-86,-87,-87,-88,
-89,-90,-91,-92,-94,-95,-96,-96,
-97,-96,-96,-95,-94,-93,-93,-92,
-91,-90,-89,-88,-86,-85,-83,-81,
-79,-77,-76,-74,-72,-71,-69,-68,
-67,-67,-66,-66,-66,-66,-65,-65,
-64,-64,-63,-63,-63,-63,-63,-63,
-63,-63,-64,-64,-64,-65,-66,-66,
-67,-68,-68,-68,-67,-67,-67,-67,
-68,-69,-70,-71,-71,-71,-71,-71,
-70,-70,-70,-70,-70,-71,-71,-71,
-72,-72,-73,-73,-74,-75,-75,-76,
-76,-76,-76,-75,-75,-75,-74,-74,
-74,-74,-74,-74,-74,-73,-73,-73,
-73,-73,-73,-74,-74,-74,-74,-74,
-73,-74,-74,-74,-74,-74,-74,-73,
-73,-72,-72,-71,-70,-69,-68,-67,
-66,-64,-63,-62,-61,-60,-60,-59,
-57,-56,-55,-53,-53,-52,-52,-53,
-54,-54,-55,-56,-57,-57,-58,-58,
-57,-56,-55,-53,-53,-53,-55,-58,
-62,-67,-71,-74,-76,-77,-78,-78,
-78,-78,-78,-79,-79,-80,-80,-80,
-80,-80,-80,-80,-80,-80,-80,-79,
-79,-79,-81,-83,-88,-95,-103,-111,
-117,-121,-121,-117,-109,-97,-81,-60,
-31,5,49,97,139,167,173,152,
108,49,-10,-62,-96,-111,-111,-103,
-93,-85,-82,-83,-86,-89,-92,-93,
-93,-92,-91,-91,-90,-89,-89,-89,
-90,-90,-89,-89,-89,-89,-89,-89,
-89,-90,-90,-90,-90,-89,-89,-88,
-88,-87,-87,-87,-88,-88,-89,-89,
-89,-89,-89,-89,-89,-89,-89,-89,
-89,-89,-89,-89,-89,-89,-89,-90,
-90,-90,-90,-90,-90,-90,-89,-88,
-88,-88,-88,-88,-88,-88,-89,-89,
-89,-89,-89,-89,-89,-89,-90,-90,
-91,-92,-93,-93,-93,-93,-92,-92,
-92,-92,-92,-92,-91,-90,-89,-88,
-86,-85,-84,-83,-82,-80,-78,-77,
-75,-74,-72,-71,-70,-69,-69,-68,
-68,-68,-68,-69,-68,-68,-68,-67,
-66,-66,-65,-66,-66,-67,-68,-68,
-69,-69,-70,-70,-70,-70,-70,-71,
-71,-71,-71,-71,-72,-72,-72,-73,
-73,-73,-73,-73,-73,-74,-74,-74,
-74,-75,-76,-76,-77,-77,-78,-78,
-78,-78,-79,-79,-80,-80,-81,-81,
-81,-81,-81,-82,-82,-82,-82,-82,
-81,-81,-81,-80,-80,-80,-80,-80,
-80,-80,-80,-81,-81,-81,-81,-81,
-81,-81,-81,-80,-80,-80,-80,-80,
-79,-79,-78,-77,-75,-73,-72,-70,
-69,-68,-68,-67,-67,-67,-66,-66,
-64,-63,-62,-61,-60,-60,-61,-61,
-62,-62,-63,-63,-62,-62,-61,-60,
-60,-60,-60,-62,-66,-69,-73,-77,
-79,-81,-83,-84,-84,-84,-84,-84,
-84,-84,-85,-85,-85,-85,-86,-86,
-86,-86,-86,-86,-86,-86,-87,-87,
-88,-88,-89,-91,-94,-99,-106,-113,
-121,-127,-130,-124,-108,-80,-39,11,
65,113,145,152,132,89,31,-27,
-76,-108,-122,-120,-111,-100,-92,-88,
-88,-91,-94,-96,-97,-97,-96,-95,
-95,-95,-95,-95,-96,-97,-97,-98,
-98,-98,-98,-97,-97,-97,-97,-96,
-96,-96,-96,-96,-96,-96,-97,-98,
-98,-98,-98,-97,-96,-96,-95,-95,
-95,-95,-96,-97,-97,-97,-97,-97,
-97,-98,-98,-98,-98,-98,-98,-98,
-97,-97,-97,-97,-97,-97,-97,-97,
-96,-96,-95,-95,-94,-94,-93,-93,
-94,-94,-95,-95,-96,-96,-97,-98,
-98,-98,-98,-98,-98,-98,-99,-99,
-99,-99,-99,-98,-97,-95,-94,-92,
-90,-88,-86,-84,-82,-79,-78,-77,
-76,-75,-75,-75,-76,-76,-76,-76,
-76,-76,-76,-76,-76,-76,-76,-76,
-76,-75,-75,-75,-75,-74,-74,-74,
-74,-74,-74,-74,-74,-75,-76,-76,
-77,-78,-79,-80,-81,-81,-81,-81,
-81,-81,-81,-81,-82,-83,-83,-84,
-84,-84,-84,-83,-83,-82,-82,-82,
-83,-83,-84,-85,-86,-87,-87,-87,
-88,-88,-87,-87,-86,-86,-86,-86,
-86,-86,-87,-87,-87,-87,-87,-87,
-87,-86,-85,-85,-84,-84,-83,-83,
-83,-83,-83,-84,-84,-84,-85,-85,
-86,-86,-86,-85,-84,-83,-81,-79,
-77,-75,-74,-72,-71,-70,-68,-67,
-65,-64,-64,-63,-63,-63,-64,-64,
-65,-66,-67,-69,-70,-70,-70,-68,
-66,-64,-63,-64,-66,-68,-72,-76,
-79,-81,-83,-85,-86,-87,-88,-89,
-90,-91,-91,-91,-91,-91,-91,-92,
-93,-94,-95,-95,-95,-95,-95,-95,
-95,-96,-96,-97,-99,-101,-104,-109,
-114,-121,-127,-133,-135,-131,-119,-95,
-59,-13,37,84,119,133,122,87,
36,-18,-68,-105,-124,-128,-123,-114,
-106,-101,-99,-100,-101,-102,-102,-101,
-100,-100,-99,-100,-100,-101,-102,-102,
-102,-101,-101,-101,-101,-102,-103,-104,
-105,-105,-105,-105,-105,-104,-104,-103,
-103,-103,-103,-103,-103,-103,-104,-104,
-104,-103,-103,-102,-102,-101,-101,-101,
-102,-102,-102,-102,-102,-102,-102,-102,
-102,-102,-102,-102,-102,-102,-101,-101,
-100,-99,-98,-98,-97,-97,-98,-98,
-99,-100,-100,-100,-100,-100,-101,-101,
-101,-102,-103,-104,-105,-106,-106,-107,
-108,-108,-108,-109,-109,-109,-109,-109,
-108,-108,-106,-105,-103,-101,-100,-98,
-96,-95,-93,-92,-90,-89,-87,-87,
-86,-86,-86,-86,-85,-84,-83,-82,
-81,-81,-80,-80,-79,-79,-79,-80,
-80,-80,-81,-81,-82,-82,-82,-82,
-82,-82,-81,-81,-81,-81,-81,-82,
-82,-82,-82,-82,-82,-82,-82,-82,
-82,-83,-84,-85,-85,-86,-86,-87,
-87,-87,-87,-87,-86,-86,-85,-86,
-86,-87,-88,-88,-88,-87,-87,-86,
-85,-85,-85,-86,-87,-88,-89,-89,
-89,-88,-88,-88,-88,-88,-88,-88,
-88,-88,-88,-87,-87,-86,-86,-85,
-85,-85,-85,-86,-86,-86,-87,-86,
-86,-85,-83,-81,-79,-78,-76,-75,
-75,-74,-74,-73,-73,-73,-72,-71,
-70,-68,-66,-65,-64,-63,-63,-64,
-65,-66,-67,-69,-70,-71,-72,-72,
-72,-70,-70,-69,-70,-73,-76,-80,
-83,-86,-88,-89,-90,-89,-89,-89,
-89,-90,-90,-91,-92,-92,-92,-92,
-92,-92,-92,-92,-93,-93,-94,-94,
-95,-95,-95,-95,-95,-96,-99,-102,
-107,-114,-121,-127,-130,-126,-114,-90,
-53,-6,45,95,133,152,146,114,
64,6,-49,-93,-119,-130,-127,-119,
-109,-101,-98,-97,-98,-100,-101,-101,
-101,-100,-100,-100,-100,-100,-100,-100,
-100,-100,-100,-100,-100,-100,-100,-100,
-100,-100,-101,-101,-101,-101,-101,-100,
-99,-99,-98,-98,-97,-97,-98,-98,
-98,-99,-99,-100,-100,-100,-100,-99,
-99,-99,-100,-100,-100,-100,-100,-100,
-100,-100,-99,-99,-99,-98,-98,-97,
-97,-97,-98,-99,-100,-101,-102,-103,
-104,-104,-105,-105,-106,-107,-107,-108,
-108,-109,-109,-109,-108,-108,-108,-107,
-107,-106,-105,-104,-102,-101,-99,-97,
-95,-93,-91,-89,-87,-85,-83,-81,
-79,-78,-77,-77,-77,-77,-76,-76,
-76,-75,-75,-75,-74,-74,-74,-74,
-75,-76,-77,-77,-78,-79,-79,-80,
-80,-80,-80,-79,-79,-79,-79,-79,
-79,-79,-80,-80,-80,-80,-80,-79,
-79,-78,-78,-78,-79,-80,-80,-81,
-82,-82,-82,-83,-83,-83,-84,-84,
-85,-85,-85,-85,-85,-85,-85,-85,
-84,-84,-84,-84,-84,-83,-83,-82,
-81,-80,-80,-79,-79,-79,-79,-79,
-79,-80,-80,-81,-81,-81,-81,-81,
-81,-81,-81,-81,-80,-80,-80,-79,
-78,-77,-75,-73,-71,-69,-66,-65,
-64,-63,-62,-61,-61,-59,-58,-57,
-57,-57,-58,-59,-60,-61,-61,-62,
-63,-63,-63,-62,-61,-59,-57,-55,
-55,-56,-58,-61,-65,-68,-71,-73,
-75,-77,-78,-79,-80,-80,-81,-82,
-83,-83,-83,-84,-84,-84,-83,-83,
-83,-83,-82,-82,-82,-83,-84,-87,
-91,-97,-103,-111,-117,-120,-118,-108,
-87,-56,-14,36,91,142,183,206,
204,177,128,65,0,-55,-94,-114,
-118,-111,-100,-90,-85,-83,-85,-88,
-91,-94,-95,-95,-95,-94,-94,-94,
-94,-94,-93,-93,-93,-93,-93,-92,
-92,-91,-91,-91,-90,-91,-91,-91,
-92,-92,-92,-92,-92,-92,-91,-91,
-90,-90,-89,-89,-89,-89,-88,-88,
-88,-89,-89,-89,-89,-89,-89,-88,
-88,-88,-88,-88,-89,-89,-90,-90,
-91,-91,-90,-90,-89,-89,-88,-88,
-88,-89,-90,-91,-92,-92,-92,-92,
-92,-92,-92,-92,-92,-92,-92,-92,
-91,-91,-90,-89,-88,-86,-85,-83,
-82,-80,-79,-77,-75,-74,-73,-72,
-71,-70,-69,-69,-68,-67,-66,-66,
-65,-65,-64,-64,-64,-65,-66,-67,
-68,-69,-69,-70,-70,-70,-70,-69,
-69,-69,-68,-68,-68,-68,-68,-69,
-69,-70,-71,-71,-72,-73,-73,-73,
-73,-73,-73,-73,-73,-74,-74,-75,
-75,-75,-75,-75,-75,-75,-74,-74,
-73,-73,-73,-73,-73,-74,-75,-75,
-76,-77,-77,-77,-77,-77,-77,-77,
-77,-76,-76,-76,-76,-76,-76,-75,
-75,-74,-74,-73,-72,-71,-71,-70,
-69,-68,-67,-65,-64,-62,-61,-60,
-59,-59,-58,-58,-57,-55,-54,-52,
-51,-51,-51,-51,-52,-54,-54,-55,
-54,-54,-52,-51,-49,-49,-49,-50,
-53,-57,-61,-64,-68,-70,-72,-73,
-74,-74,-74,-75,-75,-75,-75,-74,
-74,-74,-74,-74,-75,-76,-77,-78,
-78,-78,-78,-78,-79,-79,-81,-83,
-87,-92,-100,-108,-115,-119,-117,-105,
-81,-44,3,57,106,142,155,141,
103,49,-8,-58,-92,-108,-109,-100,
-90,-81,-76,-76,-78,-81,-83,-84,
-84,-84,-83,-82,-82,-82,-82,-82,
-83,-83,-83,-83,-83,-84,-84,-84,
-84,-85,-85,-84,-84,-84,-84,-83,
-83,-83,-82,-82,-81,-81,-81,-80,
-81,-81,-81,-81,-82,-83,-83,-83,
-83,-84,-84,-83,-83,-83,-82,-82,
-82,-81,-81,-81,-81,-80,-80,-79,
-79,-79,-79,-80,-81,-82,-83,-83,
-84,-84,-84,-84,-84,-84,-85,-85,
-85,-85,-85,-85,-85,-85,-85,-84,
-83,-82,-80,-78,-76,-75,-74,-73,
-72,-72,-71,-70,-69,-68,-68,-67,
-66,-66,-65,-64,-64,-63,-63,-63,
-64,-64,-64,-63,-63,-62,-61,-60,
-60,-60,-61,-62,-63,-63,-64,-64,
-65,-65,-65,-66,-67,-67,-68,-69,
-69,-69,-69,-69,-69,-69,-69,-69,
-69,-70,-70,-70,-71,-71,-71,-72,
-73,-73,-74,-75,-75,-75,-76,-76,
-76,-76,-75,-75,-74,-73,-73,-72,
-72,-73,-74,-75,-76,-77,-78,-78,
-77,-76,-75,-74,-73,-73,-73,-73,
-74,-74,-75,-76,-76,-76,-76,-75,
-74,-73,-73,-73,-74,-74,-74,-73,
-72,-70,-69,-67,-66,-65,-64,-62,
-61,-59,-57,-55,-53,-52,-51,-51,
-51,-52,-53,-54,-55,-56,-57,-57,
-57,-56,-56,-56,-57,-59,-62,-66,
-70,-74,-77,-79,-80,-80,-81,-81,
-80,-80,-80,-80,-79,-79,-79,-80,
-81,-82,-83,-83,-83,-83,-82,-81,
-81,-81,-82,-84,-87,-91,-94,-99,
-103,-109,-115,-121,-126,-126,-120,-104,
-77,-38,10,60,105,134,139,120,
79,25,-28,-73,-102,-114,-113,-105,
-96,-88,-84,-84,-86,-88,-90,-90,
-90,-90,-89,-88,-88,-88,-88,-88,
-88,-88,-88,-89,-89,-90,-90,-91,
-91,-92,-92,-92,-93,-93,-92,-92,
-91,-91,-91,-90,-90,-89,-88,-88,
-88,-88,-88,-88,-88,-88,-88,-88,
-88,-89,-90,-90,-91,-91,-90,-89,
-89,-88,-88,-88,-88,-89,-89,-89,
-89,-89,-88,-88,-87,-88,-88,-89,
-89,-90,-91,-92,-94,-95,-96,-97,
-97,-97,-97,-98,-98,-98,-99,-99,
-99,-99,-98,-97,-95,-94,-92,-89,
-87,-84,-82,-79,-77,-76,-74,-73,
-73,-73,-73,-73,-73,-73,-73,-72,
-71,-69,-68,-67,-67,-67,-68,-68,
-69,-70,-71,-71,-72,-73,-73,-74,
-74,-74,-73,-72,-72,-71,-72,-72,
-73,-74,-74,-74,-74,-74,-75,-75,
-76,-77,-77,-78,-78,-78,-78,-77,
-77,-78,-78,-78,-79,-79,-79,-78,
-78,-78,-78,-78,-78,-78,-78,-79,
-79,-79,-79,-78,-77,-77,-76,-76,
-76,-76,-77,-77,-77,-77,-77,-76,
-76,-75,-75,-76,-77,-78,-79,-79,
-80,-80,-80,-79,-77,-75,-72,-70,
-67,-66,-65,-65,-65,-64,-63,-62,
-61,-59,-58,-57,-57,-57,-58,-58,
-58,-59,-59,-60,-60,-60,-59,-58,
-57,-58,-59,-62,-66,-70,-74,-78,
-81,-83,-84,-84,-84,-83,-83,-83,
-84,-84,-85,-85,-86,-86,-86,-85,
-85,-84,-84,-84,-84,-84,-84,-85,
-87,-90,-93,-97,-102,-107,-113,-118,
-121,-120,-113,-97,-70,-32,15,66,
113,148,161,149,113,60,1,-51,
-90,-111,-117,-111,-101,-92,-87,-85,
-86,-88,-90,-91,-91,-90,-89,-88,
-88,-89,-90,-91,-92,-93,-93,-94,
-94,-94,-93,-92,-92,-91,-91,-91,
-91,-91,-92,-92,-93,-93,-93,-92,
-92,-91,-91,-91,-91,-91,-91,-92,
-92,-93,-93,-93,-93,-93,-93,-93,
-93,-92,-92,-92,-92,-91,-91,-90,
-90,-89,-89,-88,-87,-87,-87,-88,
-88,-89,-90,-90,-91,-91,-91,-92,
-92,-93,-93,-94,-95,-95,-96,-96,
-97,-97,-97,-97,-97,-97,-98,-98,
-98,-99,-99,-99,-98,-97,-96,-94,
-92,-90,-88,-85,-83,-81,-79,-77,
-75,-74,-72,-71,-71,-70,-69,-68,
-67,-66,-65,-65,-64,-64,-64,-64,
-64,-64,-65,-65,-66,-67,-67,-67,
-68,-68,-69,-69,-69,-69,-69,-69,
-70,-70,-70,-71,-71,-71,-71,-70,
-70,-69,-69,-69,-69,-69,-69,-70,
-71,-72,-73,-73,-74,-74,-74,-75,
-75,-75,-76,-76,-76,-75,-75,-75,
-75,-74,-74,-74,-74,-73,-73,-73,
-73,-73,-73,-74,-74,-74,-74,-74,
-74,-74,-74,-74,-74,-74,-75,-75,
-76,-76,-76,-76,-76,-75,-75,-76,
-76,-76,-76,-76,-75,-75,-74,-73,
-73,-72,-71,-70,-69,-67,-66,-64,
-63,-62,-61,-60,-59,-58,-56,-55,
-54,-54,-53,-53,-54,-54,-54,-55,
-56,-56,-57,-57,-57,-57,-56,-54,
-53,-52,-52,-53,-55,-59,-63,-67,
-70,-73,-75,-75,-76,-75,-75,-75,
-75,-76,-76,-77,-78,-78,-78,-78,
-78,-78,-79,-79,-79,-79,-79,-79,
-79,-80,-82,-84,-88,-92,-97,-101,
-106,-111,-116,-120,-123,-124,-119,-108,
-87,-55,-12,38,91,138,169,176,
157,114,56,-4,-57,-93,-110,-112,
-104,-94,-86,-82,-82,-85,-88,-90,
-91,-91,-91,-90,-90,-90,-90,-90,
-90,-90,-90,-89,-89,-88,-88,-88,
-88,-89,-89,-89,-90,-90,-90,-90,
-90,-90,-90,-90,-90,-90,-89,-89,
-88,-88,-87,-87,-87,-87,-87,-87,
-87,-86,-86,-86,-87,-87,-88,-88,
-89,-89,-89,-89,-88,-88,-89,-89,
-89,-89,-88,-88,-87,-86,-86,-86,
-86,-86,-86,-85,-85,-85,-85,-85,
-86,-87,-88,-88,-89,-89,-89,-89,
-89,-89,-89,-89,-89,-89,-89,-89,
-89,-88,-88,-87,-85,-84,-82,-81,
-79,-77,-75,-73,-72,-71,-70,-69,
-69,-68,-68,-68,-68,-68,-68,-67,
-67,-67,-67,-66,-66,-66,-66,-66,
-66,-66,-66,-66,-66,-66,-66,-65,
-65,-65,-66,-66,-66,-66,-66,-67,
-67,-68,-69,-69,-70,-70,-71,-71,
-71,-72,-72,-72,-72,-72,-72,-72,
-72,-72,-72,-72,-73,-73,-73,-74,
-75,-75,-76,-76,-77,-77,-78,-78,
-78,-78,-78,-78,-78,-78,-78,-78,
-78,-78,-78,-78,-78,-77,-77,-76,
-75,-74,-74,-74,-74,-75,-75,-75,
-76,-76,-76,-75,-75,-75,-75,-75,
-75,-75,-75,-76,-76,-75,-74,-72,
-70,-68,-66,-63,-62,-60,-59,-58,
-57,-55,-54,-53,-53,-53,-54,-56,
-57,-58,-59,-59,-59,-59,-59,-60,
-60,-61,-61,-60,-59,-57,-55,-54,
-55,-57,-60,-64,-68,-72,-75,-76,
-77,-78,-78,-78,-78,-78,-79,-80,
-80,-81,-81,-81,-82,-82,-82,-82,
-82,-82,-82,-82,-83,-85,-88,-92,
-98,-106,-113,-119,-123,-122,-114,-97,
-71,-35,9,59,106,143,163,160,
133,88,32,-23,-70,-103,-120,-123,
-116,-106,-96,-89,-86,-85,-86,-88,
-89,-90,-90,-89,-89,-89,-90,-90,
-90,-90,-90,-89,-89,-90,-90,-91,
-91,-91,-91,-90,-89,-88,-87,-87,
-86,-86,-87,-87,-87,-87,-88,-88,
-88,-88,-88,-87,-87,-86,-85,-85,
-85,-85,-86,-86,-87,-87,-88,-88,
-88,-88,-88,-88,-88,-88,-88,-87,
-87,-87,-87,-87,-87,-87,-87,-87,
-87,-87,-87,-87,-87,-87,-86,-86,
-86,-86,-85,-85,-85,-85,-86,-86,
-87,-87,-88,-88,-88,-88,-87,-87,
-86,-86,-85,-85,-85,-85,-85,-84,
-83,-81,-78,-76,-74,-73,-72,-71,
-70,-70,-69,-69,-69,-69,-69,-68,
-68,-68,-67,-67,-67,-68,-68,-69,
-70,-70,-70,-70,-69,-69,-68,-68,
-68,-69,-69,-70,-70,-70,-71,-71,
-71,-71,-72,-73,-73,-74,-75,-76,
-76,-77,-77,-77,-76,-76,-76,-76,
-76,-77,-77,-78,-78,-78,-78,-78,
-78,-79,-79,-79,-79,-80,-80,-80,
-81,-82,-83,-83,-84,-84,-84,-84,
-84,-84,-84,-83,-83,-82,-81,-80,
-80,-80,-80,-80,-81,-81,-81,-81,
-81,-82,-82,-83,-83,-84,-84,-83,
-81,-79,-77,-75,-72,-70,-69,-68,
-67,-65,-64,-63,-61,-60,-59,-58,
-58,-58,-59,-60,-61,-62,-63,-64,
-65,-66,-66,-66,-65,-64,-64,-63,
-64,-66,-69,-73,-77,-80,-82,-84,
-84,-84,-83,-82,-83,-83,-84,-86,
-87,-88,-89,-89,-89,-89,-89,-89,
-89,-89,-89,-88,-88,-87,-87,-88,
-90,-94,-99,-105,-113,-121,-127,-126,
-117,-95,-60,-14,38,89,127,143,
134,100,49,-6,-58,-95,-114,-118,
-112,-102,-92,-87,-85,-87,-89,-92,
-94,-95,-95,-95,-95,-94,-94,-93,
-93,-93,-93,-94,-94,-94,-94,-93,
-92,-91,-90,-89,-89,-89,-90,-90,
-91,-92,-93,-93,-92,-92,-92,-92,
-92,-93,-93,-93,-93,-92,-91,-90,
-89,-88,-88,-88,-88,-88,-89,-89,
-89,-89,-89,-89,-89,-89,-89,-89,
-89,-89,-89,-88,-88,-89,-89,-90,
-92,-93,-93,-94,-94,-94,-94,-94,
-94,-94,-94,-95,-96,-97,-97,-97,
-97,-97,-97,-97,-97,-96,-95,-94,
-92,-90,-88,-86,-84,-83,-81,-80,
-78,-77,-75,-73,-71,-69,-68,-67,
-67,-67,-68,-70,-71,-71,-72,-71,
-70,-69,-68,-68,-69,-69,-70,-70,
-70,-69,-69,-68,-68,-68,-69,-69,
-70,-70,-71,-71,-71,-71,-71,-72,
-73,-74,-74,-74,-74,-73,-73,-74,
-75,-76,-77,-77,-78,-78,-77,-76,
-75,-75,-74,-74,-75,-75,-76,-77,
-78,-79,-79,-80,-80,-79,-79,-79,
-79,-79,-79,-79,-79,-79,-78,-78,
-78,-78,-77,-77,-77,-77,-76,-76,
-75,-75,-75,-75,-75,-76,-76,-76,
-75,-73,-72,-70,-69,-67,-65,-64,
-63,-62,-61,-60,-59,-58,-57,-56,
-55,-55,-55,-55,-55,-55,-56,-56,
-57,-58,-58,-58,-58,-58,-57,-56,
-56,-56,-56,-58,-61,-64,-68,-72,
-75,-78,-80,-80,-81,-80,-80,-80,
-80,-80,-80,-80,-80,-80,-81,-81,
-82,-83,-83,-84,-83,-83,-83,-84,
-85,-88,-92,-98,-105,-113,-119,-121,
-117,-103,-77,-38,9,62,112,149,
164,153,117,64,4,-48,-88,-110,
-115,-110,-100,-90,-84,-82,-83,-85,
-86,-87,-87,-87,-86,-86,-86,-86,
-87,-88,-89,-90,-91,-91,-90,-90,
-89,-89,-88,-88,-88,-89,-89,-89,
-89,-89,-88,-87,-86,-86,-85,-86,
-86,-86,-87,-88,-88,-89,-89,-89,
-89,-89,-89,-89,-89,-88,-88,-88,
-87,-86,-86,-86,-85,-85,-85,-86,
-86,-86,-86,-86,-86,-86,-86,-86,
-86,-86,-87,-88,-89,-89,-90,-91,
-92,-92,-93,-94,-95,-95,-95,-95,
-95,-95,-94,-94,-94,-93,-93,-93,
-92,-91,-90,-89,-88,-86,-84,-82,
-80,-77,-76,-74,-73,-72,-71,-70,
-69,-68,-66,-66,-65,-64,-64,-64,
-64,-64,-64,-63,-63,-63,-63,-63,
-64,-64,-64,-65,-65,-66,-66,-66,
-66,-66,-66,-66,-66,-66,-66,-67,
-67,-68,-68,-67,-67,-66,-66,-65,
-65,-64,-65,-65,-66,-66,-67,-67,
-67,-67,-68,-68,-68,-68,-69,-69,
-70,-70,-70,-70,-70,-70,-70,-70,
-70,-70,-70,-70,-70,-70,-70,-70,
-69,-69,-69,-68,-68,-68,-68,-68,
-68,-68,-68,-69,-69,-69,-69,-70,
-71,-71,-72,-72,-72,-72,-71,-70,
-70,-70,-70,-70,-70,-69,-69,-68,
-66,-65,-62,-60,-59,-57,-56,-56,
-55,-54,-52,-51,-49,-48,-47,-47,
-47,-48,-49,-49,-50,-51,-51,-51,
-50,-49,-47,-47,-47,-49,-52,-56,
-60,-63,-65,-67,-68,-69,-70,-70,
-71,-72,-72,-72,-72,-72,-72,-72,
-73,-73,-73,-73,-73,-73,-73,-73,
-73,-72,-73,-74,-77,-81,-86,-93,
-101,-108,-113,-114,-109,-96,-72,-37,
8,62,117,164,192,195,171,122,
59,-3,-56,-90,-105,-104,-95,-85,
-77,-74,-75,-78,-82,-84,-85,-86,
-85,-85,-85,-85,-85,-85,-85,-85,
-84,-84,-84,-84,-84,-85,-86,-86,
-87,-87,-87,-86,-86,-85,-85,-85,
-85,-86,-86,-86,-86,-85,-85,-84,
-84,-84,-84,-85,-85,-86,-86,-87,
-87,-87,-87,-86,-86,-86,-86,-86,
-86,-86,-86,-86,-86,-86,-85,-85,
-85,-84,-84,-84,-84,-84,-85,-85,
-86,-87,-87,-88,-88,-88,-88,-87,
-87,-87,-87,-86,-86,-85,-84,-83,
-82,-81,-79,-78,-77,-75,-74,-72,
-71,-69,-67,-65,-64,-63,-62,-62,
-62,-63,-63,-64,-64,-63,-63,-63,
-63,-63,-63,-64,-64,-64,-64,-63,
-63,-63,-63,-64,-64,-65,-66,-67,
-67,-68,-68,-68,-68,-68,-68,-68,
-69,-69,-70,-70,-71,-71,-71,-71,
-71,-70,-70,-70,-71,-71,-71,-72,
-72,-73,-73,-74,-74,-74,-74,-74,
-74,-74,-73,-73,-73,-73,-73,-73,
-73,-72,-72,-72,-72,-72,-71,-71,
-71,-70,-70,-70,-70,-70,-70,-70,
-71,-71,-71,-71,-71,-71,-71,-70,
-70,-70,-69,-67,-66,-64,-62,-60,
-58,-56,-55,-54,-52,-51,-50,-49,
-48,-47,-48,-48,-50,-51,-52,-53,
-54,-54,-54,-53,-52,-50,-49,-49,
-50,-53,-56,-59,-62,-65,-66,-66,
-66,-66,-66,-67,-68,-69,-70,-72,
-73,-73,-74,-74,-74,-74,-75,-75,
-76,-77,-77,-78,-77,-77,-76,-76,
-75,-76,-76,-79,-82,-88,-96,-105,
-115,-121,-120,-108,-82,-42,8,63,
111,140,145,121,76,19,-35,-78,
-102,-108,-103,-92,-81,-75,-73,-75,
-78,-81,-83,-84,-84,-84,-83,-83,
-83,-83,-83,-84,-84,-84,-83,-82,
-82,-81,-80,-80,-80,-80,-80,-80,
-80,-80,-80,-79,-79,-79,-78,-78,
-79,-79,-79,-80,-80,-81,-81,-81,
-81,-81,-80,-80,-80,-79,-79,-79,
-80,-80,-80,-80,-80,-79,-79,-78,
-78,-78,-78,-79,-80,-80,-81,-81,
-81,-81,-82,-82,-83,-83,-84,-84,
-84,-85,-85,-85,-84,-84,-84,-83,
-83,-82,-81,-81,-81,-81,-81,-81,
-80,-78,-77,-75,-74,-72,-71,-71,
-70,-69,-69,-68,-67,-67,-66,-67,
-67,-67,-67,-66,-66,-66,-66,-65,
-66,-66,-66,-67,-69,-70,-71,-72,
-73,-74,-74,-73,-73,-72,-72,-73,
-73,-73,-73,-73,-73,-73,-73,-73,
-73,-73,-73,-73,-74,-75,-76,-77,
-77,-78,-78,-77,-77,-76,-76,-77,
-78,-79,-80,-81,-81,-81,-80,-80,
-79,-79,-79,-79,-80,-80,-80,-80,
-80,-80,-79,-79,-80,-80,-80,-81,
-81,-82,-81,-80,-79,-78,-77,-76,
-76,-76,-77,-77,-76,-75,-73,-71,
-69,-67,-66,-66,-65,-65,-66,-66,
-65,-65,-64,-62,-61,-60,-60,-59,
-59,-59,-60,-60,-61,-62,-62,-62,
-62,-61,-60,-60,-60,-62,-65,-68,
-72,-76,-80,-82,-84,-86,-87,-87,
-87,-87,-87,-86,-86,-85,-85,-85,
-86,-86,-87,-87,-87,-87,-87,-86,
-86,-86,-87,-90,-94,-101,-108,-116,
-123,-126,-126,-121,-112,-100,-84,-65,
-40,-9,28,70,111,142,156,147,
114,64,7,-47,-89,-113,-122,-118,
-109,-99,-92,-90,-90,-92,-95,-97,
-98,-98,-98,-98,-98,-98,-97,-97,
-97,-97,-97,-97,-97,-98,-97,-97,
-96,-95,-93,-93,-93,-94,-95,-96,
-97,-98,-98,-98,-98,-97,-97,-97,
-97,-96,-96,-96,-95,-95,-95,-95,
-95,-95,-95,-96,-96,-97,-98,-99,
-100,-100,-100,-100,-98,-97,-96,-96,
-96,-97,-98,-99,-100,-100,-100,-101,
-101,-102,-103,-104,-105,-106,-107,-108,
-108,-108,-108,-108,-108,-108,-108,-107,
-107,-107,-106,-105,-103,-101,-99,-96,
-94,-91,-89,-87,-86,-84,-83,-82,
-81,-80,-79,-78,-78,-77,-77,-77,
-78,-78,-78,-77,-77,-77,-76,-76,
-75,-75,-75,-76,-77,-77,-78,-78,
-78,-78,-77,-77,-77,-77,-78,-78,
-79,-79,-80,-80,-81,-81,-81,-81,
-81,-81,-82,-83,-84,-84,-84,-84,
-84,-84,-84,-84,-84,-83,-84,-84,
-84,-84,-84,-84,-84,-84,-85,-85,
-85,-86,-86,-87,-87,-87,-87,-87,
-87,-86,-86,-86,-86,-86,-86,-85,
-85,-85,-85,-85,-85,-85,-85,-85,
-85,-84,-84,-84,-84,-84,-84,-85,
-85,-84,-84,-83,-82,-80,-78,-77,
-75,-74,-72,-71,-69,-67,-65,-64,
-62,-61,-61,-61,-62,-63,-64,-65,
-66,-67,-68,-68,-68,-67,-66,-65,
-65,-65,-67,-69,-73,-76,-79,-81,
-83,-84,-84,-85,-85,-86,-86,-87,
-87,-88,-88,-89,-89,-89,-89,-89,
-89,-89,-89,-90,-90,-91,-91,-91,
-90,-90,-90,-90,-91,-93,-97,-102,
-108,-115,-122,-126,-125,-117,-98,-66,
-23,27,79,122,149,151,127,82,
25,-31,-78,-108,-121,-121,-113,-103,
-95,-91,-91,-93,-95,-97,-98,-98,
-99,-99,-99,-99,-99,-99,-98,-98,
-97,-97,-97,-96,-96,-96,-97,-97,
-97,-97,-97,-97,-97,-97,-97,-96,
-96,-96,-96,-96,-96,-96,-97,-97,
-97,-97,-97,-97,-97,-98,-98,-98,
-98,-97,-97,-97,-96,-96,-96,-97,
-97,-98,-98,-98,-98,-98,-98,-97,
-96,-96,-96,-96,-96,-96,-97,-97,
-97,-98,-98,-99,-99,-100,-101,-102,
-103,-103,-103,-103,-103,-103,-103,-103,
-102,-102,-102,-102,-102,-102,-101,-101,
-100,-99,-97,-95,-93,-90,-87,-85,
-83,-82,-80,-80,-79,-79,-78,-77,
-77,-76,-75,-74,-74,-74,-73,-73,
-73,-74,-74,-74,-74,-74,-74,-74,
-74,-74,-74,-75,-75,-76,-76,-76,
-76,-76,-76,-77,-77,-77,-78,-78,
-78,-79,-79,-79,-80,-80,-80,-79,
-79,-78,-78,-77,-77,-77,-77,-78,
-78,-79,-79,-79,-79,-79,-79,-79,
-80,-80,-81,-81,-81,-81,-81,-81,
-81,-81,-81,-81,-81,-80,-80,-80,
-79,-79,-79,-79,-79,-79,-79,-79,
-79,-79,-79,-80,-80,-80,-81,-81,
-81,-81,-80,-80,-80,-80,-80,-80,
-80,-79,-78,-76,-74,-71,-68,-66,
-65,-64,-64,-64,-64,-64,-63,-63,
-62,-61,-59,-59,-58,-58,-58,-59,
-60,-61,-63,-64,-65,-65,-65,-63,
-62,-60,-58,-57,-57,-59,-62,-65,
-69,-73,-76,-79,-81,-82,-83,-83,
-83,-83,-83,-83,-83,-83,-84,-84,
-84,-84,-84,-84,-84,-84,-84,-84,
-84,-85,-85,-87,-90,-94,-99,-105,
-111,-118,-123,-126,-124,-117,-101,-74,
-37,8,59,110,151,174,173,147,
100,41,-18,-68,-101,-118,-119,-111,
-100,-91,-85,-83,-85,-87,-90,-92,
-94,-94,-95,-95,-95,-96,-96,-96,
-96,-97,-97,-96,-96,-96,-96,-95,
-95,-94,-93,-93,-92,-92,-92,-92,
-93,-93,-94,-94,-94,-93,-93,-93,
-92,-92,-92,-92,-92,-92,-91,-91,
-91,-91,-90,-90,-90,-91,-91,-91,
-91,-92,-92,-92,-92,-92,-92,-92,
-93,-93,-93,-93,-93,-93,-92,-92,
-92,-92,-92,-92,-92,-92,-92,-92,
-92,-92,-92,-92,-92,-92,-93,-93,
-94,-94,-94,-94,-94,-94,-94,-94,
-93,-93,-93,-93,-92,-91,-90,-89,
-88,-86,-84,-82,-80,-77,-75,-74,
-72,-71,-71,-70,-71,-71,-71,-71,
-71,-70,-70,-70,-71,-71,-71,-72,
-72,-72,-72,-72,-72,-72,-71,-71,
-70,-70,-69,-69,-70,-70,-71,-72,
-73,-74,-74,-75,-75,-74,-74,-74,
-73,-73,-73,-73,-73,-73,-72,-72,
-72,-72,-72,-73,-73,-73,-74,-74,
-75,-75,-76,-76,-76,-77,-77,-77,
-77,-77,-78,-79,-79,-80,-80,-79,
-79,-78,-77,-77,-76,-76,-76,-77,
-77,-77,-77,-77,-77,-77,-77,-77,
-77,-77,-77,-77,-78,-78,-78,-77,
-77,-77,-77,-76,-76,-76,-75,-75,
-75,-75,-75,-75,-74,-73,-72,-71,
-69,-68,-66,-65,-64,-63,-62,-62,
-61,-59,-58,-56,-55,-55,-54,-55,
-55,-56,-56,-57,-57,-58,-57,-57,
-56,-54,-53,-52,-53,-55,-58,-62,
-66,-70,-73,-76,-77,-77,-78,-78,
-78,-78,-79,-80,-80,-80,-80,-80,
-79,-79,-79,-80,-80,-81,-82,-82,
-82,-82,-83,-83,-85,-89,-93,-99,
-106,-114,-121,-128,-132,-132,-130,-125,
-119,-111,-101,-87,-67,-37,2,49,
95,132,150,144,113,65,8,-43,
-83,-106,-112,-108,-99,-90,-84,-82,
-84,-86,-89,-90,-91,-90,-89,-88,
-87,-87,-87,-86,-86,-87,-87,-87,
-87,-88,-88,-88,-88,-87,-87,-86,
-85,-85,-85,-85,-86,-87,-87,-88,
-88,-88,-87,-87,-86,-85,-85,-84,
-84,-85,-86,-86,-87,-88,-88,-88,
-88,-88,-88,-87,-87,-86,-86,-86,
-85,-85,-85,-85,-85,-84,-84,-83,
-83,-84,-84,-85,-86,-86,-86,-86,
-86,-85,-85,-85,-85,-85,-86,-86,
-86,-87,-87,-88,-88,-89,-89,-89,
-89,-89,-89,-89,-88,-88,-88,-88,
-88,-87,-87,-85,-84,-82,-80,-78,
-77,-76,-75,-75,-75,-74,-74,-73,
-72,-71,-70,-69,-69,-69,-69,-69,
-69,-69,-70,-70,-70,-71,-72,-72,
-73,-73,-73,-73,-73,-72,-72,-71,
-71,-71,-71,-72,-72,-72,-72,-72,
-72,-72,-72,-73,-73,-74,-74,-75,
-75,-76,-76,-76,-76,-76,-76,-77,
-77,-77,-77,-77,-77,-77,-77,-78,
-78,-78,-79,-79,-79,-79,-79,-79,
-79,-79,-78,-77,-77,-76,-76,-76,
-77,-78,-79,-79,-80,-80,-79,-78,
-77,-77,-76,-76,-76,-77,-77,-78,
-79,-79,-79,-78,-77,-75,-73,-71,
-69,-68,-67,-66,-65,-64,-62,-60,
-58,-56,-55,-54,-53,-54,-54,-55,
-57,-58,-59,-60,-61,-61,-60,-60,
-60,-61,-63,-67,-70,-74,-76,-78,
-78,-78,-78,-78,-79,-79,-80,-81,
-82,-83,-82,-82,-81,-81,-80,-81,
-81,-82,-83,-83,-83,-83,-82,-82,
-82,-82,-83,-85,-89,-95,-102,-111,
-119,-123,-121,-108,-82,-43,5,58,
106,137,145,125,83,28,-28,-74,
-104,-116,-114,-105,-94,-87,-83,-83,
-85,-88,-90,-91,-91,-91,-90,-90,
-89,-90,-90,-91,-91,-92,-92,-92,
-91,-91,-90,-90,-89,-89,-88,-89,
-89,-89,-89,-89,-89,-89,-89,-89,
-89,-90,-91,-92,-92,-92,-91,-90,
-89,-88,-87,-87,-87,-88,-89,-91,
-92,-92,-92,-91,-90,-89,-89,-88,
-88,-89,-89,-90,-90,-91,-91,-91,
-91,-91,-90,-90,-91,-91,-92,-93,
-94,-96,-97,-98,-99,-99,-100,-100,
-100,-99,-99,-98,-98,-98,-97,-96,
-94,-92,-90,-88,-86,-84,-83,-81,
-80,-78,-77,-75,-74,-73,-72,-71,
-70,-69,-68,-68,-67,-67,-67,-67,
-67,-67,-67,-66,-66,-66,-66,-67,
-67,-67,-67,-66,-66,-67,-67,-67,
-67,-68,-68,-69,-69,-69,-69,-69,
-68,-68,-68,-69,-69,-69,-69,-70,
-70,-71,-71,-72,-72,-72,-72,-72,
-73,-73,-73,-74,-74,-74,-73,-72,
-71,-70,-70,-69,-69,-69,-70,-70,
-71,-71,-71,-72,-72,-73,-73,-74,
-74,-73,-73,-73,-72,-72,-72,-71,
-71,-71,-71,-70,-70,-70,-69,-69,
-68,-67,-65,-64,-62,-61,-60,-58,
-57,-55,-54,-52,-50,-49,-48,-47,
-47,-47,-47,-48,-48,-49,-49,-50,
-50,-50,-50,-49,-49,-48,-49,-51,
-53,-57,-61,-64,-67,-69,-71,-72,
-72,-72,-72,-71,-71,-71,-72,-72,
-72,-72,-72,-72,-73,-73,-73,-74,
-74,-76,-78,-81,-87,-94,-102,-110,
-115,-116,-108,-89,-57,-14,37,90,
135,164,168,146,101,42,-16,-67,
-102,-120,-123,-116,-106,-96,-88,-84,
-82,-83,-83,-84,-85,-84,-84,-84,
-84,-83,-83,-83,-82,-82,-81,-81,
-81,-80,-80,-81,-81,-81,-82,-82,
-82,-83,-83,-83,-83,-83,-83,-83,
-83,-83,-83,-83,-83,-82,-81,-81,
-80,-79,-79,-79,-79,-79,-79,-80,
-80,-81,-81,-81,-81,-81,-81,-81,
-82,-82,-81,-81,-81,-81,-81,-81,
-81,-81,-82,-82,-82,-82,-82,-82,
-82,-82,-83,-83,-83,-84,-84,-85,
-85,-86,-86,-86,-86,-86,-86,-85,
-84,-83,-81,-79,-76,-74,-71,-69,
-67,-66,-65,-65,-64,-64,-63,-63,
-62,-61,-60,-60,-60,-59,-59,-59,
-59,-59,-59,-58,-58,-58,-58,-58,
-59,-60,-60,-61,-61,-61,-62,-62,
-62,-63,-63,-63,-63,-63,-63,-63,
-64,-64,-64,-64,-64,-64,-64,-64,
-65,-66,-66,-67,-67,-67,-67,-68,
-68,-68,-68,-67,-67,-67,-66,-66,
-65,-65,-65,-65,-65,-66,-66,-67,
-68,-68,-68,-68,-68,-68,-68,-68,
-68,-68,-68,-68,-68,-67,-67,-66,
-66,-65,-65,-65,-66,-66,-66,-67,
-67,-67,-66,-65,-64,-62,-60,-58,
-56,-55,-54,-53,-52,-51,-49,-46,
-44,-43,-42,-42,-42,-44,-45,-46,
-47,-48,-48,-48,-48,-48,-49,-50,
-51,-50,-49,-47,-45,-45,-46,-49,
-53,-57,-61,-64,-66,-67,-67,-68,
-68,-68,-69,-69,-71,-72,-73,-74,
-75,-75,-75,-75,-75,-74,-74,-74,
-74,-75,-76,-79,-82,-87,-94,-101,
-107,-112,-112,-104,-86,-55,-14,36,
88,134,163,168,146,101,44,-14,
-62,-93,-105,-104,-94,-84,-76,-73,
-74,-76,-80,-82,-83,-82,-81,-80,
-79,-78,-78,-78,-79,-79,-80,-80,
-80,-80,-80,-80,-80,-80,-80,-80,
-81,-81,-82,-82,-81,-81,-80,-79,
-79,-78,-78,-78,-78,-78,-78,-78,
-78,-78,-78,-78,-78,-79,-79,-79,
-79,-80,-80,-80,-80,-79,-79,-79,
-79,-79,-79,-78,-78,-77,-77,-77,
-77,-78,-78,-78,-78,-78,-78,-79,
-79,-80,-80,-81,-81,-81,-82,-82,
-83,-83,-82,-82,-81,-80,-79,-79,
-79,-79,-78,-78,-78,-77,-76,-75,
-74,-73,-73,-72,-70,-69,-68,-67,
-66,-65,-64,-63,-63,-62,-62,-62,
-62,-62,-61,-60,-59,-58,-58,-58,
-58,-58,-59,-60,-61,-61,-62,-62,
-62,-62,-63,-63,-63,-63,-63,-64,
-64,-65,-65,-65,-65,-64,-64,-63,
-63,-63,-63,-63,-64,-64,-65,-65,
-66,-66,-66,-67,-67,-67,-68,-68,
-68,-68,-68,-68,-68,-68,-68,-68,
-69,-69,-69,-70,-70,-70,-70,-69,
-69,-68,-68,-68,-68,-68,-68,-68,
-68,-68,-68,-68,-68,-69,-69,-69,
-69,-69,-68,-68,-68,-68,-68,-68,
-68,-66,-64,-61,-57,-55,-53,-52,
-51,-51,-52,-51,-50,-49,-48,-47,
-47,-47,-48,-49,-49,-49,-49,-49,
-49,-49,-50,-52,-52,-52,-52,-50,
-48,-46,-46,-48,-51,-54,-59,-63,
-66,-68,-69,-70,-70,-70,-71,-71,
-72,-73,-73,-74,-74,-74,-74,-74,
-73,-73,-73,-73,-74,-75,-76,-79,
-82,-87,-94,-102,-111,-118,-120,-115,
-98,-68,-27,22,72,114,137,136,
110,66,13,-37,-76,-99,-106,-102,
-93,-85,-80,-78,-80,-83,-86,-87,
-88,-87,-86,-86,-85,-86,-86,-87,
-88,-88,-87,-87,-86,-85,-85,-85,
-85,-85,-86,-86,-86,-86,-86,-86,
-86,-86,-86,-86,-86,-86,-86,-86,
-86,-86,-87,-87,-87,-87,-87,-86,
-86,-86,-86,-86,-86,-86,-86,-86,
-85,-84,-84,-84,-84,-84,-85,-85,
-85,-85,-85,-85,-86,-86,-87,-87,
-88,-89,-89,-90,-90,-90,-90,-90,
-90,-90,-89,-89,-90,-90,-91,-91,
-91,-92,-91,-91,-91,-90,-89,-88,
-87,-86,-85,-83,-82,-80,-78,-77,
-76,-76,-75,-75,-74,-73,-72,-72,
-71,-71,-70,-70,-69,-69,-69,-70,
-71,-71,-72,-72,-73,-73,-73,-73,
-73,-74,-75,-76,-77,-77,-77,-77,
-76,-75,-74,-74,-74,-75,-76,-77,
-77,-78,-78,-77,-77,-77,-77,-77,
-78,-79,-79,-80,-80,-80,-81,-81,
-81,-80,-80,-80,-79,-79,-79,-80,
-80,-80,-80,-80,-80,-80,-80,-80,
-80,-80,-80,-80,-79,-79,-78,-78,
-79,-80,-81,-82,-83,-84,-84,-84,
-83,-82,-80,-79,-78,-77,-77,-77,
-77,-77,-76,-76,-75,-74,-72,-71,
-70,-69,-68,-67,-66,-65,-63,-62,
-61,-61,-61,-62,-62,-63,-63,-64,
-64,-64,-64,-64,-63,-63,-62,-62,
-64,-67,-70,-74,-77,-80,-82,-84,
-85,-86,-87,-87,-87,-86,-86,-86,
-86,-87,-87,-87,-88,-88,-88,-88,
-87,-87,-87,-87,-88,-89,-91,-93,
-97,-102,-109,-116,-123,-128,-127,-117,
-97,-64,-21,29,78,118,138,135,
106,60,5,-47,-87,-111,-120,-117,
-108,-100,-94,-91,-92,-93,-95,-97,
-97,-97,-96,-95,-94,-94,-94,-93,
-93,-93,-94,-94,-94,-93,-93,-92,
-91,-91,-91,-91,-92,-94,-95,-97,
-97,-98,-98,-97,-97,-96,-95,-95,
-94,-94,-93,-93,-93,-94,-94,-94,
-95,-95,-95,-96,-96,-96,-96,-97,
-97,-97,-97,-97,-96,-96,-96,-96,
-96,-96,-96,-96,-96,-96,-96,-96,
-96,-97,-97,-98,-98,-99,-101,-102,
-103,-104,-104,-105,-105,-106,-106,-107,
-107,-106,-106,-104,-103,-101,-99,-97,
-96,-94,-93,-91,-90,-88,-86,-85,
-83,-81,-80,-78,-77,-76,-75,-75,
-74,-74,-74,-73,-73,-72,-71,-70,
-70,-70,-71,-71,-72,-72,-73,-73,
-73,-73,-74,-74,-75,-76,-77,-77,
-78,-77,-77,-76,-75,-74,-74,-74,
-74,-74,-75,-75,-75,-76,-77,-77,
-78,-78,-78,-78,-78,-78,-78,-78,
-79,-79,-79,-79,-80,-79,-79,-80,
-80,-80,-81,-81,-81,-81,-81,-80,
-80,-80,-80,-79,-80,-80,-80,-79,
-79,-79,-78,-78,-78,-77,-77,-78,
-78,-78,-79,-79,-80,-80,-80,-80,
-80,-79,-79,-78,-78,-78,-77,-75,
-73,-71,-68,-66,-64,-63,-63,-62,
-62,-61,-60,-59,-57,-56,-55,-55,
-55,-56,-58,-59,-60,-60,-61,-61,
-61,-61,-60,-59,-58,-57,-56,-56,
-58,-60,-63,-67,-70,-73,-76,-78,
-80,-81,-81,-81,-81,-80,-80,-81,
-81,-81,-81,-81,-81,-80,-80,-80,
-80,-80,-80,-80,-80,-79,-79,-80,
-81,-82,-85,-89,-93,-98,-104,-110,
-116,-120,-121,-116,-101,-75,-37,10,
63,112,147,161,149,113,59,0,
-51,-87,-106,-108,-102,-91,-83,-79,
-79,-82,-85,-88,-89,-89,-88,-87,
-86,-85,-85,-85,-85,-85,-85,-85,
-86,-86,-86,-85,-85,-85,-85,-84,
-84,-84,-85,-85,-85,-86,-86,-86,
-86,-86,-86,-86,-86,-86,-86,-86,
-86,-86,-86,-86,-86,-85,-85,-84,
-84,-83,-83,-82,-82,-83,-83,-83,
-84,-84,-85,-85,-85,-85,-85,-85,
-86,-86,-86,-86,-87,-87,-86,-86,
-86,-86,-87,-87,-88,-88,-89,-89,
-88,-88,-88,-87,-87,-86,-86,-86,
-86,-86,-86,-85,-84,-82,-81,-79,
-77,-75,-74,-72,-70,-69,-68,-67,
-66,-65,-65,-64,-63,-62,-61,-60,
-60,-60,-60,-61,-61,-62,-62,-62,
-62,-62,-62,-62,-62,-62,-62,-62,
-62,-63,-62,-62,-62,-62,-61,-61,
-61,-61,-61,-61,-61,-62,-63,-63,
-64,-65,-65,-65,-65,-65,-65,-65,
-65,-65,-66,-66,-66,-66,-66,-66,
-66,-66,-66,-67,-67,-68,-69,-69,
-69,-69,-69,-69,-70,-70,-70,-70,
-70,-70,-69,-69,-68,-68,-68,-68,
-68,-67,-67,-66,-66,-65,-65,-65,
-66,-66,-66,-66,-67,-67,-67,-68,
-68,-68,-67,-66,-64,-61,-59,-56,
-55,-53,-53,-53,-53,-54,-54,-54,
-54,-52,-51,-49,-48,-47,-47,-47,
-47,-47,-48,-49,-49,-50,-51,-51,
-51,-50,-49,-47,-46,-46,-47,-50,
-53,-57,-61,-64,-66,-68,-69,-70,
-71,-71,-72,-73,-73,-73,-73,-73,
-73,-73,-74,-74,-75,-75,-74,-74,
-73,-72,-72,-73,-75,-78,-83,-88,
-95,-101,-108,-114,-117,-115,-107,-90,
-62,-23,24,74,119,150,159,143,
105,53,-2,-50,-84,-101,-103,-96,
-87,-79,-74,-73,-75,-77,-79,-81,
-81,-81,-80,-79,-78,-78,-78,-79,
-79,-79,-80,-80,-80,-80,-80,-80,
-80,-80,-80,-80,-79,-79,-79,-79,
-79,-78,-78,-78,-78,-78,-78,-78,
-77,-77,-77,-77,-78,-79,-79,-80,
-80,-81,-80,-80,-80,-80,-79,-79,
-79,-79,-78,-77,-76,-76,-76,-76,
-76,-77,-78,-78,-78,-79,-79,-79,
-79,-79,-80,-80,-81,-81,-81,-82,
-82,-82,-82,-82,-82,-81,-81,-81,
-81,-80,-80,-80,-79,-79,-78,-77,
-76,-76,-75,-74,-73,-72,-70,-69,
-67,-66,-65,-64,-63,-63,-62,-62,
-61,-60,-60,-59,-59,-58,-58,-58,
-59,-59,-59,-60,-60,-59,-59,-59,
-59,-59,-59,-60,-61,-62,-62,-63,
-63,-63,-63,-63,-63,-63,-63,-64,
-64,-65,-65,-65,-65,-65,-65,-65,
-65,-64,-64,-64,-64,-64,-65,-66,
-67,-67,-68,-68,-68,-68,-68,-68,
-68,-68,-68,-68,-68,-68,-67,-67,
-67,-67,-67,-67,-67,-68,-68,-68,
-68,-68,-68,-68,-69,-69,-70,-70,
-70,-69,-69,-68,-67,-67,-66,-66,
-66,-66,-67,-66,-66,-64,-62,-60,
-58,-57,-56,-56,-55,-54,-53,-51,
-49,-47,-45,-45,-44,-44,-45,-45,
-46,-47,-47,-48,-49,-51,-52,-53,
-53,-51,-49,-46,-44,-42,-42,-43,
-47,-51,-55,-59,-62,-64,-66,-67,
-68,-69,-69,-69,-69,-70,-70,-71,
-72,-73,-74,-75,-75,-75,-75,-75,
-74,-74,-74,-74,-74,-76,-77,-80,
-83,-88,-94,-101,-108,-113,-115,-110,
-95,-70,-33,11,60,104,135,146,
133,98,49,-4,-51,-85,-103,-108,
-103,-94,-86,-81,-80,-80,-81,-82,
-82,-81,-80,-80,-80,-80,-81,-82,
-82,-83,-83,-83,-83,-83,-82,-82,
-82,-82,-82,-82,-82,-83,-83,-83,
-83,-83,-83,-83,-82,-82,-81,-81,
-81,-81,-81,-82,-83,-84,-85,-85,
-85,-85,-85,-84,-84,-84,-84,-83,
-83,-83,-83,-82,-82,-81,-81,-81,
-81,-81,-81,-81,-80,-80,-79,-79,
-78,-79,-79,-79,-80,-81,-81,-82,
-83,-83,-84,-85,-86,-87,-88,-89,
-89,-88,-88,-87,-87,-86,-86,-87,
-86,-86,-86,-85,-84,-83,-82,-80,
-79,-77,-75,-73,-71,-70,-69,-68,
-67,-66,-66,-65,-64,-64,-63,-63,
-63,-63,-63,-63,-63,-64,-64,-64,
-64,-64,-64,-64,-65,-66,-66,-67,
-67,-67,-67,-67,-67,-66,-66,-67,
-67,-67,-67,-67,-67,-67,-67,-68,
-68,-68,-69,-69,-70,-70,-70,-70,
-70,-71,-71,-72,-72,-72,-72,-72,
-72,-72,-72,-71,-71,-71,-71,-71,
-72,-73,-74,-74,-73,-72,-71,-69,
-68,-68,-68,-69,-70,-71,-72,-73,
-73,-73,-73,-72,-72,-71,-71,-70,
-70,-70,-70,-71,-71,-71,-69,-68,
-65,-63,-60,-58,-57,-56,-56,-55,
-55,-54,-52,-51,-50,-49,-49,-49,
-50,-51,-52,-53,-55,-56,-57,-57,
-56,-56,-55,-55,-56,-58,-61,-65,
-68,-70,-72,-72,-72,-72,-72,-72,
-73,-74,-75,-76,-77,-77,-77,-77,
-77,-77,-77,-77,-77,-77,-77,-76,
-76,-76,-76,-77,-80,-84,-89,-96,
-104,-111,-115,-114,-104,-82,-49,-5,
44,92,130,149,144,116,69,15,
-36,-76,-100,-108,-104,-95,-85,-78,
-76,-76,-78,-80,-82,-83,-83,-83,
-83,-83,-82,-82,-82,-82,-82,-83,
-83,-84,-84,-85,-85,-85,-85,-85,
-85,-85,-86,-86,-86,-86,-85,-84,
-84,-84,-84,-84,-84,-84,-84,-85,
-85,-85,-86,-86,-86,-86,-86,-86,
-85,-85,-85,-85,-85,-86,-86,-86,
-85,-85,-84,-83,-83,-83,-83,-84,
-85,-85,-86,-87,-88,-89,-90,-91,
-93,-93,-94,-95,-95,-95,-94,-94,
-93,-93,-93,-93,-93,-93,-93,-94,
-93,-93,-92,-90,-89,-87,-84,-82,
-80,-78,-76,-73,-71,-70,-68,-67,
-66,-65,-65,-64,-64,-63,-63,-63,
-64,-64,-64,-63,-63,-63,-63,-63,
-64,-64,-65,-65,-65,-64,-64,-64,
-64,-65,-66,-66,-67,-67,-67,-67,
-67,-67,-67,-67,-67,-67,-67,-67,
-67,-67,-67,-68,-68,-69,-70,-70,
-71,-71,-71,-71,-71,-70,-70,-70,
-70,-69,-69,-69,-69,-70,-70,-71,
-71,-72,-72,-72,-72,-72,-71,-71,
-71,-71,-71,-72,-72,-72,-71,-71,
-71,-70,-70,-69,-69,-69,-69,-69,
-70,-70,-71,-71,-70,-69,-66,-63,
-61,-58,-56,-55,-53,-52,-51,-50,
-48,-48,-47,-48,-48,-49,-50,-50,
-51,-52,-53,-53,-54,-54,-53,-52,
-50,-50,-50,-52,-55,-58,-62,-65,
-68,-70,-71,-72,-73,-74,-74,-74,
-75,-75,-75,-75,-75,-75,-75,-74,
-74,-73,-73,-73,-73,-74,-77,-81,
-87,-95,-103,-110,-115,-115,-108,-90,
-61,-21,27,79,128,167,189,190,
169,132,85,35,-10,-48,-76,-95,
-105,-108,-107,-102,-95,-89,-84,-81,
-80,-81,-83,-84,-85,-86,-86,-86,
-85,-85,-85,-84,-83,-83,-82,-81,
-81,-81,-81,-82,-82,-83,-84,-84,
-84,-84,-84,-84,-84,-83,-83,-83,
-83,-83,-83,-83,-83,-82,-82,-82,
-82,-82,-82,-82,-81,-81,-80,-80,
-79,-79,-80,-80,-81,-81,-82,-82,
-82,-82,-82,-82,-82,-82,-82,-82,
-82,-82,-83,-83,-84,-84,-85,-85,
-85,-85,-85,-84,-85,-85,-85,-85,
-86,-86,-86,-86,-85,-84,-83,-82,
-81,-79,-77,-75,-73,-71,-69,-68,
-67,-66,-65,-65,-64,-64,-63,-63,
-62,-62,-63,-63,-63,-63,-63,-63,
-63,-63,-63,-63,-62,-62,-62,-62,
-62,-62,-62,-63,-63,-63,-64,-64,
-65,-65,-66,-66,-67,-67,-67,-68,
-68,-68,-67,-67,-67,-67,-67,-68,
-68,-68,-68,-69,-69,-69,-69,-70,
-70,-71,-71,-72,-72,-72,-72,-72,
-72,-72,-72,-72,-72,-72,-71,-71,
-70,-70,-70,-70,-70,-71,-71,-72,
-72,-72,-72,-72,-71,-71,-70,-70,
-70,-70,-69,-69,-68,-67,-65,-63,
-61,-59,-58,-57,-56,-56,-55,-54,
-53,-52,-51,-50,-50,-49,-49,-49,
-49,-50,-51,-52,-53,-53,-53,-53,
-52,-50,-49,-49,-49,-52,-55,-59,
-63,-67,-70,-71,-72,-73,-73,-73,
-73,-73,-73,-73,-73,-73,-74,-74,
-75,-75,-76,-76,-75,-75,-75,-76,
-79,-83,-90,-97,-105,-112,-116,-114,
-104,-84,-53,-12,36,87,135,173,
193,192,168,125,68,9,-42,-80,
-102,-108,-104,-95,-86,-81,-79,-80,
-82,-84,-85,-85,-84,-83,-82,-81,
-81,-81,-82,-83,-83,-83,-83,-83,
-83,-83,-83,-83,-83,-83,-82,-82,
-82,-82,-82,-82,-82,-81,-81,-80,
-80,-79,-79,-79,-79,-79,-79,-79,
-79,-80,-80,-80,-80,-79,-79,-79,
-79,-79,-79,-79,-79,-80,-80,-80,
-80,-80,-80,-80,-80,-79,-79,-79,
-80,-80,-80,-80,-80,-80,-81,-81,
-82,-82,-82,-82,-82,-82,-82,-82,
-82,-82,-82,-82,-82,-82,-81,-81,
-80,-79,-78,-77,-76,-75,-74,-73,
-71,-70,-69,-67,-66,-66,-65,-65,
-65,-65,-65,-65,-64,-64,-65,-65,
-65,-65,-65,-65,-65,-65,-65,-64,
-64,-64,-64,-64,-65,-65,-65,-65,
-66,-67,-68,-69,-70,-70,-71,-71,
-71,-71,-71,-71,-72,-72,-73,-73,
-73,-74,-74,-74,-74,-74,-74,-75,
-76,-76,-76,-77,-77,-77,-77,-77,
-77,-77,-77,-76,-75,-75,-74,-74,
-74,-74,-75,-75,-75,-76,-76,-76,
-76,-76,-76,-76,-77,-77,-77,-78,
-78,-77,-77,-76,-75,-74,-73,-73,
-73,-74,-74,-73,-72,-70,-68,-65,
-64,-62,-62,-62,-62,-61,-60,-58,
-57,-56,-55,-55,-56,-56,-57,-58,
-58,-58,-58,-57,-57,-56,-56,-56,
-57,-58,-61,-65,-70,-74,-77,-79,
-80,-81,-81,-81,-81,-80,-80,-80,
-80,-80,-79,-78,-78,-78,-78,-78,
-78,-78,-79,-80,-80,-81,-83,-84,
-84,-85,-86,-88,-91,-95,-100,-107,
-115,-121,-123,-119,-106,-81,-45,0,
48,94,127,139,127,92,43,-10,
-59,-93,-111,-115,-110,-101,-93,-88,
-87,-87,-89,-90,-90,-89,-89,-89,
-89,-90,-90,-90,-90,-90,-89,-89,
-89,-89,-89,-89,-90,-90,-90,-91,
-91,-91,-91,-91,-90,-90,-90,-91,
-91,-92,-92,-93,-92,-92,-91,-90,
-90,-90,-90,-90,-90,-90,-89,-89,
-89,-89,-89,-89,-90,-91,-92,-93,
-93,-92,-91,-90,-89,-89,-88,-89,
-89,-89,-89,-89,-90,-90,-90,-91,
-92,-92,-93,-94,-95,-96,-97,-97,
-98,-98,-98,-98,-98,-99,-99,-100,
-100,-101,-101,-101,-101,-101,-101,-100,
-99,-97,-94,-91,-88,-84,-82,-79,
-78,-77,-77,-77,-76,-76,-75,-74,
-73,-72,-72,-71,-70,-69,-69,-68,
-68,-68,-68,-68,-69,-69,-69,-69,
-69,-68,-67,-67,-66,-65,-65,-65,
-65,-66,-67,-68,-69,-70,-71,-71,
-72,-72,-72,-72,-72,-72,-72,-72,
-72,-72,-72,-72,-72,-72,-72,-72,
-71,-71,-72,-72,-73,-73,-74,-75,
-75,-75,-76,-76,-76,-77,-77,-77,
-77,-76,-76,-75,-74,-74,-73,-73,
-73,-73,-74,-74,-74,-73,-73,-73,
-74,-74,-74,-75,-76,-76,-76,-76,
-76,-75,-75,-75,-75,-75,-75,-74,
-73,-71,-69,-67,-65,-63,-61,-60,
-59,-59,-58,-57,-56,-54,-53,-53,
-52,-53,-54,-55,-56,-57,-58,-58,
-58,-58,-57,-56,-54,-53,-54,-55,
-58,-62,-65,-69,-71,-73,-75,-76,
-76,-77,-77,-78,-78,-78,-79,-79,
-79,-79,-79,-80,-80,-80,-80,-79,
-78,-78,-77,-76,-75,-75,-75,-76,
-77,-78,-81,-84,-89,-95,-102,-109,
-115,-117,-112,-96,-69,-29,18,71,
117,148,156,139,98,43,-13,-61,
-94,-109,-110,-102,-92,-83,-79,-78,
-80,-83,-85,-86,-86,-85,-84,-83,
-83,-82,-82,-82,-82,-81,-81,-81,
-82,-82,-82,-83,-83,-83,-83,-83,
-83,-83,-83,-84,-84,-84,-84,-84,
-84,-83,-83,-82,-82,-81,-81,-81,
-81,-81,-81,-81,-81,-81,-81,-81,
-82,-82,-82,-82,-82,-83,-83,-83,
-83,-83,-82,-82,-82,-83,-83,-82,
-82,-82,-82,-82,-82,-83,-84,-84,
-85,-86,-86,-87,-88,-89,-90,-91,
-92,-92,-92,-91,-91,-90,-90,-89,
-89,-88,-87,-86,-85,-83,-81,-78,
-77,-75,-73,-71,-69,-68,-66,-64,
-63,-62,-61,-61,-60,-60,-59,-58,
-58,-57,-57,-57,-57,-57,-57,-57,
-57,-57,-57,-57,-57,-58,-58,-59,
-59,-60,-60,-60,-60,-60,-60,-61,
-61,-61,-61,-61,-61,-61,-61,-61,
-61,-61,-61,-60,-60,-60,-61,-61,
-61,-62,-62,-63,-63,-63,-63,-63,
-63,-63,-63,-64,-64,-64,-63,-62,
-62,-61,-61,-61,-61,-61,-61,-62,
-62,-62,-62,-63,-63,-64,-64,-65,
-65,-65,-65,-65,-65,-65,-65,-64,
-64,-64,-64,-64,-65,-65,-65,-65,
-64,-63,-62,-61,-61,-61,-60,-59,
-58,-56,-54,-52,-51,-51,-50,-50,
-50,-49,-48,-46,-44,-42,-41,-41,
-41,-42,-43,-44,-45,-46,-46,-46,
-46,-45,-43,-41,-39,-39,-39,-42,
-45,-49,-53,-56,-59,-61,-62,-64,
-65,-65,-66,-66,-66,-66,-66,-66,
-66,-66,-66,-66,-67,-67,-67,-67,
-68,-68,-68,-68,-69,-71,-74,-78,
-83,-90,-97,-104,-110,-112,-107,-93,
-67,-28,20,74,124,161,175,162,
124,68,8,-43,-79,-97,-99,-91,
-80,-72,-67,-67,-69,-72,-74,-75,
-75,-74,-74,-74,-75,-76,-76,-76,
-76,-75,-75,-75,-75,-75,-76,-76,
-77,-77,-76,-76,-76,-76,-76,-76,
-76,-76,-76,-76,-76,-76,-76,-77,
-76,-76,-75,-74,-73,-72,-72,-72,
-72,-73,-74,-74,-75,-75,-75,-75,
-74,-74,-73,-73,-72,-72,-72,-72,
-72,-72,-72,-72,-72,-72,-72,-72,
-72,-71,-71,-70,-70,-71,-71,-72,
-73,-73,-74,-75,-75,-75,-75,-75,
-75,-74,-74,-74,-73,-73,-73,-72,
-72,-71,-70,-68,-67,-65,-63,-62,
-61,-60,-59,-58,-58,-57,-56,-55,
-54,-54,-53,-53,-53,-53,-54,-54,
-55,-55,-55,-54,-54,-53,-53,-53,
-53,-53,-53,-53,-53,-53,-53,-53,
-54,-54,-55,-56,-56,-57,-57,-58,
-58,-58,-58,-58,-58,-58,-59,-59,
-60,-60,-60,-60,-59,-59,-58,-58,
-57,-57,-58,-58,-59,-60,-60,-61,
-61,-62,-62,-62,-62,-62,-62,-63,
-63,-63,-63,-63,-63,-63,-62,-62,
-62,-61,-61,-60,-60,-59,-59,-59,
-60,-60,-60,-60,-59,-59,-59,-59,
-59,-60,-60,-61,-61,-61,-61,-61,
-61,-60,-58,-57,-55,-53,-51,-49,
-48,-46,-45,-44,-42,-40,-39,-37,
-37,-36,-37,-37,-38,-40,-41,-42,
-42,-43,-43,-42,-41,-39,-39,-39,
-41,-44,-47,-50,-54,-57,-59,-61,
-62,-62,-63,-63,-63,-63,-63,-63,
-63,-63,-64,-64,-65,-65,-66,-66,
-67,-67,-67,-66,-66,-66,-67,-69,
-72,-77,-83,-90,-97,-102,-102,-96,
-82,-59,-27,12,57,102,145,179,
201,207,196,167,124,73,20,-27,
-64,-88,-98,-97,-91,-82,-74,-70,
-68,-68,-69,-71,-71,-71,-71,-71,
-71,-71,-71,-72,-72,-73,-73,-74,
-74,-74,-74,-74,-74,-74,-73,-73,
-72,-72,-72,-72,-72,-72,-72,-72,
-72,-72,-72,-72,-72,-72,-72,-72,
-72,-72,-72,-73,-73,-73,-73,-73,
-72,-72,-71,-71,-71,-70,-70,-70,
-70,-69,-69,-69,-69,-69,-69,-69,
-69,-70,-71,-71,-72,-73,-73,-73,
-73,-73,-73,-73,-73,-74,-74,-75,
-75,-76,-77,-77,-78,-78,-78,-77,
-75,-74,-73,-71,-70,-69,-67,-66,
-65,-64,-63,-63,-63,-63,-62,-61,
-61,-60,-59,-58,-57,-57,-57,-57,
-57,-58,-58,-59,-59,-59,-59,-59,
-59,-58,-58,-59,-59,-60,-60,-61,
-62,-62,-63,-64,-64,-65,-65,-65,
-65,-64,-64,-65,-65,-66,-67,-67,
-67,-67,-67,-66,-66,-66,-65,-66,
-66,-66,-67,-67,-68,-69,-69,-69,
-69,-69,-69,-69,-69,-68,-68,-69,
-69,-69,-69,-70,-70,-70,-70,-70,
-70,-69,-69,-69,-68,-68,-69,-69,
-69,-70,-70,-71,-71,-71,-71,-71,
-71,-70,-69,-67,-65,-63,-61,-60,
-59,-58,-57,-56,-55,-53,-51,-50,
-48,-48,-48,-48,-49,-50,-51,-52,
-53,-53,-53,-53,-53,-52,-52,-51,
-51,-52,-54,-57,-60,-64,-67,-70,
-73,-75,-77,-77,-77,-77,-77,-76,
-75,-75,-75,-75,-76,-76,-77,-77,
-77,-77,-76,-76,-75,-76,-76,-77,
-77,-78,-78,-80,-82,-85,-91,-99,
-107,-114,-117,-112,-95,-66,-24,24,
74,116,140,141,117,74,20,-32,
-74,-99,-108,-105,-97,-89,-83,-81,
-82,-83,-85,-85,-85,-85,-84,-85,
-86,-86,-86,-86,-86,-86,-85,-85,
-85,-86,-86,-87,-87,-88,-88,-87,
-87,-86,-85,-85,-84,-84,-84,-85,
-85,-86,-86,-87,-88,-88,-89,-90,
-90,-90,-90,-90,-89,-88,-87,-86,
-85,-85,-85,-85,-86,-87,-88,-89,
-89,-89,-89,-88,-88,-88,-89,-89,
-89,-89,-89,-90,-91,-92,-94,-95,
-95,-95,-95,-95,-95,-96,-97,-98,
-100,-100,-101,-100,-99,-98,-96,-94,
-92,-89,-87,-85,-83,-80,-78,-76,
-75,-73,-72,-71,-69,-68,-67,-67,
-67,-67,-67,-68,-68,-68,-68,-69,
-69,-68,-68,-68,-68,-68,-68,-68,
-68,-68,-68,-68,-69,-69,-70,-71,
-72,-72,-73,-73,-73,-73,-73,-74,
-74,-75,-75,-76,-76,-76,-76,-76,
-76,-75,-75,-74,-74,-73,-73,-73,
-74,-75,-75,-76,-76,-77,-77,-76,
-76,-76,-76,-76,-77,-77,-77,-77,
-76,-75,-74,-74,-74,-74,-75,-75,
-76,-76,-76,-76,-76,-76,-76,-77,
-77,-77,-77,-76,-75,-74,-71,-69,
-67,-65,-63,-62,-61,-60,-59,-58,
-57,-57,-57,-57,-58,-58,-59,-59,
-59,-59,-59,-59,-59,-59,-59,-58,
-58,-58,-60,-62,-64,-68,-71,-73,
-75,-76,-76,-77,-77,-78,-79,-79,
-80,-81,-82,-82,-82,-82,-83,-83,
-83,-83,-83,-82,-82,-81,-81,-82,
-84,-89,-94,-101,-109,-115,-119,-120,
-118,-112,-103,-89,-71,-46,-12,27,
72,114,143,153,139,103,51,-5,
-55,-90,-107,-110,-103,-93,-84,-80,
-79,-80,-83,-86,-87,-88,-87,-87,
-86,-86,-86,-86,-87,-87,-88,-88,
-88,-88,-87,-87,-86,-86,-86,-86,
-85,-85,-85,-86,-86,-86,-87,-86,
-86,-86,-85,-84,-84,-84,-84,-84,
-84,-84,-85,-85,-85,-85,-85,-85,
-85,-85,-84,-84,-84,-83,-83,-83,
-83,-83,-83,-83,-84,-84,-85,-86,
-86,-87,-88,-89,-89,-90,-90,-90,
-91,-91,-91,-92,-92,-93,-93,-93,
-93,-92,-92,-91,-91,-90,-89,-88,
-87,-85,-82,-80,-78,-76,-74,-72,
-71,-69,-68,-66,-65,-64,-63,-63,
-62,-62,-62,-62,-62,-62,-63,-63,
-64,-64,-64,-64,-64,-64,-64,-64,
-65,-65,-66,-66,-67,-67,-67,-67,
-67,-66,-66,-66,-66,-66,-66,-66,
-67,-67,-68,-69,-69,-70,-70,-71,
-71,-71,-71,-71,-72,-72,-72,-72,
-71,-72,-72,-72,-72,-73,-72,-72,
-71,-71,-70,-69,-69,-70,-70,-70,
-71,-71,-72,-72,-72,-73,-73,-73,
-74,-74,-74,-74,-73,-73,-73,-73,
-73,-73,-73,-73,-73,-73,-72,-71,
-71,-70,-68,-66,-64,-62,-60,-59,
-58,-58,-57,-57,-56,-55,-54,-53,
-52,-51,-51,-52,-52,-53,-55,-56,
-56,-57,-56,-55,-54,-52,-51,-50,
-52,-54,-58,-62,-67,-70,-73,-76,
-77,-78,-78,-78,-78,-78,-78,-78,
-78,-79,-79,-79,-79,-80,-80,-80,
-80,-79,-79,-78,-78,-79,-81,-84,
-87,-91,-94,-97,-100,-104,-109,-113,
-116,-115,-107,-89,-59,-19,28,76,
118,143,145,124,83,31,-20,-63,
-90,-101,-101,-94,-86,-81,-79,-79,
-82,-85,-87,-88,-88,-88,-88,-87,
-86,-86,-86,-86,-87,-88,-88,-89,
-89,-88,-87,-87,-86,-85,-85,-85,
-85,-86,-86,-86,-87,-87,-87,-88,
-88,-88,-88,-88,-88,-87,-87,-87,
-87,-87,-87,-88,-88,-88,-87,-87,
-87,-86,-86,-86,-86,-86,-86,-86,
-86,-86,-87,-87,-88,-88,-88,-88,
-88,-87,-87,-86,-86,-86,-86,-87,
-88,-88,-89,-90,-90,-90,-90,-90,
-90,-90,-90,-90,-89,-89,-88,-86,
-85,-83,-81,-79,-77,-75,-74,-73,
-72,-72,-71,-70,-69,-68,-68,-67,
-67,-67,-67,-67,-67,-67,-67,-67,
-67,-68,-68,-68,-68,-68,-69,-69,
-69,-69,-69,-70,-70,-71,-71,-72,
-72,-72,-73,-73,-73,-73,-74,-75,
-75,-75,-76,-76,-76,-76,-76,-76,
-76,-76,-76,-76,-77,-77,-77,-77,
-77,-77,-78,-78,-79,-79,-80,-80,
-80,-80,-80,-80,-79,-79,-78,-78,
-77,-77,-76,-75,-75,-74,-74,-74,
-74,-74,-75,-75,-76,-76,-76,-76,
-75,-75,-74,-74,-73,-72,-70,-69,
-67,-64,-63,-61,-60,-58,-57,-56,
-55,-55,-54,-54,-54,-55,-56,-57,
-58,-58,-59,-59,-59,-59,-58,-57,
-56,-56,-58,-60,-63,-66,-70,-73,
-75,-76,-77,-78,-79,-79,-80,-81,
-82,-83,-84,-84,-84,-84,-83,-83,
-82,-82,-82,-82,-82,-82,-82,-83,
-84,-88,-93,-100,-107,-114,-119,-120,
-118,-111,-102,-90,-75,-56,-31,1,
40,81,117,140,142,122,81,28,
-25,-70,-100,-113,-112,-104,-94,-87,
-83,-83,-85,-87,-89,-91,-91,-91,
-91,-91,-90,-90,-90,-90,-90,-90,
-90,-91,-91,-91,-91,-91,-91,-90,
-89,-88,-88,-87,-87,-87,-88,-89,
-89,-90,-91,-91,-91,-91,-91,-91,
-91,-91,-91,-90,-90,-89,-89,-90,
-90,-91,-91,-91,-91,-90,-89,-88,
-87,-87,-87,-87,-88,-88,-88,-88,
-89,-90,-91,-92,-92,-93,-93,-94,
-94,-94,-95,-95,-95,-95,-95,-95,
-95,-94,-94,-94,-95,-95,-95,-96,
-96,-95,-94,-92,-90,-87,-85,-83,
-81,-79,-78,-77,-77,-76,-75,-75,
-74,-73,-72,-71,-71,-70,-70,-70,
-71,-72,-73,-73,-73,-72,-72,-71,
-70,-71,-71,-72,-73,-73,-74,-74,
-74,-74,-74,-75,-75,-75,-75,-75,
-74,-74,-73,-73,-74,-75,-76,-77,
-78,-79,-80,-80,-80,-80,-80,-81,
-81,-81,-81,-82,-82,-81,-81,-80,
-79,-79,-79,-78,-78,-79,-79,-80,
-81,-82,-82,-82,-82,-82,-82,-82,
-82,-82,-82,-82,-82,-82,-82,-82,
-81,-81,-81,-81,-81,-80,-80,-79,
-79,-78,-76,-74,-72,-70,-69,-68,
-68,-68,-68,-68,-67,-65,-62,-59,
-57,-56,-56,-57,-58,-60,-61,-62,
-62,-62,-61,-60,-60,-60,-60,-61,
-63,-66,-69,-72,-75,-78,-80,-82,
-83,-83,-84,-83,-83,-82,-82,-82,
-82,-83,-83,-84,-85,-85,-85,-85,
-85,-85,-85,-84,-84,-84,-84,-85,
-87,-90,-94,-99,-105,-111,-118,-122,
-121,-112,-92,-60,-17,33,83,123,
145,142,114,67,11,-42,-83,-107,
-115,-112,-104,-95,-90,-88,-89,-91,
-93,-94,-94,-94,-93,-92,-91,-91,
-91,-91,-91,-91,-91,-91,-90,-90,
-90,-89,-90,-90,-90,-90,-91,-91,
-91,-91,-91,-91,-91,-91,-91,-91,
-92,-92,-92,-91,-91,-91,-90,-90,
-89,-89,-89,-89,-88,-88,-88,-88,
-88,-88,-88,-88,-88,-88,-88,-88,
-88,-88,-88,-88,-88,-89,-89,-90,
-90,-90,-90,-90,-90,-91,-91,-91,
-92,-92,-93,-94,-95,-96,-97,-99,
-99,-100,-100,-100,-100,-99,-99,-98,
-98,-98,-97,-96,-95,-93,-91,-89,
-88,-86,-84,-82,-81,-79,-77,-75,
-73,-72,-70,-69,-68,-67,-67,-66,
-66,-65,-65,-64,-64,-63,-63,-62,
-62,-62,-62,-63,-63,-63,-64,-65,
-65,-66,-66,-67,-67,-67,-66,-66,
-66,-66,-66,-66,-66,-66,-66,-66,
-66,-66,-67,-67,-67,-67,-67,-66,
-66,-65,-65,-65,-66,-66,-67,-68,
-68,-69,-69,-69,-69,-69,-69,-69,
-69,-70,-70,-70,-71,-71,-71,-71,
-70,-70,-69,-69,-68,-68,-68,-68,
-67,-67,-66,-66,-65,-65,-66,-67,
-67,-68,-69,-69,-68,-68,-68,-67,
-67,-68,-68,-68,-67,-66,-65,-62,
-60,-57,-54,-52,-51,-50,-50,-50,
-50,-50,-49,-48,-47,-46,-45,-44,
-44,-44,-45,-46,-47,-48,-49,-50,
-50,-50,-48,-47,-45,-43,-42,-43,
-45,-49,-53,-58,-61,-64,-66,-68,
-69,-69,-69,-69,-68,-68,-67,-67,
-67,-67,-67,-67,-67,-66,-66,-66,
-66,-67,-67,-67,-67,-67,-66,-66,
-66,-67,-69,-72,-76,-81,-88,-95,
-101,-107,-110,-108,-100,-82,-53,-13,
34,86,134,169,183,172,136,83,
23,-30,-70,-92,-97,-92,-82,-74,
-68,-67,-69,-72,-75,-76,-77,-76,
-76,-75,-75,-75,-74,-74,-74,-74,
-74,-74,-74,-74,-75,-75,-76,-76,
-76,-75,-75,-75,-74,-74,-74,-74,
-74,-74,-74,-73,-73,-73,-73,-74,
-74,-74,-74,-73,-73,-73,-73,-72,
-72,-73,-73,-73,-73,-73,-73,-73,
-73,-73,-73,-73,-73,-74,-74,-74,
-74,-74,-74,-74,-73,-73,-73,-73,
-73,-73,-73,-72,-72,-72,-72,-72,
-72,-73,-74,-74,-75,-76,-77,-77,
-77,-77,-76,-76,-75,-75,-74,-74,
-73,-72,-70,-69,-67,-65,-63,-61,
-60,-59,-57,-56,-55,-54,-53,-52,
-50,-49,-48,-48,-48,-48,-48,-48,
-48,-48,-48,-48,-49,-49,-49,-49,
-49,-49,-49,-49,-49,-49,-50,-50,
-50,-50,-50,-50,-50,-50,-50,-50,
-51,-52,-53,-53,-54,-54,-54,-55,
-55,-55,-55,-55,-55,-55,-55,-55,
-55,-55,-55,-55,-56,-56,-56,-56,
-56,-57,-58,-58,-58,-58,-58,-58,
-58,-59,-59,-59,-60,-60,-60,-59,
-59,-58,-58,-58,-57,-57,-57,-56,
-56,-56,-56,-56,-57,-57,-57,-57,
-57,-57,-57,-57,-57,-57,-57,-57,
-56,-56,-54,-52,-50,-47,-45,-43,
-42,-41,-40,-39,-38,-38,-37,-36,
-35,-35,-34,-34,-35,-35,-36,-37,
-37,-37,-38,-38,-38,-39,-39,-39,
-39,-38,-36,-36,-36,-37,-40,-43,
-47,-50,-53,-55,-56,-58,-58,-59,
-58,-58,-58,-58,-59,-59,-60,-61,
-61,-61,-61,-60,-60,-60,-60,-59,
-59,-59,-60,-62,-67,-73,-80,-88,
-95,-99,-99,-95,-84,-68,-45,-16,
19,61,106,147,178,191,182,149,
99,40,-14,-57,-82,-91,-87,-78,
-69,-63,-62,-63,-66,-69,-71,-72,
-72,-72,-71,-71,-71,-70,-70,-70,
-70,-70,-70,-70,-69,-69,-68,-68,
-67,-67,-67,-67,-67,-67,-67,-66,
-66,-66,-66,-66,-66,-66,-66,-67,
-67,-67,-67,-68,-68,-68,-68,-67,
-67,-67,-67,-67,-68,-68,-68,-68,
-68,-68,-68,-68,-68,-68,-68,-68,
-68,-68,-68,-68,-68,-69,-69,-69,
-69,-68,-68,-68,-68,-68,-68,-68,
-68,-68,-68,-68,-69,-69,-69,-70,
-70,-70,-70,-69,-68,-67,-66,-64,
-63,-61,-60,-58,-57,-56,-54,-53,
-52,-51,-51,-50,-49,-49,-49,-48,
-48,-48,-48,-48,-48,-48,-48,-48,
-48,-48,-48,-48,-49,-49,-49,-50,
-50,-50,-50,-50,-50,-50,-51,-51,
-52,-52,-53,-53,-53,-53,-53,-53,
-53,-53,-53,-53,-53,-53,-53,-53,
-53,-53,-53,-53,-54,-54,-54,-54,
-54,-53,-54,-54,-54,-55,-56,-56,
-57,-57,-57,-58,-58,-58,-58,-58,
-57,-57,-57,-56,-56,-56,-56,-56,
-56,-56,-55,-54,-54,-53,-53,-53,
-53,-54,-54,-54,-55,-55,-55,-54,
-54,-54,-54,-54,-53,-53,-53,-52,
-51,-49,-47,-45,-43,-42,-41,-39,
-38,-36,-35,-33,-32,-32,-31,-32,
-32,-33,-34,-35,-35,-36,-36,-36,
-36,-35,-34,-33,-33,-33,-35,-38,
-42,-46,-50,-54,-56,-58,-58,-58,
-58,-58,-58,-58,-59,-59,-59,-59,
-59,-59,-59,-59,-60,-60,-61,-61,
-61,-61,-60,-60,-61,-63,-66,-71,
-78,-86,-94,-101,-106,-104,-94,-72,
-38,6,56,103,138,152,140,105,
55,1,-45,-78,-93,-94,-86,-77,
-69,-65,-65,-67,-69,-71,-72,-71,
-71,-71,-71,-72,-72,-73,-73,-73,
-73,-72,-71,-71,-70,-70,-69,-69,
-69,-70,-70,-70,-70,-70,-70,-70,
-70,-70,-70,-71,-71,-71,-71,-72,
-72,-71,-71,-71,-70,-70,-69,-69,
-69,-69,-70,-70,-70,-70,-70,-70,
-69,-69,-68,-68,-69,-70,-71,-71,
-71,-71,-71,-71,-71,-72,-72,-73,
-74,-74,-74,-74,-74,-75,-75,-76,
-77,-78,-78,-78,-78,-78,-78,-78,
-78,-78,-78,-77,-76,-75,-72,-70,
-68,-66,-64,-62,-60,-58,-57,-57,
-56,-56,-56,-55,-55,-55,-54,-54,
-53,-53,-53,-53,-53,-54,-54,-55,
-54,-54,-53,-52,-51,-51,-52,-53,
-54,-54,-55,-54,-54,-53,-53,-54,
-55,-56,-57,-58,-58,-58,-58,-58,
-58,-58,-58,-58,-58,-58,-57,-57,
-58,-58,-58,-59,-59,-59,-59,-59,
-59,-59,-59,-59,-60,-61,-62,-62,
-62,-61,-60,-58,-57,-57,-57,-58,
-59,-59,-60,-59,-59,-58,-58,-58,
-58,-58,-59,-59,-60,-60,-60,-59,
-59,-58,-57,-56,-54,-52,-51,-49,
-48,-46,-44,-42,-40,-39,-37,-37,
-37,-37,-38,-38,-38,-39,-40,-41,
-42,-42,-42,-41,-41,-40,-41,-42,
-45,-49,-52,-55,-58,-60,-61,-62,
-62,-60,-59,-57,-56,-55,-55,-56,
-57,-59,-61,-62,-62,-62,-62,-62,
-62,-63,-64,-64,-65,-65,-64,-64,
-65,-67,-71,-78,-86,-95,-101,-102,
-95,-76,-44,-1,50,101,142,164,
160,130,82,25,-27,-67,-90,-96,
-91,-81,-71,-65,-64,-65,-68,-70,
-72,-72,-72,-71,-70,-69,-69,-69,
-70,-70,-70,-70,-70,-69,-69,-69,
-69,-69,-69,-70,-70,-70,-71,-71,
-71,-71,-70,-70,-70,-70,-70,-70,
-70,-70,-70,-70,-70,-70,-70,-69,
-69,-69,-69,-69,-69,-69,-69,-69,
-68,-68,-68,-68,-68,-68,-68,-69,
-69,-70,-70,-71,-71,-72,-73,-75,
-75,-76,-77,-77,-78,-78,-79,-80,
-80,-81,-81,-80,-80,-79,-77,-76,
-75,-73,-71,-69,-67,-65,-62,-61,
-59,-57,-56,-55,-53,-52,-51,-51,
-50,-50,-50,-49,-49,-48,-48,-47,
-47,-47,-47,-47,-47,-46,-46,-47,
-47,-47,-48,-48,-48,-48,-48,-48,
-48,-48,-49,-49,-49,-49,-49,-49,
-49,-48,-48,-49,-49,-49,-50,-50,
-50,-50,-50,-50,-50,-50,-51,-51,
-51,-51,-51,-51,-50,-50,-50,-50,
-51,-51,-51,-52,-52,-51,-51,-51,
-51,-51,-51,-51,-52,-52,-53,-53,
-53,-52,-52,-51,-51,-50,-50,-50,
-50,-50,-51,-51,-50,-50,-50,-50,
-49,-49,-49,-48,-47,-45,-43,-41,
-39,-37,-36,-35,-34,-33,-32,-31,
-29,-28,-28,-27,-28,-28,-29,-31,
-32,-32,-33,-33,-32,-31,-30,-29,
-29,-30,-32,-36,-39,-43,-46,-49,
-51,-52,-52,-52,-51,-51,-51,-50,
-50,-50,-50,-51,-51,-51,-52,-52,
-52,-53,-53,-54,-54,-54,-54,-54,
-54,-54,-54,-56,-60,-66,-73,-82,
-90,-94,-92,-79,-53,-13,36,91,
142,177,188,172,131,74,15,-34,
-68,-82,-82,-74,-64,-56,-53,-54,
-57,-60,-62,-63,-63,-62,-61,-61,
-61,-61,-62,-62,-62,-62,-62,-62,
-62,-62,-62,-61,-61,-61,-61,-61,
-61,-61,-61,-61,-61,-61,-61,-60,
-60,-60,-60,-60,-61,-61,-61,-61,
-61,-61,-61,-61,-61,-61,-61,-61,
-61,-61,-61,-60,-60,-60,-61,-61,
-62,-62,-62,-62,-61,-61,-61,-61,
-61,-61,-62,-62,-62,-62,-62,-61,
-61,-61,-62,-62,-62,-62,-63,-63,
-63,-62,-62,-62,-61,-59,-58,-56,
-54,-52,-50,-48,-46,-45,-44,-43,
-42,-41,-40,-40,-39,-39,-39,-39,
-38,-37,-37,-36,-36,-36,-36,-37,
-37,-38,-38,-38,-38,-38,-39,-39,
-40,-41,-41,-42,-42,-41,-41,-41,
-41,-41,-41,-42,-42,-42,-42,-42,
-42,-42,-43,-43,-43,-44,-44,-45,
-45,-46,-46,-46,-47,-47,-47,-47,
-47,-46,-46,-46,-46,-46,-46,-46,
-46,-46,-46,-46,-46,-46,-46,-46,
-46,-46,-46,-45,-45,-45,-45,-44,
-44,-43,-43,-43,-42,-42,-42,-42,
-43,-43,-43,-43,-43,-42,-40,-39,
-37,-35,-34,-33,-31,-30,-29,-28,
-27,-25,-24,-23,-22,-22,-22,-22,
-23,-24,-25,-26,-27,-26,-26,-24,
-23,-22,-21,-23,-26,-29,-34,-37,
-41,-43,-44,-45,-46,-46,-46,-47,
-47,-48,-48,-48,-48,-48,-48,-49,
-49,-49,-49,-49,-49,-48,-47,-46,
-46,-45,-46,-47,-49,-52,-56,-61,
-66,-73,-80,-86,-91,-90,-81,-62,
-29,13,64,114,155,177,174,147,
101,46,-6,-46,-70,-78,-74,-65,
-56,-50,-48,-49,-52,-55,-56,-57,
-57,-57,-57,-57,-57,-57,-57,-57,
-57,-56,-56,-56,-56,-56,-56,-56,
-57,-57,-57,-56,-56,-55,-55,-55,
-54,-54,-54,-54,-54,-54,-54,-54,
-54,-54,-54,-54,-54,-54,-55,-55,
-55,-55,-55,-55,-56,-56,-56,-57,
-56,-56,-55,-55,-54,-54,-54,-54,
-54,-55,-55,-56,-56,-56,-56,-56,
-56,-57,-57,-57,-57,-58,-58,-59,
-59,-60,-61,-61,-61,-61,-61,-60,
-59,-59,-58,-57,-56,-55,-53,-51,
-50,-48,-47,-45,-44,-43,-42,-41,
-40,-39,-39,-38,-38,-37,-37,-36,
-36,-36,-36,-37,-37,-38,-38,-38,
-37,-37,-37,-36,-36,-37,-37,-38,
-39,-39,-39,-39,-39,-40,-40,-40,
-41,-41,-41,-41,-40,-40,-41,-42,
-43,-44,-44,-44,-44,-44,-43,-42,
-42,-41,-41,-42,-42,-43,-43,-44,
-44,-44,-45,-45,-45,-45,-45,-45,
-45,-45,-45,-45,-46,-46,-46,-47,
-47,-47,-47,-47,-46,-46,-45,-44,
-43,-43,-43,-44,-45,-46,-47,-48,
-48,-47,-47,-46,-45,-44,-43,-43,
-42,-40,-39,-38,-36,-35,-34,-33,
-32,-30,-29,-28,-26,-26,-26,-26,
-26,-27,-28,-28,-28,-28,-29,-30,
-31,-32,-33,-33,-31,-29,-27,-25,
-24,-25,-27,-30,-33,-36,-39,-42,
-44,-47,-49,-51,-52,-52,-53,-52,
-52,-51,-51,-52,-52,-53,-53,-53,
-53,-53,-54,-54,-55,-56,-56,-57,
-57,-57,-58,-59,-61,-65,-71,-77,
-85,-91,-95,-92,-80,-58,-23,20,
70,117,152,169,161,131,84,30,
-20,-58,-81,-88,-85,-77,-68,-62,
-59,-59,-60,-61,-61,-61,-61,-60,
-60,-61,-61,-62,-62,-63,-63,-63,
-62,-62,-62,-62,-62,-62,-62,-62,
-63,-63,-64,-65,-65,-65,-65,-64,
-63,-62,-61,-61,-61,-62,-63,-64,
-65,-65,-65,-65,-64,-63,-62,-62,
-63,-63,-64,-65,-65,-64,-63,-63,
-62,-61,-61,-60,-60,-60,-60,-60,
-61,-62,-63,-64,-64,-65,-64,-64,
-64,-64,-64,-65,-66,-67,-68,-68,
-68,-69,-69,-69,-70,-71,-72,-72,
-73,-73,-72,-72,-71,-70,-69,-67,
-66,-64,-62,-59,-57,-56,-54,-53,
-52,-50,-49,-47,-45,-44,-43,-43,
-43,-43,-43,-43,-43,-43,-42,-42,
-43,-43,-43,-43,-43,-43,-43,-43,
-43,-43,-43,-44,-44,-44,-44,-44,
-44,-45,-45,-45,-45,-45,-45,-46,
-46,-47,-49,-50,-50,-51,-51,-50,
-49,-49,-48,-48,-48,-49,-50,-51,
-53,-54,-54,-53,-52,-52,-51,-51,
-51,-51,-51,-51,-51,-52,-52,-52,
-52,-51,-51,-51,-51,-51,-52,-52,
-52,-52,-52,-51,-51,-50,-50,-50,
-50,-50,-50,-50,-51,-51,-51,-51,
-51,-50,-49,-47,-45,-44,-42,-41,
-40,-39,-37,-36,-34,-33,-32,-31,
-30,-30,-30,-30,-31,-32,-33,-34,
-35,-36,-37,-36,-35,-34,-32,-31,
-32,-34,-37,-41,-45,-49,-52,-54,
-55,-55,-55,-55,-55,-55,-55,-55,
-55,-56,-56,-56,-56,-56,-56,-56,
-56,-56,-56,-56,-56,-57,-58,-60,
-64,-69,-75,-82,-89,-94,-95,-90,
-76,-51,-14,30,81,130,168,187,
183,155,108,53,-1,-47,-77,-93,
-96,-91,-83,-75,-69,-66,-64,-64,
-64,-64,-64,-64,-63,-63,-63,-63,
-63,-63,-63,-63,-62,-62,-63,-63,
-63,-62,-62,-62,-62,-62,-62,-62,
-62,-62,-62,-61,-61,-60,-60,-60,
-60,-60,-61,-61,-61,-61,-61,-60,
-60,-60,-60,-60,-61,-61,-62,-62,
-62,-62,-61,-61,-61,-61,-61,-61,
-61,-61,-61,-61,-61,-60,-60,-60,
-60,-60,-60,-60,-61,-61,-62,-63,
-63,-64,-65,-66,-66,-67,-67,-67,
-68,-68,-69,-69,-69,-70,-70,-70,
-70,-70,-69,-69,-68,-67,-66,-64,
-62,-60,-58,-56,-54,-51,-50,-48,
-47,-46,-45,-44,-43,-42,-41,-40,
-40,-39,-39,-39,-39,-39,-39,-39,
-39,-39,-39,-40,-40,-40,-40,-40,
-39,-39,-39,-39,-40,-40,-40,-40,
-40,-40,-41,-41,-42,-42,-42,-42,
-42,-43,-43,-43,-44,-44,-44,-44,
-44,-44,-44,-44,-45,-45,-46,-46,
-47,-47,-47,-47,-48,-48,-48,-48,
-47,-47,-47,-47,-47,-47,-47,-47,
-47,-47,-47,-47,-47,-47,-47,-47,
-47,-47,-48,-48,-48,-48,-48,-47,
-46,-46,-45,-45,-45,-45,-45,-46,
-46,-46,-46,-46,-46,-45,-45,-44,
-43,-41,-40,-38,-36,-34,-32,-31,
-30,-29,-29,-27,-26,-25,-24,-23,
-23,-24,-25,-26,-27,-28,-28,-28,
-28,-27,-26,-24,-23,-23,-24,-25,
-28,-31,-33,-35,-37,-38,-40,-41,
-43,-44,-46,-46,-47,-47,-46,-46,
-46,-46,-47,-47,-48,-48,-48,-48,
-48,-48,-49,-49,-49,-49,-49,-50,
-52,-54,-57,-62,-69,-77,-84,-90,
-92,-85,-68,-37,6,58,113,159,
186,189,163,116,57,0,-45,-72,
-81,-77,-67,-56,-50,-47,-49,-51,
-55,-57,-58,-58,-58,-58,-57,-57,
-57,-57,-57,-57,-58,-58,-58,-57,
-57,-56,-55,-55,-54,-54,-55,-55,
-55,-55,-55,-55,-55,-55,-55,-56,
-56,-56,-56,-56,-56,-56,-56,-56,
-56,-56,-56,-56,-56,-55,-55,-55,
-54,-54,-54,-54,-54,-55,-55,-55,
-54,-54,-54,-54,-54,-54,-54,-54,
-55,-55,-55,-55,-55,-55,-55,-55,
-55,-55,-56,-56,-56,-56,-56,-56,
-56,-57,-57,-57,-58,-58,-58,-58,
-58,-57,-56,-55,-54,-53,-52,-51,
-50,-48,-47,-45,-44,-42,-41,-40,
-38,-37,-36,-35,-35,-34,-34,-34,
-34,-34,-34,-34,-34,-35,-35,-35,
-35,-35,-35,-35,-35,-35,-36,-36,
-36,-36,-36,-36,-37,-37,-37,-38,
-38,-38,-38,-38,-38,-39,-39,-39,
-40,-40,-40,-40,-40,-40,-40,-40,
-40,-40,-40,-41,-41,-41,-42,-42,
-43,-43,-43,-43,-43,-43,-43,-44,
-44,-44,-44,-44,-44,-44,-44,-44,
-45,-45,-46,-46,-46,-45,-45,-45,
-45,-45,-45,-45,-45,-45,-45,-44,
-44,-44,-44,-44,-44,-44,-44,-44,
-44,-44,-43,-41,-39,-37,-35,-33,
-32,-31,-30,-29,-28,-27,-26,-24,
-23,-22,-22,-23,-24,-25,-26,-28,
-29,-29,-30,-29,-28,-27,-25,-24,
-25,-26,-29,-32,-35,-37,-40,-41,
-43,-44,-44,-45,-46,-47,-49,-49,
-50,-50,-50,-50,-50,-50,-50,-51,
-51,-52,-52,-52,-52,-52,-52,-52,
-52,-53,-53,-54,-56,-58,-62,-67,
-73,-80,-87,-92,-94,-89,-77,-53,
-20,23,71,118,155,175,171,144,
98,44,-7,-48,-74,-83,-80,-72,
-63,-56,-54,-54,-57,-59,-60,-61,
-60,-59,-59,-58,-58,-59,-59,-59,
-59,-59,-58,-58,-58,-58,-58,-59,
-60,-60,-61,-61,-61,-61,-60,-60,
-59,-59,-59,-58,-58,-58,-59,-59,
-59,-58,-58,-58,-59,-59,-60,-60,
-61,-61,-61,-61,-60,-60,-59,-59,
-58,-58,-58,-58,-58,-58,-58,-58,
-58,-57,-57,-57,-57,-57,-57,-57,
-57,-57,-57,-57,-57,-57,-58,-58,
-58,-59,-59,-60,-60,-60,-60,-60,
-59,-59,-59,-60,-60,-61,-61,-61,
-61,-61,-60,-58,-57,-55,-53,-52,
-51,-49,-48,-47,-46,-46,-46,-46,
-45,-44,-43,-43,-42,-42,-43,-44,
-45,-45,-46,-46,-46,-45,-45,-44,
-45,-45,-45,-46,-46,-46,-46,-46,
-46,-47,-47,-48,-49,-49,-50,-50,
-50,-50,-50,-50,-50,-50,-50,-51,
-51,-51,-52,-52,-53,-53,-54,-54,
-55,-56,-56,-56,-56,-55,-54,-54,
-54,-54,-54,-55,-56,-57,-58,-58,
-58,-58,-57,-57,-56,-56,-56,-56,
-56,-56,-56,-57,-57,-57,-57,-57,
-57,-57,-57,-56,-56,-56,-55,-55,
-55,-55,-55,-55,-54,-54,-53,-51,
-50,-48,-46,-45,-44,-43,-42,-41,
-40,-39,-38,-38,-37,-37,-37,-38,
-38,-39,-40,-40,-40,-39,-39,-39,
-39,-41,-44,-47,-51,-55,-58,-59,
-60,-60,-59,-59,-59,-60,-60,-60,
-61,-61,-61,-61,-61,-62,-63,-64,
-65,-66,-67,-67,-66,-66,-65,-65,
-65,-66,-69,-74,-80,-88,-97,-104,
-107,-103,-87,-59,-19,28,78,120,
146,148,126,84,32,-19,-61,-87,
-98,-96,-89,-81,-74,-71,-71,-72,
-74,-74,-74,-73,-72,-72,-72,-71,
-71,-71,-71,-70,-71,-71,-72,-73,
-74,-75,-75,-76,-76,-75,-75,-74,
-74,-75,-75,-76,-76,-75,-74,-73,
-72,-72,-73,-73,-74,-75,-75,-74,
-73,-73,-72,-72,-72,-71,-72,-72,
-72,-72,-72,-73,-73,-73,-73,-73,
-74,-74,-75,-75,-75,-75,-75,-76,
-76,-77,-77,-78,-78,-78,-79,-79,
-81,-82,-83,-85,-85,-86,-85,-84,
-84,-83,-82,-82,-82,-82,-81,-80,
-77,-75,-72,-69,-67,-64,-63,-62,
-61,-60,-60,-60,-59,-58,-58,-57,
-57,-57,-57,-58,-59,-59,-59,-59,
-58,-58,-57,-56,-56,-56,-56,-57,
-57,-57,-57,-57,-57,-57,-58,-58,
-59,-59,-60,-61,-61,-61,-61,-60,
-60,-60,-60,-60,-60,-60,-61,-62,
-62,-63,-63,-63,-63,-63,-63,-63,
-64,-64,-64,-64,-64,-64,-64,-64,
-64,-64,-64,-64,-64,-63,-63,-63,
-63,-63,-64,-64,-64,-64,-63,-63,
-63,-63,-62,-62,-62,-62,-61,-61,
-61,-61,-61,-61,-62,-62,-61,-60,
-59,-57,-55,-53,-52,-51,-50,-50,
-48,-47,-46,-45,-44,-44,-44,-44,
-44,-45,-45,-46,-46,-47,-47,-48,
-48,-47,-47,-47,-48,-50,-52,-56,
-59,-62,-65,-66,-67,-67,-66,-66,
-65,-65,-66,-67,-67,-68,-68,-68,
-68,-68,-68,-68,-68,-68,-69,-69,
-69,-69,-70,-71,-74,-79,-85,-93,
-101,-108,-110,-104,-87,-57,-14,36,
89,132,158,159,134,87,30,-24,
-67,-92,-100,-95,-86,-76,-70,-68,
-69,-72,-75,-77,-77,-77,-76,-75,
-75,-75,-75,-75,-75,-76,-76,-76,
-75,-74,-73,-72,-71,-71,-71,-72,
-72,-73,-73,-74,-74,-74,-74,-74,
-74,-74,-74,-73,-73,-73,-74,-74,
-74,-74,-74,-74,-74,-74,-74,-75,
-75,-75,-74,-74,-74,-74,-73,-74,
-74,-74,-75,-75,-76,-76,-77,-77,
-77,-77,-78,-78,-79,-80,-80,-81,
-81,-82,-82,-82,-81,-81,-81,-81,
-81,-81,-81,-80,-78,-77,-74,-72,
-69,-67,-65,-63,-62,-61,-60,-58,
-57,-55,-54,-53,-52,-51,-51,-51,
-51,-51,-51,-51,-51,-51,-51,-51,
-52,-53,-53,-54,-54,-54,-54,-54,
-53,-53,-53,-53,-53,-53,-53,-53,
-53,-53,-54,-54,-54,-54,-55,-55,
-56,-56,-56,-57,-57,-58,-58,-58,
-58,-58,-58,-59,-59,-59,-59,-59,
-59,-59,-59,-59,-59,-59,-59,-59,
-59,-59,-59,-59,-58,-58,-58,-58,
-58,-58,-58,-58,-58,-58,-57,-57,
-57,-57,-57,-57,-57,-57,-57,-58,
-58,-58,-59,-59,-58,-56,-54,-51,
-49,-47,-45,-44,-43,-42,-41,-40,
-39,-38,-37,-37,-38,-38,-40,-41,
-42,-43,-44,-44,-43,-41,-38,-36,
-34,-33,-35,-38,-41,-45,-48,-50,
-52,-53,-54,-55,-56,-57,-58,-59,
-60,-61,-61,-61,-62,-62,-63,-63,
-64,-64,-65,-65,-65,-65,-65,-65,
-65,-66,-69,-72,-78,-86,-94,-102,
-106,-102,-87,-58,-15,37,93,141,
170,173,148,100,40,-16,-61,-86,
-94,-89,-79,-69,-63,-62,-64,-67,
-70,-72,-72,-72,-72,-72,-72,-72,
-73,-73,-73,-72,-72,-71,-71,-71,
-71,-71,-71,-71,-71,-71,-71,-71,
-71,-70,-70,-70,-70,-70,-70,-70,
-70,-70,-70,-70,-70,-70,-70,-70,
-70,-71,-71,-71,-71,-71,-72,-72,
-72,-72,-72,-72,-71,-71,-70,-69,
-68,-68,-68,-69,-69,-70,-71,-71,
-71,-71,-70,-70,-69,-69,-69,-69,
-70,-71,-71,-72,-72,-72,-72,-71,
-70,-70,-69,-68,-67,-66,-64,-62,
-61,-59,-57,-55,-54,-53,-52,-51,
-51,-50,-50,-49,-49,-49,-49,-50,
-50,-50,-50,-50,-50,-49,-49,-49,
-49,-49,-50,-50,-50,-51,-51,-52,
-52,-53,-54,-54,-54,-54,-54,-53,
-53,-53,-53,-54,-55,-55,-55,-55,
-56,-56,-56,-56,-57,-57,-57,-58,
-58,-58,-59,-59,-59,-60,-60,-60,
-60,-60,-60,-61,-61,-61,-61,-61,
-61,-60,-59,-59,-58,-58,-58,-59,
-59,-59,-59,-59,-58,-58,-58,-58,
-58,-58,-59,-59,-59,-59,-58,-58,
-58,-58,-58,-57,-56,-55,-53,-51,
-48,-46,-45,-43,-43,-42,-41,-39,
-38,-36,-35,-35,-35,-36,-36,-37,
-38,-39,-39,-39,-40,-39,-39,-38,
-38,-38,-39,-40,-43,-45,-48,-50,
-52,-54,-56,-57,-58,-59,-61,-61,
-62,-62,-62,-62,-62,-62,-62,-62,
-62,-62,-62,-62,-62,-63,-63,-63,
-62,-62,-62,-63,-65,-69,-73,-80,
-88,-97,-104,-106,-101,-85,-56,-14,
35,86,130,154,154,129,84,29,
-22,-62,-85,-92,-88,-79,-70,-65,
-64,-65,-68,-70,-71,-71,-70,-69,
-69,-69,-70,-71,-71,-71,-70,-70,
-69,-68,-68,-67,-67,-67,-68,-68,
-69,-70,-70,-70,-69,-69,-68,-68,
-68,-68,-68,-68,-69,-69,-68,-68,
-68,-68,-69,-69,-70,-70,-70,-69,
-68,-67,-66,-66,-65,-65,-65,-65,
-65,-65,-66,-66,-67,-67,-68,-68,
-67,-67,-67,-67,-67,-67,-67,-67,
-68,-68,-68,-68,-68,-68,-68,-69,
-69,-69,-69,-70,-70,-70,-70,-69,
-69,-68,-67,-66,-65,-64,-62,-61,
-59,-58,-56,-55,-54,-54,-53,-53,
-52,-52,-51,-51,-50,-50,-50,-50,
-50,-50,-51,-51,-51,-51,-51,-50,
-50,-50,-50,-51,-51,-51,-51,-51,
-52,-52,-52,-53,-53,-53,-54,-54,
-54,-54,-55,-56,-56,-56,-56,-56,
-56,-57,-57,-57,-58,-58,-59,-59,
-59,-59,-60,-60,-61,-61,-61,-61,
-60,-60,-59,-59,-59,-59,-59,-60,
-61,-62,-62,-62,-62,-61,-60,-60,
-59,-59,-59,-59,-59,-59,-59,-59,
-59,-60,-61,-61,-62,-62,-62,-61,
-60,-59,-57,-55,-53,-52,-50,-49,
-48,-47,-46,-45,-44,-42,-41,-40,
-40,-40,-40,-41,-41,-42,-42,-43,
-43,-44,-44,-43,-42,-41,-41,-41,
-42,-43,-46,-48,-50,-53,-55,-57,
-58,-60,-61,-62,-62,-63,-63,-63,
-64,-64,-64,-64,-64,-64,-65,-65,
-66,-66,-67,-67,-67,-67,-67,-67,
-67,-67,-67,-67,-68,-70,-73,-77,
-83,-90,-98,-103,-106,-102,-91,-69,
-37,5,52,100,139,161,161,137,
95,42,-10,-54,-82,-95,-95,-88,
-79,-72,-68,-68,-69,-72,-74,-75,
-75,-75,-74,-73,-72,-72,-72,-73,
-73,-74,-74,-73,-73,-72,-71,-71,
-71,-72,-72,-72,-72,-72,-71,-71,
-72,-72,-73,-73,-73,-73,-72,-72,
-71,-71,-72,-73,-73,-74,-74,-75,
-75,-74,-74,-74,-74,-73,-73,-73,
-72,-72,-72,-72,-72,-72,-72,-72,
-71,-71,-71,-71,-71,-71,-70,-70,
-70,-70,-71,-71,-72,-73,-74,-74,
-75,-76,-77,-78,-79,-80,-80,-80,
-80,-80,-81,-81,-82,-83,-84,-85,
-85,-84,-83,-81,-79,-77,-75,-73,
-71,-69,-68,-66,-64,-62,-60,-59,
-57,-56,-56,-55,-54,-54,-54,-54,
-54,-54,-54,-53,-53,-53,-52,-52,
-52,-52,-53,-53,-54,-54,-54,-54,
-54,-54,-54,-54,-54,-54,-54,-55,
-55,-55,-56,-56,-56,-56,-56,-56,
-57,-57,-57,-57,-57,-58,-58,-58,
-59,-59,-59,-59,-60,-60,-60,-60,
-61,-61,-61,-61,-60,-60,-60,-60,
-60,-60,-60,-60,-60,-60,-60,-60,
-60,-60,-61,-61,-60,-60,-60,-59,
-59,-59,-60,-60,-60,-60,-60,-59,
-59,-58,-58,-58,-58,-58,-59,-58,
-58,-56,-54,-52,-50,-48,-47,-47,
-46,-46,-46,-45,-43,-42,-40,-38,
-37,-37,-38,-39,-40,-41,-42,-42,
-42,-42,-42,-41,-39,-38,-38,-38,
-40,-43,-47,-50,-53,-56,-57,-58,
-58,-59,-59,-60,-61,-62,-63,-64,
-64,-64,-63,-63,-63,-63,-63,-64,
-64,-65,-65,-65,-65,-65,-65,-65,
-65,-65,-65,-66,-68,-72,-77,-84,
-91,-98,-103,-104,-97,-82,-56,-19,
26,77,124,159,174,165,132,82,
24,-28,-68,-91,-98,-94,-84,-74,
-68,-66,-67,-69,-71,-72,-73,-73,
-73,-73,-73,-73,-74,-74,-74,-74,
-74,-73,-73,-73,-73,-73,-72,-72,
-72,-71,-71,-72,-72,-72,-72,-72,
-72,-72,-72,-72,-72,-72,-72,-72,
-72,-72,-72,-72,-72,-72,-71,-71,
-70,-70,-70,-71,-71,-72,-72,-72,
-72,-72,-72,-71,-71,-71,-70,-70,
-70,-70,-69,-69,-70,-70,-70,-70,
-70,-70,-71,-71,-72,-72,-73,-74,
-75,-76,-77,-77,-77,-77,-76,-76,
-76,-76,-76,-76,-76,-75,-75,-74,
-74,-73,-71,-69,-67,-65,-63,-61,
-59,-58,-56,-55,-54,-53,-52,-51,
-50,-49,-48,-47,-47,-46,-46,-46,
-46,-46,-46,-46,-46,-46,-46,-46,
-46,-46,-46,-46,-46,-47,-48,-48,
-49,-49,-49,-48,-48,-47,-47,-47,
-47,-48,-49,-50,-50,-50,-50,-50,
-50,-50,-50,-51,-51,-52,-52,-53,
-53,-53,-53,-54,-54,-54,-54,-54,
-54,-53,-53,-53,-53,-54,-55,-56,
-56,-56,-56,-56,-55,-55,-55,-55,
-55,-55,-55,-55,-55,-55,-55,-55,
-55,-55,-55,-54,-53,-53,-52,-52,
-52,-53,-53,-53,-53,-52,-51,-49,
-46,-44,-42,-41,-40,-40,-39,-38,
-37,-35,-33,-32,-31,-30,-31,-31,
-32,-33,-34,-35,-36,-36,-37,-37,
-37,-36,-34,-33,-32,-32,-34,-37,
-41,-45,-49,-52,-54,-55,-56,-56,
-57,-57,-58,-58,-58,-59,-59,-59,
-59,-60,-60,-60,-60,-60,-59,-59,
-59,-59,-60,-62,-65,-68,-74,-80,
-87,-93,-98,-100,-96,-85,-65,-34,
7,56,107,152,181,188,170,129,
72,13,-39,-76,-96,-100,-94,-83,
-73,-66,-63,-63,-65,-67,-68,-68,
-68,-67,-66,-66,-66,-67,-67,-68,
-68,-68,-69,-69,-69,-69,-69,-68,
-68,-67,-66,-66,-65,-65,-65,-66,
-66,-66,-67,-67,-67,-66,-66,-66,
-66,-66,-66,-66,-66,-66,-66,-65,
-65,-65,-65,-65,-65,-65,-65,-65,
-65,-64,-64,-63,-63,-63,-64,-64,
-64,-64,-63,-63,-63,-63,-63,-64,
-65,-66,-67,-67,-66,-66,-65,-65,
-64,-64,-65,-65,-66,-66,-66,-66,
-66,-66,-66,-66,-66,-67,-67,-67,
-67,-66,-65,-63,-61,-59,-57,-56,
-54,-53,-52,-51,-50,-49,-48,-48,
-47,-46,-46,-45,-45,-45,-45,-45,
-45,-46,-46,-46,-46,-46,-46,-45,
-45,-45,-45,-46,-46,-47,-47,-47,
-48,-48,-48,-49,-49,-49,-50,-50,
-50,-50,-50,-50,-50,-50,-51,-51,
-52,-53,-53,-54,-54,-54,-54,-53,
-53,-54,-54,-55,-55,-56,-56,-56,
-56,-56,-56,-55,-54,-54,-54,-54,
-55,-55,-56,-57,-58,-58,-57,-56,
-55,-55,-54,-54,-54,-54,-54,-54,
-54,-54,-54,-53,-53,-52,-52,-53,
-53,-54,-54,-53,-52,-49,-47,-44,
-42,-40,-39,-38,-37,-36,-35,-33,
-32,-32,-31,-32,-32,-33,-34,-34,
-35,-35,-35,-36,-36,-36,-35,-34,
-33,-33,-34,-36,-40,-44,-49,-52,
-54,-56,-56,-56,-55,-55,-55,-55,
-56,-57,-58,-59,-60,-60,-59,-59,
-58,-58,-59,-59,-60,-60,-61,-61,
-62,-63,-66,-69,-74,-80,-88,-96,
-102,-103,-95,-75,-42,3,55,105,
143,161,152,119,69,14,-35,-70,
-88,-90,-84,-74,-65,-60,-59,-61,
-64,-66,-68,-68,-68,-67,-67,-67,
-67,-67,-67,-67,-67,-67,-67,-68,
-68,-68,-68,-68,-68,-68,-68,-68,
-67,-67,-67,-67,-68,-68,-69,-69,
-69,-69,-69,-69,-69,-69,-69,-69,
-69,-69,-69,-68,-68,-67,-67,-67,
-67,-67,-67,-68,-68,-68,-68,-68,
-67,-67,-67,-67,-67,-68,-69,-70,
-70,-71,-71,-70,-70,-70,-71,-71,
-72,-73,-74,-74,-74,-74,-74,-74,
-73,-73,-73,-74,-75,-75,-75,-74,
-73,-72,-70,-67,-65,-63,-61,-60,
-59,-58,-57,-57,-56,-55,-55,-54,
-54,-53,-54,-54,-54,-54,-55,-55,
-55,-55,-55,-54,-54,-54,-54,-54,
-54,-55,-56,-56,-57,-57,-57,-57,
-57,-57,-57,-58,-58,-59,-59,-59,
-59,-59,-59,-59,-59,-60,-60,-61,
-61,-62,-62,-63,-63,-63,-63,-63,
-64,-64,-65,-65,-65,-66,-66,-66,
-66,-67,-67,-67,-67,-66,-66,-65,
-65,-64,-64,-64,-65,-65,-66,-67,
-68,-69,-69,-69,-68,-67,-67,-66,
-66,-66,-67,-67,-66,-66,-64,-62,
-60,-58,-57,-56,-55,-54,-53,-51,
-50,-48,-48,-47,-47,-47,-48,-49,
-49,-50,-51,-51,-52,-51,-51,-50,
-49,-49,-51,-54,-57,-61,-65,-67,
-69,-71,-71,-71,-71,-71,-71,-71,
-71,-71,-72,-72,-72,-72,-72,-72,
-72,-73,-73,-74,-75,-75,-74,-73,
-73,-74,-76,-79,-84,-91,-99,-107,
-112,-112,-103,-82,-48,-3,47,97,
135,153,146,113,64,7,-43,-80,
-100,-105,-100,-90,-82,-77,-75,-77,
-79,-81,-82,-82,-81,-81,-81,-82,
-83,-83,-83,-83,-83,-83,-82,-82,
-82,-82,-82,-82,-82,-83,-83,-83,
-84,-84,-85,-85,-85,-85,-84,-84,
-84,-84,-85,-85,-85,-84,-84,-83,
-83,-83,-83,-83,-83,-84,-84,-83,
-83,-83,-82,-82,-82,-82,-82,-82,
-82,-81,-81,-81,-81,-82,-83,-84,
-86,-87,-88,-88,-88,-88,-89,-89,
-90,-91,-92,-93,-93,-94,-94,-93,
-93,-93,-93,-93,-93,-93,-93,-92,
-91,-90,-89,-87,-86,-84,-82,-80,
-78,-76,-74,-72,-70,-68,-66,-65,
-64,-63,-63,-63,-63,-63,-63,-62,
-62,-62,-62,-62,-62,-62,-62,-61,
-61,-61,-61,-61,-61,-61,-61,-61,
-62,-62,-63,-63,-64,-64,-65,-65,
-65,-65,-65,-66,-67,-67,-68,-68,
-67,-67,-67,-67,-67,-67,-67,-68,
-68,-68,-69,-69,-69,-69,-69,-69,
-69,-69,-69,-69,-69,-69,-70,-70,
-70,-70,-69,-69,-68,-68,-68,-68,
-68,-68,-69,-69,-69,-69,-68,-68,
-68,-67,-67,-67,-67,-68,-68,-68,
-68,-68,-68,-67,-66,-64,-62,-60,
-58,-57,-56,-55,-54,-52,-51,-49,
-47,-46,-46,-46,-46,-47,-48,-49,
-50,-51,-52,-52,-53,-52,-51,-49,
-47,-46,-45,-46,-49,-53,-57,-61,
-64,-66,-68,-69,-70,-71,-71,-71,
-72,-72,-72,-72,-71,-71,-71,-71,
-72,-72,-72,-72,-72,-72,-71,-72,
-74,-78,-84,-92,-101,-108,-112,-110,
-99,-80,-52,-15,29,78,127,172,
207,224,220,192,143,81,17,-38,
-78,-98,-102,-96,-86,-77,-73,-73,
-75,-78,-80,-81,-81,-80,-80,-79,
-79,-80,-81,-82,-82,-82,-82,-82,
-81,-81,-80,-80,-79,-79,-79,-79,
-79,-79,-80,-80,-80,-80,-80,-80,
-80,-80,-79,-79,-79,-79,-79,-80,
-80,-80,-81,-81,-81,-81,-81,-80,
-80,-80,-79,-79,-79,-79,-79,-79,
-80,-80,-81,-81,-81,-81,-80,-80,
-80,-80,-81,-81,-82,-82,-83,-83,
-83,-83,-83,-83,-83,-83,-83,-83,
-83,-83,-82,-82,-82,-81,-80,-79,
-77,-76,-73,-71,-69,-67,-65,-63,
-62,-62,-61,-61,-60,-60,-60,-59,
-59,-59,-59,-59,-59,-60,-60,-59,
-59,-59,-59,-59,-59,-60,-60,-61,
-61,-62,-62,-62,-63,-63,-63,-63,
-63,-63,-63,-64,-64,-65,-65,-65,
-65,-65,-66,-67,-67,-68,-68,-68,
-67,-67,-67,-67,-67,-68,-68,-68,
-68,-68,-68,-68,-68,-68,-68,-68,
-68,-68,-68,-68,-68,-69,-69,-69,
-69,-70,-69,-69,-69,-69,-69,-70,
-70,-70,-70,-69,-69,-68,-67,-67,
-66,-66,-66,-66,-66,-66,-65,-64,
-62,-60,-58,-57,-55,-54,-53,-52,
-51,-50,-49,-47,-46,-46,-46,-46,
-46,-47,-48,-50,-51,-52,-52,-52,
-51,-49,-47,-46,-46,-47,-49,-51,
-54,-56,-59,-61,-63,-64,-66,-67,
-69,-69,-70,-70,-71,-71,-71,-71,
-72,-72,-73,-73,-73,-73,-73,-74,
-74,-74,-74,-75,-75,-77,-79,-83,
-88,-95,-103,-110,-115,-114,-104,-83,
-49,-4,47,99,139,160,155,123,
73,14,-40,-80,-102,-107,-101,-90,
-80,-74,-73,-74,-78,-80,-82,-82,
-82,-81,-80,-80,-80,-80,-81,-81,
-81,-81,-81,-81,-81,-81,-81,-80,
-80,-80,-80,-80,-80,-80,-80,-80,
-80,-80,-80,-80,-80,-80,-80,-80,
-80,-80,-80,-80,-80,-80,-79,-79,
-79,-79,-78,-78,-78,-78,-78,-79,
-79,-79,-79,-78,-78,-78,-78,-78,
-78,-78,-77,-77,-77,-77,-78,-78,
-78,-79,-79,-79,-78,-78,-77,-77,
-78,-78,-79,-81,-82,-82,-82,-82,
-80,-78,-76,-75,-74,-73,-72,-72,
-71,-69,-67,-65,-62,-60,-59,-59,
-59,-59,-59,-59,-58,-57,-57,-56,
-56,-57,-57,-58,-59,-59,-60,-60,
-60,-60,-60,-59,-59,-59,-59,-59,
-59,-60,-61,-61,-62,-62,-63,-63,
-63,-62,-62,-61,-61,-62,-62,-63,
-64,-65,-66,-67,-68,-68,-68,-68,
-68,-68,-68,-68,-67,-67,-67,-66,
-66,-66,-66,-66,-67,-68,-68,-69,
-69,-70,-70,-70,-70,-70,-69,-69,
-68,-68,-68,-68,-68,-68,-68,-69,
-69,-69,-69,-69,-69,-69,-68,-68,
-68,-68,-68,-67,-65,-64,-62,-60,
-59,-58,-58,-57,-56,-55,-53,-51,
-49,-47,-45,-45,-45,-46,-47,-47,
-48,-49,-49,-50,-50,-51,-53,-54,
-54,-53,-52,-50,-48,-47,-47,-49,
-52,-56,-60,-64,-67,-70,-72,-73,
-73,-72,-72,-71,-71,-71,-71,-71,
-71,-72,-72,-72,-72,-72,-72,-72,
-71,-71,-72,-73,-75,-78,-82,-88,
-95,-102,-109,-113,-113,-106,-90,-63,
-25,21,70,114,144,153,138,102,
51,-2,-50,-83,-101,-104,-98,-89,
-81,-75,-74,-74,-76,-78,-79,-79,
-79,-79,-79,-79,-80,-80,-81,-82,
-82,-82,-82,-82,-81,-80,-79,-79,
-78,-78,-79,-79,-80,-80,-80,-80,
-80,-80,-80,-81,-81,-81,-82,-82,
-82,-82,-82,-82,-82,-81,-81,-80,
-80,-79,-79,-79,-79,-79,-80,-80,
-80,-80,-79,-79,-78,-78,-78,-78,
-79,-79,-80,-80,-80,-79,-79,-79,
-80,-81,-82,-83,-84,-84,-84,-84,
-84,-85,-85,-85,-86,-86,-87,-87,
-87,-87,-87,-87,-87,-87,-86,-85,
-83,-81,-79,-77,-75,-72,-70,-68,
-66,-65,-64,-63,-63,-63,-63,-64,
-64,-64,-64,-63,-63,-62,-61,-60,
-60,-61,-61,-62,-62,-63,-63,-63,
-63,-63,-63,-63,-64,-64,-64,-64,
-64,-64,-64,-64,-64,-65,-66,-66,
-66,-65,-64,-64,-64,-65,-65,-66,
-67,-67,-67,-67,-66,-66,-66,-67,
-68,-69,-71,-72,-73,-73,-73,-72,
-71,-70,-69,-68,-68,-68,-68,-69,
-69,-70,-70,-70,-70,-70,-70,-70,
-70,-70,-70,-70,-70,-70,-70,-69,
-69,-69,-69,-69,-69,-68,-68,-67,
-67,-66,-66,-64,-63,-61,-60,-59,
-58,-56,-55,-54,-52,-51,-49,-48,
-48,-47,-47,-47,-47,-47,-48,-48,
-49,-50,-51,-51,-52,-52,-51,-50,
-49,-48,-49,-51,-53,-57,-60,-62,
-65,-67,-68,-70,-70,-71,-71,-72,
-72,-72,-73,-73,-73,-73,-73,-72,
-72,-72,-73,-73,-73,-73,-72,-71,
-71,-72,-74,-78,-83,-89,-95,-101,
-106,-108,-106,-98,-81,-56,-21,20,
68,115,153,177,180,161,123,73,
20,-27,-66,-91,-103,-105,-101,-94,
-87,-82,-79,-77,-77,-77,-77,-77,
-77,-76,-76,-76,-76,-76,-76,-77,
-77,-77,-77,-77,-77,-77,-77,-77,
-77,-77,-77,-77,-77,-77,-77,-77,
-77,-77,-76,-76,-76,-75,-75,-75,
-75,-75,-76,-76,-76,-76,-76,-76,
-76,-77,-77,-77,-77,-77,-76,-75,
-75,-74,-74,-75,-75,-76,-76,-77,
-77,-76,-76,-75,-75,-75,-75,-76,
-77,-77,-78,-78,-78,-79,-80,-80,
-81,-82,-83,-83,-84,-84,-85,-85,
-85,-85,-85,-85,-84,-84,-83,-82,
-81,-79,-78,-76,-74,-72,-70,-68,
-66,-64,-62,-61,-60,-60,-59,-59,
-58,-58,-57,-57,-56,-56,-55,-55,
-55,-55,-55,-55,-55,-55,-55,-54,
-54,-53,-53,-54,-54,-55,-55,-55,
-55,-55,-55,-55,-55,-55,-56,-56,
-57,-57,-57,-57,-57,-57,-58,-58,
-59,-60,-61,-62,-63,-63,-63,-63,
-62,-62,-61,-61,-61,-61,-61,-61,
-62,-62,-62,-63,-63,-63,-63,-63,
-62,-62,-63,-63,-63,-63,-63,-63,
-62,-62,-62,-62,-63,-63,-64,-64,
-65,-64,-64,-63,-62,-61,-60,-60,
-60,-60,-60,-60,-61,-61,-61,-61,
-61,-61,-61,-60,-59,-58,-56,-54,
-52,-50,-49,-48,-47,-46,-45,-44,
-42,-40,-39,-38,-38,-39,-40,-41,
-42,-43,-44,-44,-44,-43,-42,-41,
-39,-38,-38,-40,-42,-45,-49,-52,
-55,-57,-59,-60,-60,-61,-62,-63,
-63,-64,-65,-66,-66,-67,-67,-68,
-68,-68,-68,-68,-68,-67,-67,-67,
-67,-68,-69,-72,-76,-81,-87,-93,
-100,-106,-112,-116,-117,-117,-113,-106,
-95,-79,-54,-20,21,70,118,157,
177,173,144,96,37,-18,-62,-88,
-98,-94,-85,-76,-69,-67,-68,-71,
-74,-76,-76,-75,-75,-74,-74,-74,
-74,-74,-75,-75,-75,-74,-74,-74,
-74,-74,-74,-75,-75,-75,-75,-75,
-75,-74,-74,-74,-74,-74,-74,-74,
-74,-73,-73,-73,-72,-72,-71,-71,
-71,-71,-72,-72,-73,-74,-74,-74,
-74,-74,-73,-72,-72,-72,-72,-72,
-72,-72,-72,-71,-71,-71,-71,-71,
-72,-72,-72,-72,-72,-73,-73,-73,
-73,-73,-73,-73,-73,-73,-73,-73,
-73,-74,-74,-74,-74,-74,-74,-74,
-74,-73,-73,-72,-72,-70,-69,-68,
-67,-65,-64,-63,-61,-60,-59,-58,
-57,-56,-55,-53,-53,-52,-51,-51,
-51,-51,-52,-52,-52,-52,-53,-53,
-53,-54,-54,-54,-53,-53,-53,-53,
-53,-54,-54,-55,-55,-55,-55,-55,
-55,-55,-55,-56,-56,-57,-58,-59,
-60,-60,-60,-60,-60,-60,-59,-59,
-59,-60,-60,-61,-61,-62,-62,-62,
-62,-62,-63,-63,-63,-63,-63,-63,
-63,-63,-63,-63,-63,-63,-63,-63,
-63,-63,-63,-63,-63,-63,-63,-63,
-63,-63,-63,-63,-63,-63,-63,-63,
-64,-64,-64,-65,-65,-64,-64,-63,
-62,-61,-59,-57,-55,-54,-52,-50,
-49,-48,-47,-46,-45,-43,-42,-40,
-40,-40,-40,-41,-42,-44,-45,-46,
-46,-47,-47,-47,-47,-47,-47,-46,
-44,-42,-41,-41,-42,-45,-49,-54,
-58,-61,-63,-65,-65,-66,-66,-67,
-67,-67,-66,-66,-66,-66,-66,-67,
-67,-68,-68,-69,-69,-68,-68,-68,
-69,-70,-72,-75,-80,-86,-93,-100,
-107,-111,-109,-99,-78,-45,-2,47,
97,136,158,156,130,85,30,-22,
-64,-90,-100,-98,-90,-80,-74,-71,
-72,-74,-76,-77,-78,-78,-77,-77,
-77,-77,-78,-78,-78,-78,-78,-78,
-78,-79,-79,-79,-78,-78,-77,-77,
-77,-77,-78,-78,-78,-78,-77,-77,
-77,-76,-77,-77,-78,-78,-79,-79,
-79,-79,-79,-78,-78,-78,-78,-78,
-77,-78,-78,-78,-78,-78,-78,-78,
-78,-78,-77,-76,-76,-76,-76,-76,
-76,-76,-76,-76,-77,-77,-77,-78,
-78,-78,-78,-78,-79,-79,-80,-81,
-82,-82,-82,-82,-82,-82,-82,-82,
-83,-83,-83,-84,-84,-83,-83,-82,
-81,-80,-78,-77,-75,-73,-72,-71,
-70,-69,-68,-67,-67,-66,-65,-64,
-63,-63,-63,-63,-63,-63,-63,-64,
-64,-64,-65,-66,-66,-67,-67,-67,
-67,-66,-67,-67,-67,-67,-67,-67,
-67,-68,-69,-70,-71,-71,-71,-71,
-71,-72,-72,-73,-73,-73,-73,-73,
-72,-72,-72,-72,-72,-72,-73,-73,
-74,-74,-75,-76,-76,-76,-76,-76,
-76,-75,-74,-74,-74,-74,-73,-73,
-73,-74,-75,-76,-77,-78,-79,-78,
-76,-75,-73,-72,-71,-72,-72,-73,
-73,-73,-72,-71,-69,-67,-65,-63,
-61,-60,-59,-58,-57,-56,-54,-53,
-53,-52,-52,-52,-53,-54,-55,-56,
-58,-59,-60,-59,-58,-56,-53,-50,
-48,-49,-51,-55,-59,-64,-69,-73,
-76,-79,-80,-80,-80,-80,-79,-79,
-79,-80,-80,-81,-81,-81,-81,-82,
-82,-82,-83,-83,-84,-84,-85,-86,
-88,-92,-97,-105,-112,-117,-117,-109,
-89,-55,-11,39,89,127,145,137,
105,54,-2,-54,-92,-112,-116,-109,
-98,-88,-82,-80,-81,-84,-86,-88,
-89,-89,-89,-88,-88,-88,-88,-88,
-89,-89,-89,-89,-90,-90,-89,-89,
-89,-88,-88,-88,-88,-88,-88,-88,
-88,-88,-88,-89,-89,-90,-90,-90,
-90,-90,-89,-89,-88,-88,-88,-88,
-88,-88,-88,-88,-89,-89,-89,-89,
-88,-88,-88,-87,-87,-87,-88,-88,
-88,-89,-90,-90,-90,-90,-89,-89,
-89,-90,-90,-91,-92,-92,-93,-93,
-93,-93,-94,-94,-95,-95,-96,-97,
-97,-98,-98,-98,-98,-98,-97,-95,
-94,-92,-89,-87,-85,-83,-81,-79,
-77,-75,-73,-71,-69,-68,-67,-66,
-65,-65,-65,-64,-64,-64,-64,-64,
-64,-64,-65,-65,-65,-66,-66,-67,
-67,-67,-67,-67,-67,-67,-67,-67,
-67,-68,-68,-69,-70,-71,-71,-71,
-71,-71,-71,-71,-71,-71,-70,-70,
-70,-70,-70,-70,-71,-71,-72,-72,
-72,-72,-72,-72,-72,-72,-72,-73,
-73,-73,-73,-72,-72,-72,-72,-72,
-72,-72,-72,-72,-73,-73,-73,-73,
-73,-72,-72,-72,-72,-72,-71,-71,
-71,-71,-71,-71,-70,-69,-67,-65,
-63,-60,-59,-57,-56,-56,-54,-53,
-52,-50,-49,-49,-49,-50,-51,-52,
-52,-53,-53,-52,-52,-53,-53,-53,
-52,-51,-50,-49,-50,-52,-55,-59,
-63,-67,-70,-72,-73,-74,-74,-74,
-74,-74,-74,-74,-74,-75,-75,-76,
-76,-77,-77,-77,-77,-77,-78,-78,
-80,-82,-87,-93,-101,-109,-116,-119,
-113,-95,-64,-20,33,90,139,170,
175,152,105,44,-17,-69,-102,-116,
-114,-104,-91,-82,-77,-76,-79,-82,
-84,-85,-85,-84,-84,-83,-83,-84,
-84,-85,-85,-84,-84,-84,-84,-84,
-83,-83,-83,-83,-83,-83,-83,-83,
-83,-83,-83,-82,-82,-82,-81,-81,
-81,-81,-80,-80,-80,-80,-80,-80,
-80,-80,-80,-80,-80,-80,-80,-80,
-80,-80,-81,-81,-81,-81,-81,-81,
-81,-80,-80,-79,-79,-79,-80,-80,
-80,-81,-81,-82,-82,-82,-83,-83,
-84,-85,-85,-86,-87,-87,-88,-88,
-88,-87,-86,-85,-84,-83,-81,-79,
-78,-76,-74,-71,-70,-68,-66,-65,
-64,-63,-63,-62,-61,-61,-60,-60,
-60,-60,-59,-59,-59,-59,-60,-60,
-60,-60,-60,-61,-61,-61,-61,-61,
-61,-61,-61,-61,-62,-62,-63,-63,
-63,-62,-62,-61,-61,-61,-61,-62,
-62,-63,-64,-64,-65,-64,-64,-64,
-63,-64,-64,-64,-65,-65,-66,-66,
-66,-66,-66,-65,-65,-65,-65,-65,
-66,-66,-66,-66,-66,-66,-65,-66,
-66,-66,-66,-66,-66,-65,-65,-65,
-65,-65,-65,-65,-65,-65,-65,-64,
-64,-64,-64,-64,-64,-64,-64,-63,
-61,-60,-57,-55,-53,-51,-49,-48,
-47,-46,-45,-43,-42,-41,-40,-40,
-39,-38,-38,-39,-39,-40,-41,-42,
-43,-44,-45,-45,-44,-42,-41,-40,
-40,-42,-45,-50,-54,-58,-61,-63,
-64,-65,-65,-65,-65,-65,-65,-66,
-67,-67,-68,-68,-68,-68,-68,-68,
-68,-68,-69,-69,-70,-72,-76,-81,
-87,-95,-102,-107,-108,-101,-85,-57,
-18,30,82,131,167,182,172,138,
85,25,-31,-74,-101,-110,-106,-95,
-84,-75,-71,-70,-71,-73,-75,-75,
-75,-75,-74,-73,-73,-73,-73,-74,
-74,-74,-74,-74,-74,-73,-73,-72,
-72,-72,-72,-72,-72,-72,-72,-72,
-72,-72,-72,-72,-72,-72,-72,-71,
-71,-71,-71,-71,-71,-71,-71,-71,
-71,-71,-71,-71,-71,-71,-71,-71,
-71,-71,-71,-71,-70,-70,-70,-70,
-70,-70,-70,-71,-71,-71,-71,-71,
-71,-72,-72,-72,-72,-72,-72,-72,
-72,-72,-72,-72,-72,-72,-72,-72,
-72,-72,-72,-72,-72,-71,-71,-70,
-68,-67,-65,-63,-62,-60,-58,-57,
-56,-55,-54,-53,-52,-51,-50,-50,
-49,-49,-49,-49,-49,-49,-49,-49,
-50,-50,-51,-51,-51,-51,-51,-51,
-51,-51,-52,-52,-52,-53,-53,-52,
-52,-52,-52,-52,-53,-53,-54,-54,
-55,-55,-55,-56,-56,-57,-57,-57,
-57,-57,-58,-58,-59,-59,-60,-60,
-60,-60,-59,-60,-60,-61,-61,-62,
-62,-62,-61,-61,-60,-60,-60,-60,
-61,-61,-60,-60,-60,-59,-59,-59,
-59,-59,-59,-59,-60,-60,-60,-60,
-60,-59,-59,-59,-58,-58,-58,-58,
-58,-59,-59,-59,-60,-60,-60,-59,
-58,-57,-55,-53,-50,-48,-47,-45,
-44,-43,-41,-39,-36,-34,-31,-30,
-29,-29,-29,-29,-30,-31,-33,-34,
-35,-35,-35,-33,-32,-31,-31,-33,
-35,-39,-43,-46,-49,-52,-53,-54,
-54,-54,-54,-54,-54,-54,-55,-55,
-55,-56,-57,-58,-59,-60,-61,-61,
-61,-61,-60,-59,-59,-58,-58,-58,
-59,-62,-66,-72,-80,-90,-99,-104,
-103,-92,-67,-30,18,70,118,151,
161,145,106,53,-1,-47,-76,-89,
-88,-79,-70,-62,-59,-59,-62,-64,
-65,-66,-66,-65,-64,-64,-64,-65,
-65,-66,-66,-67,-67,-66,-66,-66,
-66,-66,-66,-66,-66,-66,-66,-65,
-64,-64,-64,-64,-65,-66,-66,-66,
-65,-65,-64,-64,-63,-64,-64,-64,
-65,-65,-65,-66,-66,-66,-66,-67,
-67,-67,-67,-68,-68,-68,-68,-68,
-67,-66,-65,-64,-63,-62,-62,-63,
-64,-65,-66,-67,-67,-68,-68,-68,
-69,-70,-70,-72,-73,-74,-74,-74,
-74,-73,-72,-71,-70,-69,-68,-67,
-67,-66,-65,-64,-63,-62,-60,-59,
-58,-57,-56,-55,-55,-55,-54,-53,
-53,-52,-51,-50,-49,-49,-48,-49,
-49,-50,-51,-51,-52,-52,-52,-52,
-52,-52,-52,-52,-52,-53,-54,-54,
-54,-54,-53,-53,-52,-52,-53,-54,
-55,-57,-57,-58,-58,-58,-58,-58,
-59,-59,-59,-60,-60,-60,-60,-60,
-59,-59,-59,-58,-59,-59,-60,-61,
-62,-62,-63,-62,-62,-62,-62,-62,
-62,-62,-63,-63,-64,-64,-65,-65,
-64,-64,-64,-63,-63,-63,-63,-63,
-63,-63,-63,-63,-63,-63,-63,-63,
-64,-64,-63,-63,-63,-62,-61,-61,
-60,-59,-58,-56,-55,-54,-52,-51,
-49,-48,-46,-44,-43,-42,-42,-41,
-41,-40,-40,-40,-40,-41,-43,-44,
-46,-47,-49,-49,-49,-48,-47,-46,
-46,-46,-49,-51,-55,-58,-61,-63,
-65,-66,-67,-68,-69,-70,-71,-71,
-72,-72,-72,-72,-72,-73,-73,-73,
-73,-73,-73,-72,-72,-72,-72,-74,
-76,-80,-84,-91,-98,-106,-112,-113,
-107,-92,-66,-29,16,66,114,152,
174,175,155,119,73,26,-15,-49,
-73,-88,-98,-102,-103,-102,-98,-94,
-89,-86,-83,-82,-81,-82,-82,-82,
-82,-82,-82,-83,-83,-84,-85,-84,
-84,-83,-83,-83,-83,-83,-83,-83,
-83,-83,-83,-84,-84,-85,-85,-84,
-84,-83,-83,-83,-83,-83,-83,-84,
-84,-85,-85,-86,-86,-86,-86,-85,
-85,-85,-85,-85,-85,-84,-84,-84,
-84,-84,-84,-84,-84,-84,-84,-83,
-83,-83,-84,-84,-85,-86,-87,-87,
-88,-89,-90,-91,-92,-92,-93,-94,
-95,-96,-96,-97,-97,-97,-97,-96,
-95,-94,-93,-91,-90,-88,-85,-83,
-80,-78,-76,-74,-72,-71,-70,-69,
-68,-67,-66,-66,-65,-65,-65,-64,
-64,-64,-64,-63,-63,-63,-63,-63,
-64,-64,-64,-64,-65,-65,-65,-66,
-66,-67,-68,-68,-68,-68,-68,-67,
-67,-67,-68,-68,-68,-68,-68,-68,
-68,-68,-69,-69,-70,-70,-70,-70,
-70,-70,-70,-70,-70,-71,-71,-71,
-71,-71,-71,-71,-71,-71,-71,-72,
-72,-72,-71,-71,-71,-71,-71,-72,
-72,-71,-71,-71,-71,-71,-71,-71,
-72,-72,-72,-72,-71,-71,-71,-71,
-70,-70,-70,-70,-70,-70,-69,-69,
-69,-69,-69,-68,-68,-67,-66,-64,
-63,-61,-59,-58,-57,-56,-55,-54,
-52,-51,-50,-49,-49,-49,-50,-51,
-52,-53,-53,-54,-54,-54,-53,-52,
-51,-50,-51,-52,-55,-58,-62,-66,
-69,-72,-73,-74,-75,-75,-75,-75,
-75,-76,-76,-76,-77,-77,-77,-78,
-78,-79,-79,-79,-79,-79,-80,-80,
-82,-85,-89,-95,-102,-109,-116,-121,
-124,-123,-119,-110,-96,-75,-47,-11,
33,82,127,162,178,168,135,82,
22,-34,-77,-102,-110,-105,-96,-86,
-80,-79,-80,-83,-86,-87,-88,-88,
-87,-86,-86,-86,-86,-86,-87,-87,
-87,-87,-87,-87,-86,-85,-85,-85,
-85,-85,-86,-86,-87,-87,-87,-87,
-86,-86,-85,-85,-84,-84,-84,-84,
-84,-84,-84,-85,-85,-86,-86,-86,
-86,-86,-86,-86,-86,-85,-85,-85,
-85,-85,-85,-85,-85,-85,-85,-84,
-84,-85,-85,-85,-86,-86,-87,-87,
-88,-89,-90,-90,-91,-91,-91,-91,
-91,-91,-91,-91,-91,-91,-91,-90,
-90,-89,-88,-87,-86,-85,-84,-83,
-81,-80,-79,-77,-76,-75,-74,-72,
-71,-70,-69,-69,-69,-69,-68,-68,
-67,-67,-66,-66,-65,-65,-65,-65,
-66,-66,-66,-66,-67,-67,-67,-67,
-67,-67,-68,-68,-68,-68,-68,-68,
-69,-69,-70,-70,-71,-72,-72,-72,
-72,-72,-72,-72,-72,-73,-73,-73,
-73,-73,-73,-74,-74,-74,-75,-75,
-75,-75,-75,-75,-75,-75,-75,-75,
-75,-75,-75,-75,-75,-75,-75,-76,
-76,-76,-76,-76,-75,-75,-74,-74,
-74,-74,-74,-75,-74,-74,-74,-74,
-74,-74,-74,-74,-74,-74,-74,-73,
-73,-73,-72,-72,-71,-70,-68,-66,
-63,-61,-60,-59,-58,-58,-57,-56,
-55,-54,-53,-52,-52,-52,-53,-54,
-55,-56,-56,-56,-56,-56,-56,-56,
-56,-57,-57,-56,-55,-53,-52,-53,
-54,-57,-61,-65,-69,-72,-74,-76,
-76,-76,-76,-76,-76,-77,-78,-79,
-79,-80,-80,-79,-79,-78,-78,-78,
-78,-79,-79,-79,-80,-81,-84,-89,
-94,-100,-107,-114,-120,-122,-120,-110,
-90,-59,-18,31,83,128,158,165,
146,105,48,-10,-62,-97,-114,-116,
-108,-97,-88,-83,-82,-84,-87,-90,
-91,-91,-91,-90,-89,-89,-88,-88,
-88,-87,-87,-86,-86,-86,-86,-87,
-87,-87,-88,-88,-87,-87,-87,-88,
-88,-88,-88,-88,-88,-88,-88,-87,
-87,-87,-86,-86,-86,-86,-86,-87,
-87,-88,-88,-88,-88,-87,-87,-87,
-87,-86,-86,-86,-86,-86,-86,-86,
-86,-86,-86,-86,-86,-86,-86,-86,
-86,-86,-86,-86,-86,-87,-87,-88,
-88,-89,-89,-89,-89,-88,-88,-88,
-89,-89,-89,-88,-87,-86,-85,-83,
-82,-81,-80,-79,-78,-76,-75,-73,
-72,-70,-69,-68,-68,-67,-67,-67,
-67,-67,-67,-66,-66,-66,-66,-65,
-65,-65,-65,-66,-66,-66,-66,-66,
-66,-66,-66,-66,-66,-67,-67,-67,
-68,-68,-68,-68,-68,-69,-69,-69,
-70,-70,-70,-70,-71,-71,-72,-72,
-72,-73,-73,-73,-74,-74,-74,-75,
-75,-75,-75,-75,-75,-74,-74,-74,
-74,-74,-74,-75,-75,-75,-76,-76,
-75,-75,-75,-74,-74,-74,-74,-74,
-74,-74,-74,-74,-74,-74,-74,-73,
-73,-73,-73,-73,-73,-73,-72,-72,
-72,-71,-71,-71,-71,-70,-69,-67,
-65,-63,-61,-60,-59,-58,-57,-57,
-55,-54,-52,-51,-50,-49,-50,-50,
-51,-52,-53,-54,-54,-55,-55,-54,
-53,-51,-50,-50,-51,-53,-56,-60,
-63,-66,-68,-70,-71,-72,-73,-74,
-74,-75,-75,-75,-75,-75,-75,-76,
-77,-77,-77,-77,-77,-77,-77,-78,
-78,-79,-80,-80,-81,-82,-84,-87,
-91,-97,-104,-111,-119,-123,-122,-113,
-93,-62,-20,28,76,116,139,138,
112,68,14,-37,-78,-103,-112,-109,
-99,-90,-84,-81,-82,-84,-87,-88,
-88,-87,-85,-84,-83,-83,-84,-85,
-87,-87,-88,-88,-87,-86,-85,-84,
-84,-84,-85,-86,-87,-87,-87,-87,
-87,-86,-86,-85,-84,-84,-84,-84,
-84,-84,-84,-84,-84,-83,-83,-83,
-84,-84,-84,-83,-83,-83,-83,-83,
-83,-84,-84,-84,-84,-83,-82,-81,
-81,-81,-82,-82,-83,-83,-83,-82,
-82,-81,-81,-81,-81,-82,-83,-83,
-84,-85,-86,-86,-86,-87,-87,-87,
-87,-88,-88,-88,-89,-88,-88,-87,
-85,-84,-82,-80,-78,-76,-75,-73,
-72,-71,-70,-69,-68,-68,-67,-67,
-68,-68,-69,-69,-70,-70,-70,-70,
-70,-70,-70,-69,-69,-69,-69,-69,
-69,-70,-70,-70,-70,-70,-70,-71,
-71,-71,-72,-72,-73,-73,-73,-73,
-73,-73,-73,-73,-73,-74,-74,-74,
-74,-74,-74,-74,-74,-75,-75,-76,
-77,-78,-78,-79,-79,-78,-78,-77,
-76,-76,-76,-76,-76,-77,-77,-78,
-78,-78,-77,-77,-76,-76,-76,-76,
-76,-76,-76,-76,-76,-76,-76,-76,
-76,-76,-75,-74,-73,-72,-70,-69,
-69,-68,-67,-67,-66,-65,-64,-63,
-62,-61,-60,-58,-57,-56,-55,-55,
-55,-56,-57,-59,-59,-60,-60,-60,
-59,-58,-57,-57,-59,-61,-64,-68,
-72,-76,-78,-80,-82,-82,-83,-82,
-81,-81,-80,-80,-80,-81,-81,-82,
-83,-83,-83,-83,-83,-82,-82,-82,
-83,-84,-87,-90,-96,-103,-110,-118,
-124,-127,-128,-125,-121,-115,-108,-97,
-79,-53,-17,26,72,111,133,132,
107,62,8,-42,-82,-106,-114,-111,
-102,-92,-85,-82,-82,-84,-87,-89,
-91,-91,-92,-92,-92,-92,-92,-91,
-91,-90,-89,-89,-88,-89,-89,-89,
-89,-89,-89,-89,-90,-90,-91,-91,
-92,-92,-92,-91,-90,-90,-90,-90,
-90,-90,-89,-89,-89,-89,-89,-88,
-88,-88,-88,-88,-88,-88,-88,-88,
-89,-89,-90,-91,-91,-91,-91,-91,
-91,-91,-91,-91,-92,-92,-93,-93,
-94,-94,-95,-96,-97,-97,-98,-98,
-98,-98,-99,-99,-99,-99,-100,-100,
-100,-99,-97,-95,-93,-90,-87,-85,
-82,-80,-78,-77,-76,-75,-74,-74,
-73,-73,-73,-72,-71,-71,-70,-69,
-69,-69,-69,-69,-69,-69,-69,-69,
-69,-70,-70,-70,-71,-71,-71,-71,
-71,-71,-71,-71,-71,-71,-72,-73,
-73,-74,-74,-74,-74,-74,-74,-74,
-74,-74,-74,-75,-75,-76,-76,-76,
-76,-76,-76,-75,-75,-75,-76,-76,
-76,-76,-76,-76,-76,-77,-77,-77,
-77,-77,-77,-76,-76,-76,-75,-75,
-75,-75,-75,-75,-75,-75,-75,-75,
-75,-75,-75,-76,-76,-76,-76,-75,
-73,-72,-70,-68,-67,-65,-64,-62,
-61,-60,-58,-56,-54,-53,-52,-51,
-51,-51,-52,-53,-54,-55,-57,-57,
-58,-57,-55,-52,-50,-49,-49,-51,
-54,-58,-62,-65,-68,-70,-73,-74,
-76,-77,-78,-78,-78,-78,-78,-79,
-79,-80,-80,-81,-81,-82,-82,-83,
-83,-83,-83,-83,-83,-83,-85,-88,
-94,-101,-109,-117,-123,-124,-117,-99,
-68,-25,26,79,125,154,157,133,
87,29,-28,-74,-103,-113,-110,-100,
-90,-83,-80,-81,-83,-86,-87,-88,
-87,-86,-85,-84,-85,-85,-86,-86,
-87,-87,-87,-87,-88,-88,-88,-88,
-88,-88,-87,-86,-86,-85,-85,-85,
-85,-85,-86,-86,-86,-86,-86,-85,
-85,-85,-85,-85,-85,-85,-85,-85,
-85,-85,-85,-85,-85,-85,-84,-84,
-84,-84,-84,-84,-84,-84,-83,-83,
-83,-84,-84,-85,-85,-85,-85,-85,
-86,-86,-86,-87,-87,-88,-88,-88,
-88,-87,-87,-87,-87,-86,-86,-86,
-85,-85,-85,-85,-85,-84,-83,-82,
-81,-79,-77,-75,-73,-71,-69,-67,
-65,-64,-63,-63,-62,-62,-61,-61,
-61,-60,-59,-59,-58,-58,-58,-58,
-59,-59,-60,-60,-60,-60,-60,-60,
-60,-61,-61,-61,-62,-62,-62,-62,
-62,-63,-63,-63,-63,-63,-63,-62,
-63,-63,-63,-63,-64,-64,-64,-65,
-65,-65,-65,-65,-66,-66,-66,-67,
-67,-67,-67,-67,-67,-67,-67,-67,
-67,-67,-66,-66,-66,-66,-66,-65,
-65,-66,-66,-66,-66,-66,-66,-66,
-67,-67,-67,-67,-67,-67,-66,-65,
-65,-64,-64,-64,-65,-64,-64,-63,
-61,-59,-56,-54,-53,-51,-50,-50,
-50,-50,-50,-49,-48,-47,-45,-44,
-42,-41,-41,-41,-42,-43,-45,-46,
-47,-47,-47,-46,-44,-42,-42,-43,
-45,-49,-53,-57,-61,-63,-65,-66,
-66,-66,-65,-65,-65,-65,-65,-66,
-66,-66,-66,-67,-67,-67,-67,-67,
-67,-68,-69,-72,-76,-82,-90,-97,
-104,-108,-107,-100,-84,-60,-27,14,
61,111,156,190,206,200,169,120,
59,-1,-50,-83,-98,-98,-89,-79,
-71,-67,-67,-69,-72,-74,-74,-74,
-74,-73,-73,-73,-73,-74,-74,-74,
-74,-74,-73,-73,-73,-73,-72,-72,
-72,-72,-72,-72,-72,-72,-72,-71,
-71,-71,-71,-71,-71,-70,-70,-69,
-69,-68,-68,-68,-69,-69,-69,-69,
-69,-69,-69,-69,-70,-70,-70,-70,
-70,-70,-70,-70,-70,-69,-69,-69,
-68,-68,-67,-67,-67,-67,-68,-68,
-69,-69,-69,-70,-70,-70,-71,-71,
-71,-72,-72,-72,-72,-71,-71,-70,
-69,-67,-66,-64,-62,-61,-59,-58,
-57,-56,-55,-54,-53,-52,-51,-51,
-50,-50,-50,-49,-49,-49,-48,-48,
-48,-48,-48,-48,-49,-49,-50,-50,
-50,-50,-50,-50,-50,-49,-49,-50,
-50,-51,-52,-53,-53,-53,-53,-52,
-52,-52,-53,-53,-54,-54,-55,-55,
-55,-54,-54,-54,-54,-55,-55,-56,
-56,-57,-57,-57,-57,-56,-57,-57,
-57,-58,-58,-58,-58,-58,-58,-58,
-58,-58,-58,-59,-60,-60,-60,-60,
-60,-59,-58,-58,-57,-57,-56,-57,
-57,-57,-57,-57,-57,-57,-56,-56,
-56,-56,-56,-57,-57,-56,-56,-55,
-53,-51,-49,-47,-45,-43,-42,-40,
-39,-38,-36,-35,-34,-33,-33,-34,
-34,-35,-36,-37,-38,-39,-39,-39,
-39,-39,-39,-39,-38,-37,-35,-34,
-34,-34,-37,-40,-44,-49,-53,-55,
-57,-58,-59,-59,-59,-59,-60,-60,
-61,-61,-61,-62,-62,-62,-62,-63,
-63,-63,-63,-62,-62,-63,-63,-65,
-67,-71,-76,-82,-90,-98,-104,-106,
-102,-89,-65,-31,11,59,108,149,
177,184,170,136,88,34,-17,-58,
-85,-97,-98,-92,-83,-76,-71,-69,
-70,-71,-72,-72,-72,-71,-70,-70,
-70,-70,-70,-70,-70,-70,-69,-69,
-69,-69,-70,-71,-72,-72,-72,-72,
-71,-71,-70,-70,-70,-70,-71,-71,
-71,-71,-71,-71,-70,-70,-70,-70,
-70,-71,-71,-71,-71,-72,-71,-71,
-71,-70,-70,-70,-69,-69,-69,-69,
-69,-69,-70,-70,-70,-70,-71,-71,
-71,-70,-70,-70,-69,-69,-69,-69,
-70,-70,-71,-72,-72,-73,-74,-74,
-74,-74,-74,-75,-75,-76,-77,-79,
-80,-80,-80,-79,-78,-77,-75,-74,
-72,-70,-69,-68,-66,-65,-65,-64,
-63,-62,-61,-59,-58,-57,-57,-56,
-56,-56,-55,-55,-54,-54,-54,-53,
-53,-52,-52,-52,-52,-53,-54,-55,
-56,-56,-56,-55,-54,-53,-53,-54,
-54,-55,-55,-56,-56,-57,-57,-57,
-57,-57,-57,-57,-57,-58,-58,-59,
-59,-60,-60,-60,-59,-59,-59,-59,
-60,-61,-62,-62,-62,-62,-61,-60,
-60,-59,-59,-59,-60,-61,-61,-62,
-62,-62,-62,-62,-62,-62,-63,-63,
-63,-62,-62,-62,-62,-62,-62,-63,
-62,-62,-62,-61,-61,-61,-61,-61,
-61,-61,-61,-60,-60,-60,-61,-61,
-61,-61,-60,-59,-57,-55,-53,-51,
-50,-48,-47,-46,-46,-45,-44,-44,
-43,-43,-43,-43,-42,-42,-41,-41,
-41,-42,-43,-44,-45,-45,-45,-44,
-44,-45,-46,-49,-52,-55,-58,-61,
-62,-64,-64,-65,-66,-66,-67,-67,
-68,-68,-68,-68,-69,-69,-69,-69,
-69,-69,-69,-69,-68,-68,-68,-68,
-68,-68,-68,-68,-69,-70,-72,-76,
-81,-87,-94,-101,-106,-106,-99,-81,
-52,-11,37,88,133,162,169,150,
109,54,-2,-51,-84,-99,-100,-93,
-82,-74,-70,-69,-71,-73,-76,-76,
-77,-76,-76,-76,-76,-76,-76,-77,
-77,-77,-76,-76,-76,-76,-77,-77,
-77,-78,-78,-78,-77,-77,-77,-76,
-76,-75,-75,-75,-75,-75,-75,-75,
-75,-75,-76,-76,-75,-75,-75,-75,
-75,-75,-75,-75,-75,-76,-76,-76,
-76,-75,-75,-75,-75,-75,-74,-74,
-74,-74,-74,-74,-74,-74,-74,-75,
-76,-77,-77,-78,-79,-80,-80,-80,
-81,-81,-81,-82,-82,-83,-83,-83,
-83,-83,-83,-82,-81,-81,-80,-79,
-78,-76,-74,-72,-70,-68,-65,-64,
-62,-60,-59,-58,-57,-56,-56,-56,
-55,-55,-54,-53,-53,-52,-52,-52,
-52,-52,-52,-52,-53,-53,-53,-53,
-53,-53,-53,-53,-53,-53,-53,-53,
-54,-54,-54,-54,-54,-54,-54,-54,
-55,-55,-56,-56,-56,-56,-56,-56,
-57,-57,-58,-58,-59,-59,-59,-59,
-59,-59,-59,-59,-60,-60,-60,-59,
-59,-59,-59,-59,-59,-60,-60,-61,
-62,-62,-62,-62,-62,-61,-61,-61,
-61,-61,-61,-61,-61,-60,-60,-60,
-59,-60,-60,-60,-61,-61,-61,-61,
-61,-60,-60,-60,-60,-60,-60,-60,
-60,-60,-60,-60,-59,-59,-59,-58,
-56,-55,-53,-51,-49,-48,-46,-45,
-43,-42,-41,-40,-39,-39,-39,-38,
-38,-39,-39,-39,-40,-41,-41,-42,
-41,-40,-39,-38,-37,-38,-40,-43,
-46,-50,-53,-55,-57,-58,-59,-60,
-60,-61,-61,-62,-62,-62,-62,-63,
-63,-63,-64,-64,-65,-65,-65,-65,
-65,-65,-65,-65,-65,-66,-68,-70,
-74,-79,-86,-93,-100,-106,-106,-100,
-82,-52,-10,42,97,147,179,187,
167,123,63,2,-48,-81,-95,-94,
-86,-75,-68,-65,-65,-68,-70,-72,
-73,-72,-72,-72,-72,-73,-74,-74,
-75,-75,-75,-75,-75,-74,-74,-74,
-74,-75,-75,-74,-74,-74,-74,-74,
-73,-73,-73,-73,-73,-73,-73,-74,
-74,-74,-74,-73,-73,-73,-73,-73,
-74,-74,-74,-74,-73,-73,-72,-71,
-70,-69,-69,-68,-68,-68,-68,-69,
-69,-69,-69,-69,-69,-69,-70,-70,
-70,-70,-70,-70,-71,-71,-71,-71,
-71,-71,-71,-71,-71,-72,-72,-72,
-72,-72,-71,-71,-70,-69,-69,-68,
-67,-66,-64,-63,-61,-60,-58,-57,
-56,-55,-54,-53,-53,-52,-52,-52,
-52,-52,-51,-50,-50,-49,-49,-49,
-50,-50,-51,-51,-51,-50,-50,-50,
-51,-51,-52,-52,-53,-53,-53,-53,
-53,-54,-54,-55,-55,-55,-56,-56,
-56,-56,-57,-57,-57,-57,-57,-57,
-57,-57,-57,-58,-58,-59,-59,-60,
-60,-60,-61,-61,-61,-62,-62,-61,
-61,-61,-60,-60,-60,-60,-61,-61,
-62,-62,-62,-62,-62,-61,-61,-60,
-60,-60,-60,-60,-60,-60,-59,-59,
-59,-59,-58,-58,-58,-59,-59,-59,
-59,-59,-59,-58,-56,-55,-53,-51,
-49,-48,-47,-46,-46,-45,-44,-42,
-40,-39,-37,-36,-36,-37,-38,-39,
-40,-41,-42,-42,-42,-42,-41,-40,
-39,-38,-39,-40,-42,-45,-47,-50,
-52,-54,-56,-57,-59,-60,-61,-61,
-61,-60,-60,-60,-60,-61,-61,-62,
-63,-63,-63,-63,-63,-64,-64,-65,
-66,-67,-68,-69,-71,-74,-79,-86,
-94,-102,-108,-109,-101,-81,-47,-1,
52,103,143,161,153,119,67,10,
-41,-78,-96,-99,-91,-80,-71,-66,
-65,-66,-68,-70,-71,-72,-72,-72,
-72,-72,-73,-74,-74,-74,-74,-73,
-73,-73,-73,-72,-72,-72,-73,-73,
-73,-73,-73,-73,-73,-73,-72,-73,
-73,-73,-74,-74,-74,-73,-73,-73,
-73,-74,-74,-74,-74,-74,-73,-72,
-71,-71,-70,-70,-69,-69,-69,-69,
-69,-69,-70,-70,-71,-71,-71,-71,
-71,-71,-71,-71,-71,-70,-70,-70,
-71,-71,-72,-73,-73,-74,-74,-74,
-74,-74,-74,-74,-74,-74,-74,-73,
-73,-72,-70,-69,-67,-65,-64,-63,
-62,-61,-60,-58,-57,-55,-54,-53,
-52,-52,-52,-53,-53,-54,-54,-54,
-54,-54,-55,-54,-54,-54,-54,-54,
-54,-54,-55,-55,-56,-56,-56,-56,
-56,-56,-56,-56,-56,-56,-56,-57,
-58,-59,-60,-60,-61,-61,-61,-61,
-61,-61,-61,-61,-61,-61,-61,-61,
-61,-61,-62,-62,-62,-63,-63,-64,
-64,-65,-65,-64,-64,-63,-62,-62,
-62,-62,-63,-63,-63,-63,-63,-63,
-63,-64,-64,-64,-63,-63,-62,-61,
-60,-60,-60,-60,-60,-60,-61,-61,
-62,-62,-62,-61,-59,-58,-56,-54,
-53,-52,-52,-51,-50,-48,-45,-43,
-41,-39,-39,-39,-40,-41,-42,-44,
-45,-46,-46,-46,-45,-44,-43,-43,
-44,-47,-50,-54,-58,-61,-64,-65,
-66,-66,-66,-65,-66,-66,-66,-67,
-67,-67,-67,-67,-66,-66,-66,-66,
-66,-66,-67,-68,-68,-69,-70,-70,
-71,-72,-74,-78,-83,-90,-99,-107,
-110,-106,-89,-59,-16,35,89,135,
162,164,139,93,36,-18,-63,-90,
-100,-97,-88,-79,-72,-69,-70,-72,
-74,-76,-76,-76,-75,-74,-74,-74,
-74,-74,-75,-76,-76,-77,-77,-76,
-76,-75,-75,-74,-74,-74,-74,-74,
-74,-75,-75,-75,-75,-75,-75,-74,
-74,-74,-74,-75,-75,-76,-77,-77,
-77,-77,-77,-77,-76,-76,-76,-75,
-75,-75,-76,-76,-76,-76,-76,-76,
-75,-74,-74,-73,-73,-73,-74,-75,
-76,-78,-79,-80,-81,-81,-82,-83,
-85,-86,-87,-87,-88,-88,-87,-87,
-86,-86,-85,-83,-82,-80,-78,-75,
-72,-69,-67,-64,-62,-60,-59,-58,
-57,-56,-55,-55,-54,-54,-53,-53,
-52,-52,-51,-51,-51,-51,-51,-52,
-52,-52,-52,-52,-52,-52,-53,-53,
-53,-54,-54,-54,-54,-54,-53,-54,
-54,-54,-55,-55,-55,-56,-56,-56,
-56,-56,-56,-56,-56,-56,-56,-56,
-56,-57,-57,-58,-58,-59,-59,-59,
-59,-59,-59,-59,-59,-59,-59,-60,
-60,-60,-60,-59,-59,-58,-58,-57,
-57,-57,-57,-57,-58,-58,-58,-58,
-57,-57,-56,-56,-56,-56,-56,-56,
-56,-56,-57,-56,-55,-54,-53,-51,
-49,-47,-45,-44,-43,-42,-41,-40,
-39,-38,-36,-35,-34,-34,-34,-35,
-36,-37,-38,-39,-39,-40,-39,-39,
-38,-38,-37,-37,-39,-41,-44,-48,
-52,-55,-58,-60,-60,-61,-61,-60,
-60,-60,-61,-61,-62,-62,-62,-63,
-63,-63,-63,-63,-63,-63,-63,-63,
-62,-62,-62,-63,-64,-67,-71,-77,
-84,-93,-101,-107,-106,-95,-72,-34,
14,69,122,163,181,171,135,81,
20,-33,-72,-92,-94,-87,-76,-67,
-62,-62,-64,-67,-70,-72,-72,-72,
-71,-70,-70,-70,-71,-71,-72,-72,
-72,-72,-71,-71,-71,-70,-70,-70,
-70,-69,-69,-69,-69,-69,-69,-69,
-69,-69,-69,-69,-68,-68,-68,-68,
-68,-68,-68,-68,-68,-68,-68,-68,
-68,-69,-69,-68,-68,-68,-68,-68,
-68,-68,-68,-68,-68,-68,-69,-69,
-69,-69,-69,-70,-70,-70,-71,-71,
-72,-72,-72,-73,-73,-73,-73,-74,
-74,-73,-73,-73,-72,-72,-71,-70,
-69,-67,-65,-62,-61,-59,-58,-57,
-56,-55,-53,-52,-51,-50,-50,-49,
-49,-48,-48,-48,-48,-47,-47,-47,
-47,-47,-47,-47,-47,-48,-48,-48,
-48,-48,-49,-49,-49,-49,-50,-50,
-50,-50,-50,-50,-50,-50,-51,-51,
-51,-51,-51,-51,-51,-52,-52,-53,
-54,-55,-55,-56,-56,-56,-56,-56,
-56,-57,-57,-56,-56,-56,-57,-57,
-57,-57,-57,-56,-56,-56,-56,-56,
-57,-57,-58,-58,-58,-58,-58,-58,
-58,-57,-57,-57,-57,-58,-59,-59,
-60,-60,-59,-59,-58,-57,-57,-57,
-57,-58,-58,-57,-56,-54,-52,-49,
-47,-45,-44,-43,-43,-42,-40,-38,
-37,-35,-35,-35,-36,-37,-37,-38,
-39,-39,-40,-41,-41,-41,-40,-38,
-36,-36,-36,-38,-41,-46,-50,-53,
-56,-58,-60,-61,-61,-62,-62,-62,
-62,-62,-62,-63,-63,-63,-63,-64,
-64,-64,-64,-65,-64,-64,-64,-65,
-66,-68,-72,-77,-84,-91,-99,-104,
-107,-107,-102,-92,-76,-54,-23,16,
61,109,150,177,181,161,119,63,
5,-44,-78,-95,-98,-91,-80,-72,
-67,-66,-68,-70,-73,-75,-76,-76,
-76,-76,-75,-75,-75,-75,-74,-74,
-74,-74,-74,-74,-74,-74,-74,-74,
-74,-74,-74,-73,-73,-72,-72,-71,
-72,-72,-72,-72,-72,-72,-72,-72,
-72,-72,-72,-73,-73,-73,-73,-73,
-73,-73,-73,-73,-73,-73,-73,-73,
-73,-72,-72,-72,-72,-71,-71,-71,
-71,-71,-71,-72,-72,-72,-72,-72,
-72,-73,-73,-74,-74,-74,-75,-75,
-75,-75,-76,-76,-75,-75,-75,-74,
-74,-73,-72,-71,-70,-68,-66,-65,
-63,-62,-61,-59,-59,-58,-58,-57,
-57,-56,-55,-55,-54,-53,-53,-53,
-53,-53,-53,-53,-53,-53,-53,-53,
-53,-54,-54,-54,-55,-55,-56,-56,
-56,-57,-57,-57,-57,-57,-57,-58,
-58,-58,-59,-59,-60,-60,-60,-60,
-60,-60,-60,-60,-60,-61,-61,-62,
-63,-64,-64,-64,-63,-63,-63,-63,
-63,-63,-64,-64,-64,-65,-65,-65,
-65,-65,-65,-64,-64,-64,-65,-65,
-65,-66,-66,-66,-66,-65,-65,-65,
-64,-64,-64,-64,-64,-65,-66,-66,
-66,-66,-66,-65,-64,-63,-62,-60,
-59,-57,-55,-53,-52,-51,-50,-49,
-48,-46,-44,-43,-41,-41,-41,-42,
-43,-44,-46,-46,-47,-47,-47,-47,
-48,-49,-49,-48,-48,-47,-47,-48,
-50,-53,-57,-61,-65,-67,-68,-69,
-68,-68,-67,-67,-67,-68,-69,-70,
-71,-72,-72,-73,-73,-74,-74,-75,
-74,-74,-74,-74,-74,-76,-80,-85,
-92,-100,-107,-113,-116,-115,-108,-96,
-78,-54,-22,16,59,102,138,161,
164,146,107,55,1,-47,-82,-102,
-107,-102,-93,-85,-80,-79,-79,-81,
-83,-84,-84,-84,-83,-83,-84,-84,
-83,-83,-83,-83,-84,-84,-84,-84,
-83,-83,-82,-82,-82,-82,-82,-82,
-82,-83,-83,-83,-83,-84,-84,-85,
-85,-85,-85,-84,-84,-83,-82,-82,
-82,-82,-83,-84,-84,-85,-85,-85,
-85,-85,-85,-84,-84,-84,-83,-83,
-83,-83,-83,-83,-83,-83,-83,-83,
-83,-84,-84,-85,-86,-87,-88,-89,
-89,-89,-88,-89,-89,-90,-90,-91,
-91,-91,-91,-91,-91,-91,-91,-92,
-91,-91,-89,-87,-85,-82,-80,-78,
-75,-73,-72,-70,-69,-68,-67,-66,
-66,-66,-66,-66,-66,-66,-66,-67,
-67,-68,-67,-67,-65,-64,-63,-63,
-63,-63,-64,-66,-67,-68,-68,-68,
-68,-68,-68,-68,-68,-68,-68,-68,
-67,-67,-67,-68,-68,-69,-70,-71,
-71,-71,-72,-72,-72,-72,-72,-72,
-72,-72,-72,-73,-73,-74,-75,-76,
-76,-76,-75,-74,-72,-71,-71,-71,
-72,-73,-73,-74,-74,-73,-73,-72,
-72,-72,-72,-72,-72,-73,-73,-73,
-74,-74,-74,-74,-74,-73,-73,-73,
-73,-72,-72,-72,-71,-70,-69,-67,
-66,-64,-63,-62,-61,-60,-59,-58,
-56,-55,-54,-53,-52,-51,-51,-51,
-51,-52,-53,-54,-54,-55,-55,-55,
-55,-56,-56,-56,-56,-54,-53,-53,
-54,-57,-60,-64,-68,-71,-73,-75,
-76,-77,-77,-77,-77,-77,-78,-78,
-79,-79,-79,-80,-80,-80,-80,-80,
-80,-80,-80,-81,-81,-82,-83,-87,
-91,-98,-105,-112,-117,-120,-117,-109,
-94,-72,-41,-4,39,85,128,160,
173,162,128,76,17,-37,-80,-105,
-113,-110,-100,-91,-84,-82,-83,-85,
-87,-89,-89,-88,-87,-87,-87,-87,
-87,-88,-88,-88,-88,-88,-87,-87,
-87,-87,-87,-88,-88,-89,-89,-89,
-88,-88,-87,-86,-86,-86,-86,-87,
-87,-87,-87,-88,-87,-87,-87,-87,
-86,-86,-86,-86,-86,-86,-87,-86,
-86,-86,-86,-87,-87,-87,-87,-87,
-87,-87,-87,-87,-87,-86,-86,-86,
-86,-87,-87,-88,-88,-89,-90,-90,
-91,-91,-92,-93,-94,-95,-95,-96,
-96,-96,-96,-95,-95,-95,-94,-94,
-93,-91,-89,-86,-84,-81,-79,-77,
-75,-74,-73,-71,-70,-69,-68,-67,
-66,-65,-65,-64,-63,-63,-63,-63,
-62,-62,-62,-62,-63,-63,-63,-63,
-62,-62,-62,-62,-62,-62,-62,-62,
-62,-63,-63,-64,-64,-64,-65,-65,
-65,-65,-65,-65,-66,-67,-67,-68,
-68,-67,-67,-67,-67,-67,-67,-68,
-68,-68,-69,-69,-68,-68,-69,-69,
-69,-69,-70,-70,-71,-71,-71,-71,
-70,-70,-70,-71,-71,-72,-73,-73,
-74,-74,-73,-73,-72,-71,-71,-70,
-70,-70,-70,-70,-70,-71,-71,-71,
-71,-71,-71,-71,-71,-71,-71,-70,
-70,-70,-70,-70,-69,-68,-67,-65,
-63,-61,-58,-56,-55,-54,-53,-52,
-51,-50,-49,-48,-47,-46,-46,-46,
-47,-48,-49,-50,-51,-51,-52,-52,
-53,-53,-53,-52,-50,-49,-48,-48,
-50,-53,-57,-61,-65,-68,-70,-71,
-72,-72,-72,-72,-72,-72,-73,-73,
-74,-75,-75,-75,-76,-76,-76,-76,
-76,-76,-76,-75,-75,-75,-76,-79,
-84,-91,-99,-107,-114,-118,-118,-112,
-99,-80,-55,-22,15,58,104,149,
187,212,218,202,163,107,43,-16,
-63,-93,-104,-102,-93,-83,-77,-75,
-76,-78,-81,-82,-83,-83,-83,-83,
-83,-83,-84,-84,-84,-84,-84,-84,
-84,-84,-84,-84,-84,-83,-83,-83,
-83,-84,-84,-84,-83,-83,-83,-83,
-83,-83,-83,-83,-83,-83,-83,-83,
-82,-82,-81,-81,-80,-80,-80,-80,
-81,-81,-81,-82,-82,-82,-82,-81,
-81,-81,-81,-81,-81,-81,-80,-80,
-80,-80,-80,-80,-79,-79,-79,-79,
-79,-80,-80,-81,-81,-81,-82,-82,
-82,-82,-82,-82,-83,-83,-83,-84,
-84,-84,-84,-84,-84,-83,-82,-81,
-79,-77,-75,-73,-72,-70,-69,-68,
-66,-65,-64,-63,-63,-62,-62,-61,
-61,-61,-60,-60,-60,-60,-60,-60,
-60,-60,-60,-59,-59,-59,-59,-59,
-60,-60,-60,-61,-61,-61,-61,-61,
-62,-62,-62,-63,-63,-63,-63,-64,
-63,-63,-63,-63,-63,-64,-64,-65,
-66,-66,-66,-66,-66,-67,-67,-67,
-68,-68,-69,-69,-68,-68,-69,-69,
-69,-69,-70,-70,-70,-69,-69,-69,
-68,-68,-68,-69,-69,-69,-70,-70,
-70,-71,-71,-71,-71,-70,-70,-70,
-70,-69,-69,-69,-69,-69,-69,-70,
-70,-70,-70,-70,-70,-69,-69,-68,
-68,-68,-68,-68,-66,-65,-63,-61,
-58,-57,-55,-54,-53,-52,-51,-49,
-48,-46,-46,-45,-45,-46,-47,-48,
-49,-50,-51,-51,-51,-51,-51,-51,
-50,-48,-46,-45,-45,-46,-49,-52,
-56,-60,-63,-66,-68,-70,-71,-72,
-72,-72,-72,-72,-73,-73,-73,-74,
-74,-74,-74,-74,-73,-73,-73,-73,
-74,-75,-78,-81,-85,-91,-97,-105,
-112,-118,-121,-119,-110,-91,-62,-21,
26,79,127,163,178,168,133,81,
21,-34,-77,-102,-110,-106,-96,-86,
-80,-77,-78,-81,-83,-85,-85,-85,
-85,-84,-84,-84,-83,-83,-83,-83,
-82,-82,-82,-83,-83,-83,-82,-82,
-82,-81,-81,-81,-81,-80,-80,-80,
-80,-81,-81,-81,-81,-81,-81,-81,
-80,-79,-79,-79,-78,-78,-79,-79,
-79,-79,-79,-80,-80,-81,-82,-82,
-83,-82,-81,-80,-79,-79,-79,-79,
-79,-80,-80,-80,-80,-81,-81,-81,
-81,-81,-81,-81,-82,-82,-82,-83,
-84,-84,-85,-85,-85,-85,-84,-83,
-82,-81,-80,-79,-78,-77,-76,-74,
-73,-72,-70,-69,-69,-68,-68,-68,
-67,-67,-66,-66,-65,-64,-63,-63,
-63,-63,-63,-64,-64,-63,-63,-63,
-63,-62,-63,-63,-63,-64,-64,-65,
-65,-66,-66,-67,-68,-69,-70,-70,
-70,-70,-69,-68,-68,-67,-68,-68,
-69,-71,-72,-73,-73,-73,-72,-71,
-71,-71,-71,-71,-72,-73,-74,-74,
-75,-75,-75,-75,-75,-75,-75,-75,
-75,-75,-75,-75,-75,-75,-75,-75,
-75,-75,-75,-76,-76,-76,-76,-76,
-76,-76,-75,-75,-75,-75,-75,-75,
-75,-75,-75,-76,-77,-77,-77,-77,
-76,-74,-71,-68,-66,-65,-64,-63,
-63,-62,-61,-60,-59,-57,-55,-54,
-53,-53,-53,-53,-54,-54,-55,-55,
-56,-57,-57,-58,-58,-57,-57,-56,
-56,-57,-60,-64,-69,-73,-76,-78,
-79,-80,-80,-80,-80,-81,-81,-81,
-82,-82,-82,-82,-82,-82,-81,-81,
-81,-81,-82,-82,-84,-86,-89,-94,
-100,-107,-114,-119,-121,-118,-110,-95,
-72,-41,-1,45,92,134,163,171,
155,116,63,5,-47,-86,-108,-114,
-110,-101,-92,-87,-85,-85,-87,-89,
-91,-91,-91,-90,-90,-89,-89,-89,
-90,-91,-91,-92,-92,-92,-92,-91,
-90,-90,-89,-90,-90,-90,-91,-91,
-92,-92,-92,-92,-92,-92,-92,-91,
-92,-92,-92,-93,-93,-93,-92,-91,
-91,-90,-90,-90,-91,-91,-91,-91,
-91,-90,-90,-89,-90,-90,-91,-92,
-93,-93,-93,-94,-94,-94,-95,-96,
-97,-97,-98,-98,-98,-99,-99,-100,
-101,-102,-102,-103,-103,-103,-102,-101,
-99,-96,-93,-90,-87,-84,-82,-80,
-79,-79,-78,-76,-75,-73,-71,-70,
-69,-69,-69,-69,-69,-69,-69,-69,
-69,-69,-70,-71,-72,-72,-72,-72,
-71,-69,-69,-68,-68,-68,-68,-69,
-69,-69,-70,-70,-71,-72,-73,-74,
-74,-74,-74,-73,-73,-73,-73,-74,
-75,-75,-75,-75,-75,-75,-75,-76,
-76,-77,-77,-77,-77,-77,-77,-78,
-78,-79,-79,-80,-80,-80,-79,-79,
-78,-78,-77,-77,-76,-76,-76,-76,
-76,-76,-76,-75,-75,-76,-76,-76,
-76,-76,-76,-76,-75,-75,-73,-72,
-70,-67,-65,-64,-62,-61,-60,-60,
-59,-57,-56,-54,-52,-51,-50,-50,
-50,-51,-52,-53,-54,-55,-56,-56,
-56,-56,-55,-54,-53,-54,-56,-59,
-63,-67,-71,-74,-76,-77,-77,-77,
-76,-76,-75,-75,-75,-75,-75,-75,
-75,-75,-75,-75,-76,-76,-76,-77,
-77,-77,-77,-78,-79,-81,-86,-92,
-100,-108,-116,-119,-113,-94,-60,-13,
42,98,142,163,155,120,65,4,
-49,-88,-106,-108,-100,-88,-79,-75,
-75,-77,-80,-83,-84,-84,-83,-82,
-82,-81,-81,-81,-81,-81,-81,-81,
-81,-81,-81,-80,-81,-81,-81,-81,
-81,-81,-81,-81,-80,-80,-80,-80,
-80,-80,-80,-80,-81,-81,-81,-81,
-82,-82,-82,-82,-82,-82,-82,-82,
-81,-81,-81,-81,-81,-81,-80,-80,
-80,-79,-78,-78,-78,-78,-79,-80,
-81,-82,-83,-84,-84,-85,-85,-86,
-86,-87,-87,-88,-88,-89,-89,-89,
-89,-89,-88,-88,-87,-87,-85,-84,
-82,-80,-78,-75,-73,-71,-70,-68,
-67,-65,-64,-62,-61,-60,-59,-58,
-58,-58,-58,-58,-58,-58,-58,-58,
-58,-58,-58,-57,-57,-57,-58,-58,
-58,-58,-58,-58,-58,-59,-59,-59,
-59,-59,-59,-59,-59,-59,-59,-60,
-60,-61,-61,-62,-62,-62,-62,-62,
-62,-62,-62,-63,-64,-64,-64,-64,
-64,-64,-63,-63,-63,-63,-63,-63,
-64,-64,-64,-64,-64,-64,-64,-64,
-64,-64,-64,-64,-64,-64,-64,-64,
-64,-64,-64,-63,-63,-63,-62,-62,
-62,-62,-62,-62,-62,-61,-61,-61,
-61,-61,-61,-61,-60,-59,-58,-55,
-53,-51,-49,-48,-47,-46,-45,-43,
-41,-39,-38,-37,-37,-38,-38,-40,
-40,-41,-41,-42,-42,-43,-43,-43,
-42,-40,-38,-36,-36,-37,-40,-44,
-49,-53,-56,-59,-61,-62,-63,-63,
-62,-62,-62,-62,-63,-63,-64,-65,
-65,-66,-67,-67,-68,-67,-67,-66,
-66,-67,-69,-74,-80,-88,-95,-102,
-105,-104,-96,-81,-58,-25,16,66,
118,167,203,218,207,170,113,48,
-13,-60,-88,-97,-93,-82,-73,-67,
-65,-67,-70,-73,-74,-75,-75,-74,
-74,-74,-74,-74,-74,-73,-73,-73,
-73,-73,-73,-73,-73,-73,-73,-73,
-73,-72,-72,-72,-72,-73,-73,-72,
-72,-72,-72,-71,-71,-71,-71,-71,
-71,-71,-72,-72,-73,-73,-74,-74,
-74,-74,-73,-73,-72,-72,-72,-72,
-72,-72,-72,-72,-72,-73,-73,-73,
-73,-74,-74,-73,-74,-74,-74,-75,
-75,-75,-75,-75,-75,-75,-74,-74,
-74,-74,-74,-73,-72,-71,-70,-68,
-66,-65,-63,-62,-61,-60,-59,-58,
-57,-56,-56,-55,-54,-53,-53,-52,
-51,-51,-51,-51,-51,-52,-52,-53,
-54,-54,-54,-54,-54,-54,-54,-54,
-55,-55,-56,-56,-56,-57,-56,-56,
-56,-56,-56,-56,-57,-57,-58,-58,
-58,-59,-59,-59,-60,-60,-61,-61,
-61,-61,-60,-60,-60,-60,-60,-60,
-61,-61,-62,-62,-62,-62,-62,-62,
-62,-63,-63,-63,-63,-63,-63,-63,
-63,-63,-62,-63,-63,-63,-63,-63,
-63,-62,-62,-62,-62,-62,-62,-62,
-62,-61,-61,-61,-60,-60,-60,-60,
-60,-60,-58,-57,-55,-52,-50,-48,
-47,-46,-45,-44,-43,-42,-41,-40,
-39,-38,-37,-37,-37,-38,-39,-40,
-41,-42,-43,-44,-44,-44,-43,-41,
-40,-40,-41,-44,-48,-52,-56,-59,
-62,-63,-63,-63,-63,-63,-63,-63,
-62,-62,-63,-63,-64,-64,-65,-65,
-65,-65,-65,-65,-65,-65,-65,-67,
-70,-75,-81,-89,-96,-103,-108,-110,
-107,-101,-93,-84,-75,-63,-46,-20,
14,58,103,140,159,154,124,75,
19,-32,-70,-91,-95,-89,-79,-70,
-65,-64,-66,-69,-71,-73,-73,-73,
-72,-71,-71,-71,-71,-71,-71,-71,
-71,-71,-72,-72,-72,-73,-73,-73,
-73,-73,-72,-72,-72,-72,-71,-71,
-71,-71,-71,-70,-70,-70,-70,-70,
-71,-71,-72,-73,-73,-73,-73,-73,
-73,-72,-72,-72,-72,-73,-73,-73,
-73,-72,-72,-72,-72,-72,-73,-74,
-74,-74,-74,-74,-74,-74,-74,-75,
-75,-76,-76,-76,-77,-77,-77,-77,
-77,-77,-77,-78,-78,-78,-79,-79,
-79,-78,-77,-75,-74,-73,-72,-71,
-70,-69,-68,-67,-65,-64,-63,-62,
-61,-60,-60,-60,-59,-59,-59,-59,
-59,-59,-59,-59,-59,-60,-60,-61,
-61,-62,-62,-63,-62,-62,-62,-61,
-61,-62,-62,-63,-63,-64,-64,-64,
-64,-64,-64,-64,-64,-65,-65,-66,
-67,-67,-67,-67,-67,-67,-67,-67,
-67,-67,-67,-67,-68,-68,-69,-70,
-71,-72,-72,-71,-71,-71,-70,-70,
-70,-70,-70,-70,-70,-70,-70,-70,
-70,-69,-69,-69,-69,-70,-70,-71,
-71,-72,-72,-72,-71,-71,-71,-70,
-70,-69,-69,-70,-70,-70,-69,-68,
-66,-64,-62,-60,-59,-58,-57,-57,
-56,-55,-54,-52,-51,-49,-48,-47,
-46,-46,-46,-47,-48,-50,-52,-53,
-53,-53,-51,-50,-49,-50,-51,-54,
-58,-62,-65,-67,-68,-69,-70,-70,
-71,-72,-73,-73,-73,-72,-71,-70,
-70,-69,-70,-71,-72,-73,-74,-75,
-76,-76,-75,-75,-75,-74,-74,-74,
-75,-76,-79,-83,-88,-95,-102,-108,
-111,-110,-101,-82,-51,-10,38,88,
132,161,168,151,112,58,2,-47,
-83,-103,-108,-103,-95,-88,-83,-80,
-80,-81,-81,-81,-81,-80,-80,-80,
-81,-82,-83,-84,-85,-85,-85,-84,
-83,-82,-82,-81,-81,-81,-82,-82,
-83,-83,-83,-83,-83,-82,-82,-82,
-82,-82,-83,-83,-83,-84,-84,-83,
-82,-82,-81,-80,-79,-79,-79,-79,
-80,-81,-82,-83,-83,-83,-82,-82,
-81,-81,-81,-81,-81,-81,-82,-82,
-82,-83,-83,-83,-83,-83,-83,-83,
-84,-85,-86,-87,-88,-88,-89,-90,
-91,-92,-93,-94,-94,-94,-95,-94,
-94,-94,-93,-93,-92,-91,-90,-88,
-86,-84,-82,-79,-77,-75,-73,-71,
-70,-68,-67,-66,-66,-65,-64,-64,
-63,-62,-62,-62,-63,-63,-62,-62,
-62,-61,-61,-60,-60,-60,-61,-61,
-62,-62,-63,-63,-63,-64,-63,-63,
-63,-63,-63,-63,-63,-63,-63,-63,
-63,-63,-63,-63,-63,-64,-64,-64,
-64,-64,-64,-64,-64,-64,-64,-65,
-65,-65,-65,-65,-65,-65,-65,-66,
-66,-66,-66,-66,-65,-64,-64,-63,
-63,-62,-63,-63,-64,-65,-65,-65,
-65,-64,-63,-63,-63,-63,-63,-64,
-64,-64,-64,-64,-63,-63,-63,-63,
-63,-62,-61,-60,-58,-55,-53,-51,
-50,-48,-48,-47,-47,-47,-46,-45,
-44,-43,-41,-40,-39,-38,-38,-38,
-39,-40,-40,-41,-42,-43,-44,-45,
-44,-43,-42,-41,-41,-43,-46,-50,
-54,-57,-60,-62,-63,-64,-64,-64,
-64,-64,-64,-64,-64,-64,-65,-65,
-65,-65,-65,-65,-66,-66,-66,-65,
-65,-65,-65,-65,-66,-68,-71,-75,
-80,-86,-93,-100,-106,-109,-107,-97,
-77,-45,-2,49,103,151,184,194,
177,135,78,16,-38,-77,-98,-101,
-95,-83,-74,-68,-67,-69,-72,-74,
-76,-76,-75,-74,-73,-73,-73,-74,
-75,-75,-75,-75,-74,-73,-72,-72,
-71,-71,-71,-71,-71,-72,-72,-71,
-71,-71,-71,-70,-71,-71,-71,-71,
-71,-71,-71,-70,-70,-70,-70,-70,
-70,-70,-69,-69,-68,-68,-68,-68,
-68,-69,-69,-69,-70,-70,-70,-70,
-70,-70,-70,-70,-70,-70,-70,-70,
-70,-70,-71,-71,-71,-72,-72,-72,
-73,-73,-74,-74,-75,-75,-75,-76,
-76,-76,-76,-76,-76,-75,-75,-74,
-73,-72,-71,-69,-68,-67,-66,-66,
-65,-64,-63,-61,-60,-58,-56,-55,
-54,-53,-52,-51,-50,-49,-49,-49,
-49,-49,-49,-49,-49,-49,-49,-48,
-48,-48,-48,-48,-48,-49,-49,-49,
-50,-50,-50,-50,-51,-51,-51,-51,
-52,-52,-52,-53,-53,-53,-54,-54,
-55,-55,-55,-55,-56,-56,-56,-56,
-56,-57,-57,-57,-57,-56,-56,-56,
-56,-56,-57,-57,-58,-58,-58,-58,
-58,-58,-57,-57,-58,-58,-58,-58,
-58,-58,-58,-58,-58,-58,-58,-57,
-57,-56,-56,-56,-56,-56,-56,-55,
-55,-55,-54,-54,-54,-55,-55,-56,
-56,-55,-54,-52,-49,-47,-45,-43,
-41,-40,-40,-39,-37,-36,-35,-33,
-32,-32,-32,-33,-34,-36,-37,-38,
-38,-38,-37,-36,-34,-33,-34,-35,
-38,-42,-46,-49,-52,-54,-56,-56,
-57,-57,-57,-57,-58,-59,-60,-60,
-61,-62,-62,-63,-62,-62,-62,-62,
-62,-61,-62,-62,-63,-65,-67,-71,
-75,-81,-88,-96,-103,-106,-103,-89,
-62,-21,29,85,137,173,184,167,
125,67,6,-44,-78,-93,-93,-84,
-73,-64,-61,-61,-64,-67,-70,-71,
-71,-71,-71,-71,-71,-71,-71,-71,
-71,-71,-71,-71,-71,-71,-71,-71,
-71,-71,-71,-70,-69,-69,-68,-68,
-68,-68,-68,-68,-68,-68,-68,-68,
-68,-68,-68,-68,-68,-68,-68,-68,
-67,-67,-67,-67,-67,-67,-67,-67,
-67,-67,-67,-67,-68,-68,-68,-68,
-68,-68,-68,-68,-68,-67,-67,-67,
-67,-67,-68,-68,-68,-68,-69,-69,
-69,-70,-70,-71,-71,-71,-71,-71,
-71,-71,-71,-71,-71,-72,-72,-72,
-71,-70,-69,-68,-66,-65,-63,-61,
-59,-57,-56,-55,-54,-53,-53,-52,
-52,-51,-51,-50,-50,-51,-51,-51,
-51,-51,-51,-51,-50,-50,-50,-50,
-50,-50,-51,-51,-52,-52,-52,-53,
-53,-53,-53,-53,-53,-53,-53,-53,
-54,-54,-54,-54,-54,-54,-54,-54,
-55,-56,-56,-57,-58,-58,-58,-58,
-58,-58,-58,-58,-59,-60,-61,-61,
-61,-60,-60,-59,-59,-59,-60,-60,
-60,-61,-61,-61,-62,-61,-61,-60,
-60,-59,-59,-59,-59,-59,-59,-60,
-60,-60,-59,-59,-59,-58,-58,-58,
-58,-58,-58,-58,-57,-56,-54,-52,
-50,-47,-46,-44,-44,-44,-44,-45,
-45,-46,-45,-45,-43,-42,-40,-38,
-37,-37,-37,-38,-39,-40,-41,-42,
-43,-43,-42,-41,-40,-38,-37,-37,
-39,-42,-46,-50,-53,-56,-58,-60,
-62,-63,-65,-65,-66,-66,-66,-65,
-65,-65,-65,-66,-67,-67,-68,-68,
-68,-67,-66,-66,-65,-66,-67,-69,
-72,-76,-82,-89,-97,-105,-111,-112,
-106,-89,-61,-21,26,77,123,155,
165,151,114,62,5,-44,-80,-99,
-104,-98,-88,-79,-73,-71,-71,-72,
-74,-75,-75,-76,-76,-76,-76,-77,
-76,-76,-75,-75,-74,-74,-74,-74,
-75,-75,-76,-76,-75,-75,-75,-74,
-74,-74,-75,-75,-75,-75,-75,-74,
-74,-73,-73,-74,-75,-76,-77,-77,
-77,-76,-75,-75,-75,-75,-75,-76,
-76,-76,-76,-76,-76,-75,-75,-75,
-75,-75,-74,-74,-73,-73,-73,-73,
-73,-74,-75,-76,-76,-76,-77,-77,
-77,-77,-77,-78,-78,-79,-80,-81,
-82,-83,-83,-84,-84,-84,-83,-83,
-82,-81,-80,-79,-78,-77,-75,-73,
-71,-70,-68,-67,-66,-64,-63,-62,
-62,-61,-62,-62,-62,-62,-61,-59,
-58,-57,-56,-56,-57,-58,-58,-59,
-59,-58,-58,-58,-58,-59,-60,-60,
-61,-61,-61,-60,-60,-59,-59,-59,
-59,-59,-60,-61,-62,-63,-64,-65,
-65,-65,-65,-65,-66,-66,-66,-66,
-66,-66,-66,-66,-66,-67,-67,-68,
-68,-68,-68,-68,-67,-67,-66,-66,
-67,-67,-68,-68,-68,-68,-68,-68,
-68,-68,-68,-68,-67,-67,-66,-66,
-66,-67,-67,-67,-67,-66,-66,-65,
-65,-65,-64,-63,-63,-61,-60,-59,
-57,-56,-54,-53,-51,-49,-47,-45,
-44,-44,-44,-45,-46,-47,-48,-49,
-49,-49,-48,-48,-47,-46,-46,-47,
-48,-51,-55,-59,-62,-65,-67,-68,
-68,-68,-67,-67,-66,-67,-68,-69,
-70,-71,-72,-72,-72,-72,-72,-72,
-72,-72,-73,-73,-73,-73,-73,-73,
-74,-76,-81,-88,-97,-106,-113,-112,
-100,-74,-34,16,72,122,156,165,
146,103,46,-11,-59,-90,-103,-102,
-93,-83,-75,-72,-72,-74,-77,-79,
-80,-80,-79,-78,-78,-77,-77,-77,
-77,-77,-77,-78,-78,-79,-79,-80,
-80,-80,-80,-80,-79,-79,-78,-77,
-77,-77,-77,-78,-78,-79,-79,-79,
-79,-78,-78,-77,-77,-78,-78,-78,
-78,-79,-78,-78,-78,-77,-77,-77,
-77,-77,-78,-78,-78,-78,-77,-77,
-76,-76,-76,-77,-78,-80,-81,-82,
-82,-83,-84,-85,-86,-86,-87,-87,
-87,-87,-88,-88,-88,-89,-88,-88,
-87,-85,-83,-81,-79,-76,-74,-73,
-71,-70,-68,-67,-66,-64,-63,-62,
-60,-59,-58,-57,-57,-56,-55,-54,
-53,-52,-52,-52,-52,-52,-53,-53,
-53,-53,-53,-53,-53,-52,-52,-52,
-53,-53,-53,-53,-53,-54,-54,-54,
-54,-54,-54,-54,-54,-54,-54,-54,
-54,-55,-56,-57,-57,-57,-57,-57,
-57,-57,-57,-58,-58,-59,-59,-59,
-59,-59,-59,-59,-59,-59,-59,-59,
-59,-58,-58,-58,-58,-58,-58,-58,
-58,-58,-58,-58,-58,-58,-58,-58,
-58,-58,-59,-59,-59,-59,-59,-58,
-58,-57,-57,-56,-56,-55,-55,-53,
-51,-49,-47,-45,-43,-42,-40,-39,
-37,-36,-35,-34,-34,-34,-35,-36,
-38,-39,-40,-41,-40,-39,-38,-36,
-34,-34,-34,-36,-40,-44,-48,-52,
-55,-57,-58,-59,-59,-60,-60,-59,
-59,-60,-60,-60,-60,-61,-61,-62,
-62,-62,-63,-63,-62,-62,-62,-62,
-62,-64,-68,-74,-83,-92,-101,-107,
-105,-93,-66,-25,27,86,140,179,
193,178,137,78,15,-39,-75,-92,
-92,-84,-73,-65,-62,-63,-67,-70,
-72,-73,-73,-72,-71,-71,-72,-72,
-73,-73,-72,-71,-71,-71,-71,-71,
-72,-72,-73,-73,-73,-72,-72,-71,
-71,-71,-71,-71,-71,-70,-70,-70,
-70,-70,-70,-70,-70,-70,-69,-69,
-69,-69,-69,-69,-69,-69,-69,-69,
-69,-69,-70,-70,-70,-69,-69,-69,
-68,-68,-68,-68,-68,-69,-69,-69,
-70,-70,-70,-70,-70,-71,-71,-71,
-72,-72,-72,-72,-71,-71,-71,-70,
-70,-69,-68,-67,-65,-63,-61,-59,
-58,-56,-54,-53,-52,-51,-50,-49,
-48,-48,-48,-48,-48,-48,-48,-48,
-48,-48,-48,-48,-48,-48,-48,-49,
-49,-49,-49,-49,-49,-49,-50,-50,
-50,-51,-51,-52,-53,-53,-53,-53,
-53,-53,-53,-53,-54,-55,-56,-56,
-57,-57,-57,-57,-57,-57,-58,-58,
-59,-60,-60,-60,-59,-59,-58,-58,
-58,-58,-59,-60,-60,-61,-61,-60,
-60,-60,-59,-59,-59,-60,-60,-60,
-60,-60,-60,-60,-59,-59,-58,-58,
-58,-58,-58,-59,-59,-60,-60,-60,
-59,-58,-56,-54,-53,-51,-49,-47,
-46,-45,-44,-42,-41,-39,-37,-36,
-34,-34,-34,-34,-35,-36,-37,-38,
-40,-40,-41,-41,-41,-40,-38,-37,
-37,-37,-40,-43,-47,-51,-55,-58,
-60,-61,-62,-62,-62,-62,-62,-63,
-63,-63,-63,-63,-64,-65,-66,-67,
-67,-68,-68,-67,-67,-66,-65,-66,
-67,-70,-74,-81,-89,-98,-106,-110,
-107,-93,-66,-26,24,80,130,165,
176,158,116,58,-1,-51,-84,-97,
-95,-86,-75,-67,-64,-65,-69,-72,
-74,-75,-75,-74,-73,-72,-72,-72,
-73,-74,-74,-74,-74,-73,-73,-72,
-72,-71,-71,-71,-71,-71,-71,-72,
-72,-72,-72,-72,-71,-71,-71,-71,
-71,-71,-71,-71,-71,-70,-70,-70,
-71,-71,-71,-71,-70,-70,-70,-69,
-69,-69,-69,-69,-69,-68,-68,-68,
-68,-68,-68,-69,-69,-69,-69,-69,
-69,-69,-69,-69,-69,-70,-70,-70,
-70,-71,-71,-71,-71,-72,-72,-72,
-72,-72,-72,-72,-71,-70,-69,-68,
-67,-66,-64,-62,-61,-59,-57,-55,
-53,-51,-50,-49,-49,-49,-49,-49,
-49,-49,-49,-49,-49,-49,-49,-50,
-50,-51,-51,-51,-52,-52,-53,-53,
-53,-52,-52,-51,-51,-51,-51,-52,
-52,-53,-54,-54,-55,-55,-55,-54,
-54,-54,-54,-54,-54,-55,-55,-56,
-56,-56,-57,-57,-57,-57,-57,-58,
-57,-57,-57,-57,-57,-57,-58,-58,
-59,-60,-60,-60,-60,-60,-60,-60,
-61,-61,-62,-62,-62,-61,-61,-60,
-60,-60,-60,-60,-60,-60,-60,-61,
-61,-61,-61,-61,-61,-61,-60,-60,
-60,-61,-60,-60,-59,-58,-56,-54,
-52,-51,-50,-49,-49,-49,-48,-48,
-47,-46,-45,-43,-42,-40,-40,-39,
-39,-40,-41,-42,-42,-43,-44,-45,
-45,-45,-45,-44,-43,-43,-45,-48,
-52,-56,-60,-63,-65,-66,-66,-66,
-66,-65,-66,-66,-67,-68,-69,-70,
-70,-69,-69,-69,-69,-69,-69,-70,
-70,-70,-70,-71,-73,-78,-84,-91,
-99,-105,-108,-106,-98,-83,-59,-28,
9,51,96,139,173,193,194,174,
134,80,22,-30,-69,-92,-99,-96,
-87,-79,-74,-72,-73,-75,-76,-77,
-77,-76,-76,-76,-77,-77,-78,-78,
-78,-79,-79,-79,-80,-80,-79,-79,
-78,-77,-76,-77,-77,-78,-79,-79,
-79,-79,-79,-78,-77,-77,-76,-76,
-76,-76,-76,-77,-78,-79,-80,-80,
-81,-81,-80,-80,-80,-79,-79,-78,
-78,-78,-77,-77,-77,-77,-77,-78,
-79,-79,-79,-79,-80,-80,-80,-81,
-81,-82,-83,-84,-84,-85,-85,-85,
-84,-84,-85,-86,-86,-87,-88,-88,
-88,-87,-86,-85,-84,-83,-82,-81,
-80,-78,-76,-74,-73,-71,-69,-67,
-66,-64,-63,-62,-61,-61,-60,-60,
-59,-59,-59,-59,-59,-60,-60,-60,
-59,-59,-59,-58,-58,-58,-59,-59,
-61,-62,-64,-65,-66,-66,-66,-65,
-64,-63,-63,-62,-62,-63,-63,-64,
-64,-65,-65,-65,-65,-65,-65,-65,
-66,-66,-67,-67,-68,-68,-68,-68,
-69,-69,-70,-70,-70,-70,-69,-69,
-69,-69,-69,-70,-70,-70,-70,-70,
-69,-69,-69,-69,-69,-69,-69,-70,
-70,-70,-70,-70,-70,-70,-69,-69,
-68,-68,-68,-68,-68,-69,-70,-70,
-70,-70,-70,-68,-67,-65,-64,-62,
-60,-59,-58,-57,-56,-55,-53,-52,
-50,-48,-47,-46,-46,-47,-47,-48,
-50,-51,-52,-53,-53,-53,-52,-50,
-49,-49,-49,-52,-55,-59,-64,-67,
-70,-72,-73,-74,-74,-74,-73,-73,
-73,-73,-74,-74,-74,-74,-74,-73,
-73,-73,-73,-74,-74,-75,-75,-74,
-74,-74,-74,-75,-77,-80,-85,-90,
-97,-103,-109,-113,-111,-100,-80,-48,
-4,45,97,141,168,171,149,105,
49,-8,-58,-91,-108,-111,-104,-95,
-86,-81,-79,-80,-81,-82,-83,-83,
-83,-82,-82,-82,-82,-82,-83,-83,
-83,-84,-84,-84,-83,-83,-82,-81,
-81,-81,-81,-81,-81,-82,-82,-82,
-82,-82,-82,-82,-82,-82,-82,-82,
-82,-82,-81,-81,-81,-81,-81,-80,
-81,-81,-81,-82,-82,-82,-82,-81,
-81,-80,-79,-78,-78,-78,-78,-79,
-79,-79,-80,-80,-81,-81,-81,-81,
-82,-82,-82,-83,-83,-84,-85,-86,
-87,-88,-88,-89,-90,-90,-91,-91,
-91,-91,-91,-91,-90,-89,-88,-86,
-84,-82,-80,-78,-76,-75,-73,-71,
-70,-68,-66,-65,-64,-62,-62,-61,
-60,-60,-60,-59,-59,-59,-59,-59,
-59,-58,-58,-58,-58,-58,-58,-58,
-58,-58,-58,-58,-58,-58,-59,-59,
-59,-59,-60,-60,-61,-61,-62,-62,
-62,-62,-62,-62,-61,-61,-61,-62,
-62,-63,-63,-63,-64,-64,-64,-64,
-65,-65,-65,-65,-65,-65,-66,-66,
-67,-67,-68,-68,-68,-68,-67,-67,
-67,-67,-67,-67,-67,-67,-67,-67,
-66,-65,-65,-65,-65,-65,-65,-66,
-66,-66,-66,-66,-66,-65,-65,-65,
-66,-66,-67,-67,-67,-66,-66,-65,
-65,-64,-64,-64,-64,-64,-64,-64,
-63,-62,-60,-58,-56,-55,-53,-52,
-51,-51,-50,-50,-48,-47,-45,-44,
-43,-43,-43,-44,-45,-46,-47,-48,
-49,-49,-48,-46,-44,-43,-43,-45,
-48,-51,-55,-59,-62,-65,-66,-67,
-68,-68,-68,-68,-68,-68,-68,-68,
-68,-68,-69,-69,-69,-69,-69,-69,
-69,-69,-70,-70,-70,-70,-70,-69,
-69,-70,-71,-74,-78,-84,-91,-98,
-105,-111,-114,-111,-101,-80,-49,-6,
44,97,144,174,181,161,117,59,
0,-51,-85,-100,-101,-93,-83,-75,
-71,-71,-74,-77,-79,-80,-80,-79,
-78,-78,-78,-78,-78,-78,-79,-79,
-79,-79,-79,-79,-78,-78,-77,-77,
-77,-77,-77,-77,-77,-77,-78,-78,
-77,-77,-77,-77,-77,-76,-76,-76,
-76,-76,-76,-76,-76,-76,-76,-77,
-77,-76,-76,-75,-75,-75,-75,-75,
-75,-76,-76,-76,-76,-76,-76,-76,
-76,-76,-75,-75,-75,-75,-74,-74,
-74,-75,-75,-75,-76,-76,-76,-76,
-76,-76,-76,-75,-75,-75,-76,-76,
-76,-77,-76,-76,-75,-74,-72,-71,
-69,-67,-66,-64,-63,-61,-60,-59,
-58,-57,-56,-55,-55,-55,-55,-55,
-55,-55,-55,-56,-56,-56,-56,-56,
-56,-56,-56,-56,-55,-55,-55,-55,
-55,-55,-56,-56,-57,-57,-58,-59,
-59,-60,-60,-61,-61,-61,-61,-61,
-61,-61,-61,-62,-62,-61,-61,-61,
-62,-62,-62,-63,-63,-63,-64,-64,
-65,-65,-65,-65,-65,-66,-66,-66,
-66,-66,-66,-66,-66,-66,-66,-66,
-66,-65,-65,-65,-65,-64,-64,-64,
-64,-64,-64,-64,-65,-65,-65,-65,
-65,-65,-64,-64,-64,-64,-64,-64,
-64,-65,-65,-65,-65,-65,-63,-62,
-59,-56,-53,-51,-50,-49,-48,-48,
-47,-45,-44,-43,-41,-41,-41,-41,
-42,-44,-45,-46,-47,-47,-47,-46,
-45,-43,-42,-42,-44,-47,-51,-54,
-58,-60,-62,-63,-63,-64,-64,-65,
-66,-67,-67,-67,-67,-67,-67,-68,
-68,-68,-69,-69,-69,-70,-70,-70,
-70,-70,-70,-69,-69,-69,-71,-73,
-77,-82,-90,-97,-105,-111,-112,-105,
-89,-60,-19,30,81,126,155,160,
139,96,41,-14,-60,-90,-102,-101,
-92,-82,-75,-71,-71,-73,-75,-76,
-77,-77,-76,-76,-75,-75,-75,-76,
-76,-76,-77,-77,-77,-77,-77,-77,
-77,-77,-77,-77,-77,-76,-76,-76,
-76,-75,-75,-75,-74,-74,-74,-74,
-73,-73,-74,-74,-74,-75,-75,-76,
-76,-75,-75,-75,-74,-74,-74,-74,
-74,-74,-75,-75,-75,-74,-74,-73,
-73,-73,-73,-73,-74,-73,-73,-73,
-72,-72,-72,-73,-73,-73,-74,-74,
-74,-74,-74,-74,-74,-75,-75,-76,
-76,-76,-76,-76,-76,-75,-74,-73,
-72,-70,-69,-68,-67,-66,-66,-65,
-64,-62,-61,-60,-60,-59,-60,-60,
-60,-60,-60,-59,-59,-59,-58,-58,
-58,-58,-58,-58,-59,-59,-60,-61,
-61,-61,-61,-61,-60,-60,-60,-60,
-60,-60,-61,-61,-61,-62,-62,-62,
-62,-62,-63,-63,-63,-63,-63,-63,
-63,-63,-63,-64,-64,-65,-65,-65,
-65,-65,-66,-66,-67,-68,-69,-69,
-69,-69,-69,-69,-69,-69,-69,-69,
-69,-69,-69,-69,-69,-68,-68,-68,
-68,-68,-68,-69,-69,-69,-69,-69,
-68,-68,-68,-68,-67,-66,-65,-64,
-62,-61,-59,-58,-57,-57,-56,-54,
-52,-51,-49,-47,-46,-46,-46,-47,
-48,-49,-50,-50,-51,-51,-50,-50,
-49,-49,-49,-51,-54,-57,-61,-64,
-67,-69,-71,-71,-71,-70,-70,-69,
-69,-69,-70,-71,-71,-72,-72,-72,
-73,-73,-73,-74,-74,-74,-74,-74,
-74,-74,-75,-76,-78,-81,-85,-91,
-99,-107,-114,-117,-111,-94,-62,-18,
33,86,128,150,145,115,66,9,
-42,-81,-102,-107,-101,-90,-80,-74,
-72,-73,-76,-79,-81,-82,-82,-82,
-82,-82,-83,-83,-83,-83,-83,-83,
-83,-83,-83,-82,-82,-81,-80,-80,
-80,-80,-80,-81,-81,-81,-81,-81,
-81,-81,-81,-81,-81,-81,-81,-82,
-82,-83,-83,-83,-82,-81,-80,-79,
-79,-79,-79,-80,-81,-81,-82,-81,
-81,-80,-79,-79,-78,-78,-79,-79,
-80,-81,-83,-84,-86,-87,-88,-89,
-90,-90,-90,-90,-89,-89,-90,-91,
-91,-92,-91,-90,-88,-86,-84,-82,
-81,-81,-80,-79,-77,-75,-73,-70,
-69,-67,-66,-65,-65,-64,-64,-64,
-63,-63,-62,-62,-61,-61,-60,-60,
-59,-59,-59,-59,-59,-59,-59,-60,
-61,-61,-62,-63,-63,-63,-64,-64,
-64,-64,-64,-64,-64,-64,-64,-64,
-65,-66,-67,-68,-69,-69,-69,-69,
-69,-69,-69,-69,-69,-68,-68,-68,
-68,-68,-69,-69,-69,-69,-69,-69,
-69,-69,-69,-69,-69,-69,-69,-69,
-70,-70,-71,-71,-72,-72,-71,-71,
-70,-70,-69,-69,-69,-69,-69,-69,
-69,-70,-69,-69,-69,-68,-67,-66,
-65,-64,-62,-61,-59,-58,-57,-57,
-56,-55,-53,-51,-50,-48,-47,-47,
-47,-48,-49,-49,-50,-51,-51,-50,
-50,-49,-48,-47,-47,-48,-50,-53,
-57,-61,-64,-66,-68,-69,-70,-71,
-71,-71,-71,-70,-70,-70,-71,-71,
-71,-72,-72,-72,-72,-72,-72,-71,
-71,-71,-71,-71,-71,-71,-72,-75,
-78,-83,-90,-98,-106,-111,-110,-99,
-77,-41,5,59,111,152,171,165,
133,82,24,-30,-71,-94,-101,-97,
-87,-78,-71,-69,-70,-72,-74,-76,
-76,-76,-75,-75,-74,-74,-75,-75,
-76,-76,-76,-75,-75,-74,-74,-74,
-74,-75,-75,-76,-76,-75,-75,-75,
-75,-75,-75,-75,-75,-75,-74,-74,
-73,-73,-73,-73,-73,-73,-73,-74,
-74,-74,-74,-75,-75,-75,-75,-75,
-75,-76,-76,-76,-76,-76,-76,-76,
-76,-76,-75,-75,-76,-76,-76,-76,
-76,-77,-77,-78,-78,-79,-80,-80,
-81,-81,-82,-82,-83,-83,-84,-84,
-83,-82,-81,-79,-78,-76,-75,-73,
-71,-70,-68,-65,-63,-61,-60,-58,
-57,-56,-55,-54,-53,-53,-53,-52,
-53,-53,-53,-52,-52,-52,-51,-50,
-49,-49,-49,-49,-50,-50,-51,-51,
-52,-52,-52,-52,-53,-53,-53,-54,
-54,-55,-55,-56,-55,-55,-55,-55,
-54,-55,-55,-55,-56,-56,-57,-57,
-57,-57,-57,-58,-58,-58,-59,-59,
-59,-59,-59,-59,-59,-59,-58,-58,
-59,-59,-59,-60,-60,-60,-60,-61,
-61,-61,-61,-61,-60,-60,-60,-60,
-60,-60,-60,-60,-59,-59,-58,-57,
-57,-57,-58,-58,-59,-59,-59,-59,
-59,-59,-59,-58,-57,-56,-54,-52,
-50,-48,-46,-45,-44,-43,-41,-40,
-38,-37,-36,-36,-36,-37,-37,-38,
-39,-40,-41,-40,-39,-38,-37,-37,
-38,-40,-43,-47,-51,-54,-57,-59,
-60,-61,-61,-61,-61,-61,-61,-62,
-62,-63,-63,-63,-63,-62,-62,-63,
-63,-64,-64,-65,-65,-64,-64,-64,
-66,-70,-77,-85,-94,-103,-107,-104,
-91,-63,-21,30,87,137,171,180,
160,117,59,0,-49,-80,-93,-91,
-82,-72,-66,-63,-64,-67,-70,-72,
-72,-72,-71,-70,-70,-70,-70,-70,
-70,-70,-70,-71,-71,-71,-71,-71,
-70,-70,-69,-69,-69,-69,-69,-69,
-70,-70,-70,-70,-70,-71,-71,-71,
-71,-71,-70,-70,-70,-70,-70,-70,
-70,-70,-70,-70,-69,-68,-68,-68,
-68,-68,-68,-67,-67,-67,-67,-66,
-66,-67,-67,-68,-69,-69,-70,-70,
-69,-69,-68,-68,-69,-69,-69,-70,
-70,-69,-69,-69,-68,-68,-68,-69,
-69,-69,-69,-68,-68,-67,-66,-65,
-64,-63,-62,-61,-60,-59,-58,-57,
-56,-55,-54,-53,-52,-51,-51,-50,
-50,-50,-49,-49,-49,-49,-50,-50,
-50,-50,-50,-50,-49,-49,-49,-50,
-50,-50,-51,-51,-51,-52,-52,-52,
-52,-52,-52,-52,-52,-53,-53,-54,
-54,-55,-55,-55,-56,-56,-56,-56,
-56,-56,-57,-57,-57,-57,-57,-57,
-57,-57,-57,-57,-57,-58,-58,-58,
-58,-58,-59,-59,-59,-60,-60,-61,
-61,-61,-61,-61,-60,-60,-61,-61,
-61,-62,-61,-61,-61,-61,-60,-60,
-60,-60,-60,-59,-59,-58,-57,-56,
-54,-52,-50,-49,-47,-46,-46,-45,
-44,-43,-42,-40,-39,-38,-37,-37,
-36,-37,-37,-37,-37,-38,-38,-39,
-40,-41,-42,-42,-41,-41,-40,-41,
-42,-44,-48,-51,-55,-58,-60,-61,
-62,-62,-63,-63,-63,-63,-63,-63,
-64,-65,-66,-67,-67,-68,-68,-68,
-67,-67,-67,-67,-69,-72,-76,-82,
-90,-98,-106,-110,-107,-95,-71,-34,
12,63,111,145,158,145,108,56,
0,-48,-83,-99,-101,-93,-83,-73,
-69,-68,-69,-72,-74,-75,-75,-75,
-74,-74,-73,-72,-72,-72,-72,-72,
-72,-72,-72,-72,-72,-72,-73,-73,
-73,-73,-73,-73,-73,-73,-73,-73,
-73,-73,-73,-73,-73,-73,-74,-74,
-74,-74,-73,-73,-73,-73,-73,-73,
-74,-74,-74,-74,-74,-74,-74,-74,
-73,-73,-73,-72,-72,-72,-72,-72,
-72,-72,-72,-72,-72,-72,-72,-72,
-73,-74,-75,-75,-76,-76,-76,-76,
-76,-76,-76,-75,-75,-75,-76,-76,
-75,-75,-74,-73,-72,-70,-69,-68,
-67,-65,-64,-64,-63,-62,-61,-61,
-60,-60,-59,-59,-58,-58,-57,-57,
-57,-57,-57,-58,-58,-59,-59,-60,
-60,-60,-59,-59,-58,-57,-56,-56,
-56,-57,-58,-59,-60,-62,-62,-63,
-63,-63,-62,-62,-62,-62,-63,-63,
-63,-64,-64,-65,-65,-66,-67,-67,
-67,-68,-68,-67,-67,-66,-66,-66,
-66,-66,-67,-67,-68,-68,-69,-70,
-70,-70,-71,-71,-71,-71,-71,-71,
-71,-71,-71,-71,-70,-70,-70,-70,
-70,-70,-71,-71,-70,-70,-70,-69,
-68,-68,-68,-68,-69,-69,-70,-71,
-71,-70,-68,-65,-62,-59,-57,-56,
-56,-55,-55,-55,-54,-54,-52,-51,
-50,-49,-49,-49,-48,-49,-49,-50,
-51,-52,-53,-53,-53,-52,-51,-50,
-50,-51,-54,-57,-60,-64,-67,-69,
-71,-73,-74,-75,-75,-75,-75,-76,
-76,-77,-79,-80,-81,-81,-81,-80,
-79,-78,-78,-77,-78,-78,-79,-80,
-82,-86,-91,-97,-104,-110,-115,-117,
-115,-109,-101,-88,-71,-48,-17,22,
66,110,145,163,158,130,83,27,
-27,-70,-97,-107,-105,-97,-88,-82,
-80,-81,-83,-86,-88,-89,-89,-88,
-87,-86,-84,-83,-83,-83,-83,-84,
-85,-85,-85,-84,-84,-83,-82,-82,
-83,-84,-85,-87,-87,-88,-88,-87,
-87,-86,-86,-86,-86,-86,-87,-88,
-88,-88,-88,-88,-88,-87,-87,-86,
-86,-86,-86,-86,-86,-86,-86,-87,
-86,-86,-86,-85,-84,-84,-84,-85,
-85,-86,-86,-87,-86,-86,-85,-86,
-86,-87,-88,-89,-90,-90,-91,-91,
-91,-91,-91,-91,-92,-93,-93,-94,
-95,-95,-95,-95,-94,-93,-91,-90,
-88,-87,-86,-84,-83,-81,-79,-78,
-76,-74,-73,-72,-71,-70,-70,-70,
-70,-70,-69,-69,-68,-67,-67,-66,
-66,-66,-66,-66,-66,-66,-66,-66,
-66,-66,-67,-67,-68,-69,-69,-70,
-70,-70,-71,-71,-71,-70,-70,-69,
-69,-68,-68,-68,-68,-69,-70,-71,
-72,-74,-74,-75,-75,-75,-75,-76,
-76,-76,-76,-76,-76,-76,-75,-75,
-75,-75,-76,-76,-77,-77,-78,-78,
-77,-77,-77,-77,-77,-77,-77,-78,
-78,-78,-78,-78,-78,-78,-77,-77,
-77,-77,-77,-76,-76,-75,-75,-75,
-75,-75,-75,-75,-75,-74,-72,-70,
-68,-66,-64,-63,-62,-62,-61,-60,
-59,-58,-57,-55,-54,-54,-54,-54,
-55,-56,-57,-57,-57,-57,-57,-58,
-59,-60,-61,-61,-61,-60,-59,-59,
-59,-61,-63,-66,-69,-72,-74,-76,
-78,-78,-79,-79,-79,-79,-79,-79,
-80,-80,-80,-81,-81,-82,-82,-82,
-82,-82,-82,-82,-82,-83,-85,-87,
-90,-95,-101,-108,-114,-119,-117,-107,
-85,-49,-2,50,102,142,160,152,
118,65,6,-46,-85,-106,-111,-105,
-95,-85,-80,-78,-80,-82,-85,-86,
-87,-86,-86,-85,-85,-84,-84,-84,
-84,-84,-84,-84,-84,-83,-83,-84,
-84,-84,-84,-84,-85,-84,-84,-84,
-84,-84,-83,-83,-83,-83,-83,-83,
-83,-83,-83,-83,-82,-82,-82,-82,
-82,-82,-82,-82,-82,-82,-82,-81,
-80,-80,-79,-79,-79,-79,-79,-80,
-80,-80,-80,-81,-81,-81,-82,-82,
-83,-83,-83,-84,-84,-85,-86,-86,
-86,-87,-87,-87,-87,-87,-87,-87,
-87,-86,-86,-85,-84,-83,-81,-79,
-78,-76,-74,-72,-71,-69,-67,-65,
-63,-62,-60,-59,-58,-57,-56,-55,
-55,-55,-55,-54,-54,-54,-54,-54,
-54,-54,-55,-55,-55,-55,-54,-54,
-55,-55,-56,-57,-57,-57,-56,-56,
-56,-55,-55,-56,-56,-56,-56,-56,
-56,-55,-55,-56,-56,-57,-57,-58,
-58,-58,-58,-58,-58,-58,-57,-57,
-58,-58,-58,-59,-59,-59,-59,-59,
-59,-59,-59,-59,-59,-59,-60,-60,
-60,-60,-60,-59,-59,-59,-58,-58,
-58,-59,-59,-59,-59,-59,-59,-59,
-58,-58,-57,-57,-57,-57,-57,-56,
-56,-57,-57,-57,-57,-57,-57,-56,
-55,-54,-52,-49,-47,-45,-43,-42,
-41,-40,-39,-38,-37,-36,-34,-33,
-32,-32,-33,-34,-35,-36,-37,-38,
-38,-38,-37,-37,-37,-36,-36,-35,
-35,-34,-34,-36,-38,-42,-45,-48,
-51,-54,-56,-57,-58,-58,-59,-59,
-59,-59,-59,-59,-59,-59,-59,-59,
-59,-60,-60,-60,-60,-60,-60,-61,
-62,-65,-70,-76,-83,-90,-97,-101,
-103,-101,-97,-90,-79,-64,-40,-8,
34,82,128,163,177,165,128,74,
15,-36,-72,-89,-90,-82,-72,-63,
-59,-59,-61,-64,-66,-67,-67,-66,
-65,-64,-64,-64,-64,-65,-65,-65,
-64,-64,-64,-64,-64,-65,-65,-66,
-66,-66,-66,-65,-65,-64,-63,-63,
-63,-64,-64,-64,-64,-64,-64,-64,
-64,-64,-64,-64,-64,-64,-64,-63,
-63,-62,-62,-62,-62,-62,-63,-63,
-63,-62,-61,-61,-60,-60,-60,-60,
-61,-61,-61,-61,-61,-61,-61,-61,
-61,-61,-61,-61,-61,-61,-61,-62,
-62,-62,-62,-62,-61,-61,-61,-61,
-61,-60,-60,-60,-59,-58,-56,-55,
-54,-52,-51,-50,-49,-48,-47,-47,
-46,-46,-45,-45,-44,-44,-44,-44,
-44,-44,-43,-43,-43,-43,-43,-43,
-43,-43,-43,-44,-44,-44,-45,-45,
-46,-46,-46,-46,-46,-46,-46,-46,
-46,-46,-46,-46,-46,-47,-47,-48,
-48,-48,-49,-49,-49,-50,-50,-51,
-51,-52,-53,-53,-53,-53,-53,-53,
-53,-53,-54,-54,-55,-55,-54,-54,
-54,-54,-54,-55,-55,-55,-56,-56,
-56,-56,-56,-56,-56,-56,-56,-56,
-56,-56,-55,-55,-55,-55,-55,-55,
-54,-54,-54,-54,-54,-54,-54,-54,
-54,-53,-52,-50,-47,-45,-43,-41,
-40,-39,-38,-37,-36,-34,-32,-31,
-31,-31,-32,-33,-34,-36,-36,-37,
-37,-37,-38,-38,-39,-39,-39,-38,
-36,-35,-34,-35,-37,-40,-44,-47,
-50,-52,-54,-55,-56,-57,-57,-58,
-58,-57,-57,-58,-58,-59,-59,-59,
-60,-60,-60,-59,-59,-59,-59,-59,
-60,-62,-66,-70,-76,-82,-88,-92,
-94,-94,-90,-82,-69,-49,-21,15,
58,102,139,160,159,134,90,35,
-17,-59,-85,-93,-89,-79,-68,-61,
-58,-59,-61,-63,-65,-66,-66,-65,
-65,-65,-65,-65,-66,-66,-66,-66,
-67,-67,-67,-67,-67,-66,-66,-65,
-65,-65,-65,-66,-66,-66,-66,-67,
-67,-66,-66,-66,-66,-66,-67,-67,
-67,-67,-67,-66,-66,-66,-66,-67,
-66,-66,-66,-66,-66,-66,-67,-66,
-66,-65,-64,-64,-63,-63,-63,-64,
-64,-64,-64,-64,-63,-64,-64,-65,
-66,-66,-67,-66,-66,-65,-64,-64,
-64,-64,-65,-65,-66,-65,-65,-64,
-63,-62,-61,-61,-60,-60,-59,-58,
-56,-55,-54,-53,-52,-52,-52,-52,
-53,-53,-53,-53,-53,-52,-51,-50,
-49,-49,-50,-51,-52,-53,-54,-54,
-54,-53,-52,-51,-51,-52,-53,-54,
-54,-55,-55,-55,-55,-56,-56,-56,
-57,-57,-58,-58,-59,-59,-60,-60,
-61,-61,-62,-62,-63,-63,-64,-64,
-64,-64,-64,-65,-65,-65,-65,-64,
-64,-64,-64,-64,-65,-66,-67,-67,
-67,-67,-67,-66,-66,-66,-66,-67,
-67,-67,-67,-67,-66,-66,-65,-65,
-66,-66,-66,-66,-64,-62,-60,-58,
-56,-54,-53,-52,-52,-50,-49,-48,
-46,-45,-45,-46,-47,-48,-50,-51,
-52,-52,-51,-50,-49,-47,-47,-48,
-50,-53,-57,-61,-65,-68,-70,-72,
-72,-73,-74,-74,-74,-74,-74,-74,
-74,-75,-75,-75,-75,-76,-76,-76,
-76,-76,-76,-75,-75,-75,-76,-78,
-80,-82,-86,-91,-96,-103,-111,-117,
-121,-119,-108,-86,-51,-5,45,95,
132,148,139,105,53,-3,-54,-91,
-110,-113,-106,-96,-86,-80,-79,-80,
-82,-85,-87,-87,-87,-86,-85,-85,
-84,-84,-84,-85,-85,-85,-86,-86,
-86,-86,-86,-86,-86,-86,-86,-86,
-86,-87,-87,-87,-87,-87,-86,-85,
-85,-85,-86,-87,-88,-88,-89,-88,
-88,-87,-87,-87,-87,-86,-86,-87,
-87,-87,-87,-86,-86,-85,-85,-86,
-86,-86,-86,-86,-86,-86,-86,-86,
-87,-87,-88,-88,-89,-90,-90,-91,
-92,-93,-94,-94,-94,-95,-95,-95,
-95,-95,-94,-93,-91,-88,-86,-83,
-81,-79,-77,-76,-75,-74,-73,-73,
-72,-72,-71,-70,-69,-68,-66,-65,
-64,-63,-64,-65,-66,-67,-67,-67,
-67,-67,-67,-67,-67,-67,-67,-67,
-66,-66,-65,-66,-66,-67,-68,-69,
-70,-70,-69,-69,-69,-68,-68,-69,
-70,-70,-71,-72,-72,-72,-72,-72,
-73,-73,-73,-74,-74,-75,-75,-75,
-75,-75,-74,-74,-74,-74,-74,-74,
-74,-73,-73,-73,-74,-74,-74,-74,
-74,-74,-73,-73,-72,-72,-73,-73,
-74,-75,-75,-74,-73,-71,-69,-66,
-64,-62,-60,-59,-57,-56,-54,-53,
-51,-50,-50,-50,-50,-50,-51,-52,
-53,-53,-53,-53,-52,-51,-51,-52,
-53,-56,-60,-63,-67,-69,-71,-72,
-73,-73,-73,-73,-73,-73,-73,-73,
-73,-74,-74,-74,-73,-72,-72,-71,
-71,-72,-72,-73,-73,-73,-73,-73,
-74,-76,-80,-86,-93,-102,-110,-114,
-110,-94,-65,-22,29,83,130,158,
161,137,90,32,-24,-69,-96,-105,
-100,-90,-79,-72,-69,-70,-73,-76,
-78,-78,-78,-77,-76,-75,-75,-75,
-75,-75,-75,-76,-76,-76,-76,-75,
-75,-75,-75,-75,-75,-75,-75,-76,
-76,-76,-76,-75,-74,-74,-73,-73,
-73,-73,-74,-74,-75,-75,-75,-75,
-75,-75,-75,-76,-76,-76,-76,-76,
-75,-75,-75,-75,-75,-75,-76,-76,
-77,-77,-77,-77,-76,-76,-76,-76,
-77,-78,-79,-80,-81,-81,-81,-81,
-81,-81,-81,-80,-80,-80,-80,-79,
-79,-78,-78,-77,-76,-75,-74,-73,
-72,-70,-68,-66,-64,-62,-60,-59,
-57,-56,-56,-55,-56,-56,-56,-56,
-55,-55,-55,-54,-54,-54,-54,-54,
-54,-54,-54,-54,-53,-53,-53,-54,
-55,-55,-56,-57,-57,-58,-57,-57,
-57,-57,-57,-58,-58,-59,-59,-59,
-59,-59,-58,-58,-58,-59,-59,-60,
-60,-61,-61,-62,-62,-62,-63,-63,
-63,-62,-62,-62,-62,-63,-63,-64,
-64,-65,-64,-64,-64,-63,-63,-63,
-63,-63,-63,-62,-62,-62,-62,-62,
-62,-62,-63,-63,-63,-63,-63,-63,
-63,-63,-63,-62,-61,-59,-57,-54,
-52,-50,-49,-48,-47,-47,-47,-47,
-46,-45,-43,-42,-41,-40,-39,-39,
-39,-39,-40,-41,-42,-43,-45,-45,
-45,-44,-43,-41,-40,-40,-42,-44,
-48,-52,-56,-59,-62,-63,-64,-65,
-65,-66,-66,-66,-66,-66,-67,-68,
-68,-69,-69,-69,-69,-69,-69,-69,
-69,-69,-69,-70,-71,-73,-76,-80,
-84,-90,-97,-103,-109,-111,-107,-94,
-69,-32,15,68,116,151,164,150,
111,56,-2,-54,-89,-105,-106,-97,
-85,-76,-71,-70,-72,-75,-77,-78,
-79,-78,-78,-77,-77,-78,-78,-78,
-78,-77,-77,-77,-77,-77,-77,-76,
-76,-76,-76,-76,-75,-75,-75,-75,
-75,-76,-76,-76,-76,-76,-76,-75,
-75,-75,-75,-75,-76,-76,-76,-77,
-77,-77,-76,-76,-75,-74,-74,-73,
-73,-73,-73,-73,-73,-74,-74,-74,
-75,-75,-75,-75,-75,-74,-74,-74,
-74,-74,-74,-74,-74,-74,-74,-74,
-74,-75,-75,-75,-75,-76,-76,-76,
-76,-76,-76,-76,-76,-75,-75,-74,
-74,-73,-71,-70,-69,-68,-67,-66,
-65,-64,-64,-63,-62,-62,-61,-61,
-60,-60,-59,-59,-59,-59,-59,-58,
-58,-58,-57,-57,-57,-57,-58,-58,
-59,-59,-59,-59,-59,-59,-60,-60,
-60,-60,-61,-61,-61,-62,-62,-62,
-63,-63,-62,-62,-62,-62,-63,-63,
-63,-63,-64,-64,-65,-65,-66,-66,
-67,-67,-67,-67,-67,-66,-66,-66,
-67,-67,-67,-67,-67,-67,-66,-66,
-66,-66,-65,-66,-66,-66,-67,-67,
-67,-67,-66,-66,-66,-67,-67,-68,
-68,-68,-68,-68,-67,-66,-66,-66,
-66,-66,-65,-64,-62,-60,-58,-56,
-54,-52,-52,-52,-52,-52,-52,-52,
-51,-49,-47,-45,-44,-43,-43,-43,
-44,-44,-45,-45,-46,-46,-46,-46,
-46,-45,-45,-46,-47,-50,-53,-57,
-61,-64,-66,-68,-69,-69,-70,-70,
-70,-71,-71,-71,-72,-72,-72,-72,
-73,-73,-74,-74,-75,-75,-75,-75,
-76,-77,-80,-83,-87,-90,-95,-99,
-104,-109,-113,-114,-113,-106,-93,-72,
-41,-1,44,89,126,146,144,118,
73,19,-33,-73,-97,-105,-101,-91,
-81,-74,-72,-72,-75,-77,-79,-80,
-80,-80,-79,-80,-80,-81,-81,-82,
-81,-81,-81,-81,-80,-80,-80,-80,
-80,-80,-80,-80,-80,-79,-79,-78,
-78,-78,-78,-78,-79,-80,-80,-81,
-81,-81,-81,-81,-81,-81,-81,-81,
-82,-82,-81,-81,-80,-80,-80,-79,
-79,-80,-80,-81,-81,-82,-82,-81,
-81,-81,-80,-80,-79,-79,-79,-79,
-79,-79,-79,-80,-81,-82,-82,-83,
-84,-85,-85,-85,-85,-85,-85,-86,
-86,-87,-87,-87,-88,-87,-87,-86,
-85,-84,-83,-81,-80,-78,-77,-76,
-75,-74,-74,-72,-71,-70,-68,-68,
-67,-67,-68,-68,-68,-69,-69,-69,
-69,-69,-69,-68,-68,-68,-68,-69,
-69,-69,-70,-71,-71,-71,-71,-70,
-70,-70,-69,-70,-70,-71,-71,-73,
-74,-75,-75,-75,-75,-75,-74,-74,
-73,-73,-73,-74,-75,-76,-76,-77,
-78,-78,-79,-79,-79,-78,-78,-77,
-77,-77,-77,-77,-78,-79,-79,-80,
-80,-79,-79,-79,-79,-79,-79,-78,
-78,-77,-77,-77,-78,-79,-80,-80,
-80,-80,-79,-77,-76,-75,-75,-75,
-75,-74,-73,-72,-70,-69,-67,-66,
-65,-64,-62,-61,-59,-58,-56,-56,
-55,-55,-55,-56,-57,-58,-59,-60,
-60,-60,-60,-60,-60,-60,-61,-61,
-61,-61,-60,-60,-61,-62,-65,-68,
-72,-75,-77,-79,-80,-81,-82,-82,
-83,-83,-84,-84,-85,-85,-85,-86,
-86,-86,-87,-87,-86,-86,-85,-85,
-85,-86,-88,-92,-98,-105,-113,-120,
-125,-126,-119,-103,-75,-34,14,66,
111,141,148,129,87,32,-25,-73,
-105,-119,-119,-111,-101,-92,-88,-88,
-89,-91,-93,-93,-93,-93,-92,-92,
-93,-93,-93,-93,-93,-93,-93,-93,
-94,-94,-94,-94,-95,-94,-94,-94,
-94,-94,-94,-94,-94,-94,-94,-94,
-93,-93,-93,-93,-93,-93,-94,-94,
-94,-94,-94,-94,-93,-93,-93,-93,
-93,-94,-94,-94,-93,-93,-92,-91,
-91,-90,-90,-91,-91,-91,-92,-92,
-92,-92,-92,-92,-91,-91,-92,-92,
-93,-94,-95,-95,-96,-96,-97,-97,
-98,-98,-99,-100,-100,-100,-100,-100,
-100,-99,-99,-98,-97,-95,-93,-92,
-90,-88,-86,-84,-83,-81,-79,-77,
-76,-75,-74,-73,-72,-71,-71,-70,
-69,-69,-68,-67,-67,-67,-67,-67,
-67,-68,-68,-68,-68,-68,-68,-68,
-68,-68,-68,-68,-68,-68,-68,-68,
-68,-68,-69,-69,-69,-69,-70,-70,
-70,-70,-70,-70,-70,-70,-69,-69,
-69,-70,-70,-70,-71,-71,-71,-71,
-72,-72,-72,-72,-72,-72,-72,-72,
-72,-72,-72,-72,-72,-73,-73,-72,
-72,-72,-72,-72,-72,-72,-72,-72,
-72,-72,-71,-71,-70,-70,-70,-70,
-70,-70,-70,-70,-69,-69,-69,-69,
-69,-70,-70,-70,-69,-67,-65,-63,
-61,-59,-57,-56,-56,-56,-55,-55,
-54,-53,-51,-49,-48,-47,-46,-46,
-47,-47,-48,-49,-50,-51,-51,-51,
-51,-50,-48,-47,-47,-47,-49,-53,
-56,-60,-63,-66,-68,-70,-71,-71,
-72,-72,-73,-73,-73,-73,-73,-73,
-74,-74,-75,-75,-75,-75,-74,-74,
-73,-73,-74,-76,-81,-87,-94,-102,
-110,-114,-115,-112,-104,-93,-81,-67,
-50,-30,-2,33,75,120,159,185,
188,168,124,66,4,-48,-84,-102,
-104,-96,-85,-77,-72,-72,-75,-79,
-82,-83,-83,-83,-82,-81,-80,-80,
-80,-80,-80,-80,-81,-81,-81,-81,
-80,-80,-80,-79,-79,-79,-79,-79,
-79,-79,-79,-79,-79,-79,-79,-78,
-78,-78,-78,-79,-79,-79,-79,-79,
-78,-78,-78,-77,-77,-77,-77,-78,
-78,-78,-78,-78,-77,-77,-77,-77,
-77,-78,-78,-78,-79,-79,-79,-79,
-79,-79,-79,-79,-79,-79,-79,-79,
-80,-80,-80,-80,-79,-79,-80,-80,
-80,-80,-80,-80,-79,-78,-77,-76,
-74,-73,-71,-69,-68,-67,-65,-64,
-63,-62,-61,-60,-59,-59,-59,-58,
-58,-58,-57,-57,-57,-57,-57,-57,
-58,-58,-58,-58,-58,-57,-57,-57,
-57,-58,-58,-58,-59,-59,-60,-60,
-60,-60,-61,-61,-62,-62,-63,-63,
-63,-63,-63,-62,-62,-62,-62,-62,
-63,-63,-63,-63,-63,-63,-63,-63,
-63,-63,-63,-63,-63,-63,-63,-63,
-63,-64,-64,-64,-64,-65,-65,-65,
-66,-66,-66,-66,-66,-66,-66,-66,
-66,-66,-65,-65,-65,-64,-64,-64,
-64,-64,-63,-63,-63,-63,-62,-62,
-62,-62,-62,-62,-62,-62,-61,-59,
-57,-54,-52,-51,-49,-48,-48,-47,
-46,-45,-43,-42,-41,-40,-39,-39,
-39,-40,-41,-42,-43,-44,-45,-46,
-46,-45,-44,-43,-41,-41,-41,-44,
-47,-51,-55,-59,-62,-63,-64,-65,
-65,-65,-65,-65,-65,-65,-66,-67,
-67,-68,-68,-69,-69,-69,-69,-69,
-69,-68,-68,-69,-69,-70,-71,-73,
-77,-81,-87,-95,-102,-109,-111,-106,
-91,-63,-22,26,78,123,150,152,
128,83,27,-27,-70,-95,-103,-98,
-87,-77,-70,-67,-68,-71,-74,-76,
-77,-77,-76,-76,-75,-75,-75,-75,
-75,-75,-75,-74,-74,-73,-73,-74,
-74,-74,-75,-75,-75,-75,-74,-74,
-74,-74,-74,-74,-74,-74,-74,-74,
-74,-74,-73,-72,-72,-72,-71,-71,
-72,-72,-72,-72,-72,-72,-72,-72,
-72,-72,-72,-72,-72,-72,-72,-72,
-72,-72,-72,-72,-72,-71,-71,-71,
-71,-71,-71,-72,-73,-73,-74,-75,
-75,-75,-75,-75,-74,-74,-74,-74,
-74,-74,-74,-74,-73,-71,-69,-67,
-65,-64,-62,-61,-60,-59,-59,-58,
-58,-57,-57,-57,-57,-57,-57,-58,
-59,-59,-60,-60,-60,-60,-59,-59,
-59,-60,-60,-61,-61,-61,-61,-60,
-60,-59,-59,-59,-60,-61,-62,-63,
-63,-64,-64,-64,-64,-64,-65,-66,
-66,-67,-68,-68,-68,-69,-69,-69,
-69,-69,-69,-69,-69,-69,-69,-69,
-69,-69,-70,-71,-71,-71,-72,-72,
-72,-71,-71,-71,-71,-71,-72,-72,
-73,-73,-73,-72,-72,-71,-71,-71,
-71,-72,-72,-72,-72,-72,-72,-73,
-72,-72,-71,-69,-68,-66,-64,-63,
-61,-60,-58,-57,-55,-53,-52,-51,
-50,-50,-51,-52,-53,-54,-55,-56,
-57,-58,-58,-57,-57,-56,-55,-56,
-57,-59,-63,-66,-70,-73,-75,-77,
-78,-78,-77,-77,-76,-76,-76,-77,
-78,-80,-81,-81,-82,-82,-82,-82,
-82,-83,-83,-83,-83,-83,-83,-82,
-82,-83,-85,-88,-93,-99,-107,-115,
-121,-122,-115,-95,-63,-18,32,82,
123,143,139,111,64,9,-43,-84,
-110,-119,-116,-107,-97,-89,-85,-84,
-85,-87,-88,-90,-91,-91,-92,-92,
-93,-93,-92,-92,-91,-90,-90,-90,
-90,-90,-91,-91,-91,-90,-90,-90,
-91,-91,-91,-91,-91,-91,-91,-91,
-91,-91,-90,-90,-90,-91,-92,-93,
-94,-95,-95,-94,-93,-92,-91,-90,
-90,-90,-90,-90,-91,-91,-91,-91,
-91,-90,-90,-90,-90,-90,-89,-89,
-89,-90,-90,-91,-91,-92,-93,-94,
-95,-95,-96,-97,-98,-99,-101,-102,
-103,-103,-102,-101,-99,-97,-95,-93,
-91,-89,-88,-87,-85,-84,-82,-80,
-78,-77,-76,-76,-76,-76,-75,-74,
-73,-72,-71,-70,-70,-71,-72,-72,
-73,-74,-74,-74,-74,-74,-75,-75,
-75,-75,-75,-75,-75,-75,-75,-75,
-75,-75,-75,-76,-76,-77,-78,-79,
-79,-80,-81,-81,-81,-81,-81,-80,
-80,-80,-80,-80,-80,-81,-82,-83,
-83,-83,-83,-83,-83,-83,-83,-83,
-83,-84,-84,-84,-84,-84,-84,-84,
-83,-83,-82,-82,-81,-81,-81,-81,
-81,-81,-80,-79,-78,-76,-75,-73,
-71,-70,-70,-69,-68,-66,-65,-63,
-61,-60,-60,-60,-60,-60,-60,-58,
-56,-54,-52,-52,-53,-55,-59,-64,
-69,-73,-77,-79,-80,-81,-82,-82,
-83,-83,-84,-84,-85,-85,-86,-86,
-86,-86,-86,-86,-86,-86,-86,-85,
-85,-84,-84,-85,-86,-89,-93,-98,
-105,-112,-119,-123,-123,-114,-95,-63,
-20,30,82,124,149,149,123,77,
19,-37,-82,-109,-119,-115,-106,-95,
-88,-85,-86,-88,-90,-92,-93,-93,
-93,-93,-92,-92,-92,-92,-91,-91,
-90,-90,-90,-90,-91,-91,-91,-92,
-92,-92,-92,-92,-91,-91,-91,-92,
-92,-92,-92,-92,-92,-91,-91,-91,
-91,-91,-91,-91,-90,-90,-90,-90,
-89,-89,-89,-89,-89,-90,-90,-90,
-90,-90,-90,-89,-89,-89,-89,-89,
-89,-89,-90,-91,-91,-91,-91,-91,
-91,-91,-92,-92,-92,-92,-92,-92,
-93,-93,-94,-94,-95,-96,-96,-97,
-97,-96,-95,-94,-92,-90,-88,-87,
-85,-84,-82,-80,-78,-75,-73,-71,
-70,-69,-68,-68,-68,-68,-68,-68,
-68,-68,-68,-69,-69,-69,-68,-69,
-69,-69,-70,-70,-71,-71,-72,-72,
-71,-71,-70,-70,-69,-69,-70,-70,
-71,-72,-72,-73,-73,-74,-74,-74,
-75,-75,-75,-76,-76,-76,-76,-76,
-76,-76,-77,-77,-76,-76,-76,-76,
-76,-76,-76,-76,-76,-75,-75,-75,
-76,-76,-77,-77,-78,-78,-77,-77,
-76,-76,-76,-76,-76,-76,-75,-75,
-75,-75,-75,-75,-76,-76,-76,-77,
-77,-76,-76,-76,-75,-75,-75,-76,
-76,-76,-76,-75,-74,-73,-73,-72,
-72,-72,-71,-70,-68,-66,-64,-62,
-61,-61,-60,-59,-58,-57,-56,-54,
-54,-54,-54,-55,-56,-56,-57,-57,
-57,-57,-58,-58,-58,-58,-57,-56,
-55,-54,-55,-56,-59,-63,-67,-71,
-74,-76,-77,-78,-78,-79,-79,-79,
-79,-79,-79,-79,-79,-79,-80,-80,
-81,-81,-81,-81,-81,-81,-82,-85,
-89,-94,-101,-109,-116,-120,-120,-112,
-96,-69,-33,12,64,115,158,186,
191,171,128,70,8,-46,-86,-108,
-113,-107,-96,-87,-82,-80,-82,-85,
-88,-90,-90,-90,-90,-89,-89,-89,
-89,-89,-88,-88,-87,-87,-87,-87,
-88,-88,-89,-90,-90,-90,-90,-90,
-90,-90,-89,-89,-89,-89,-88,-87,
-87,-87,-87,-87,-88,-89,-89,-89,
-89,-89,-88,-88,-88,-87,-87,-87,
-87,-87,-87,-87,-87,-87,-86,-86,
-86,-86,-86,-86,-87,-87,-87,-87,
-87,-87,-87,-87,-87,-87,-86,-86,
-85,-85,-85,-86,-86,-87,-87,-88,
-89,-89,-89,-88,-88,-87,-85,-83,
-81,-79,-77,-75,-73,-72,-70,-69,
-68,-68,-67,-67,-66,-66,-66,-66,
-66,-66,-66,-66,-66,-66,-66,-66,
-67,-67,-67,-68,-68,-68,-68,-67,
-67,-67,-68,-68,-68,-69,-69,-69,
-70,-70,-70,-70,-70,-70,-70,-71,
-71,-71,-71,-72,-72,-72,-73,-72,
-72,-72,-72,-72,-72,-72,-73,-74,
-74,-75,-75,-75,-75,-75,-75,-75,
-75,-75,-75,-74,-74,-73,-73,-72,
-72,-72,-73,-73,-74,-74,-75,-75,
-75,-75,-75,-75,-75,-75,-75,-75,
-74,-73,-71,-69,-67,-65,-63,-61,
-60,-59,-58,-57,-56,-56,-55,-54,
-53,-53,-52,-52,-52,-52,-53,-54,
-54,-55,-56,-57,-58,-58,-58,-57,
-55,-54,-54,-54,-56,-59,-63,-66,
-69,-72,-74,-75,-76,-77,-78,-79,
-80,-81,-81,-81,-81,-81,-81,-81,
-81,-80,-80,-80,-80,-80,-80,-82,
-84,-88,-94,-100,-108,-116,-121,-122,
-117,-104,-81,-48,-7,38,86,129,
162,180,180,160,123,74,20,-30,
-71,-98,-110,-111,-104,-96,-89,-85,
-84,-85,-87,-89,-90,-90,-90,-89,
-88,-88,-88,-89,-89,-89,-90,-90,
-90,-90,-89,-89,-89,-89,-90,-90,
-91,-91,-91,-91,-92,-91,-91,-91,
-90,-90,-90,-90,-90,-90,-91,-92,
-92,-92,-91,-91,-90,-90,-91,-91,
-92,-92,-92,-92,-92,-92,-91,-90,
-89,-89,-88,-88,-88,-88,-89,-90,
-90,-91,-91,-91,-90,-90,-90,-90,
-91,-92,-92,-93,-93,-93,-92,-92,
-92,-92,-92,-93,-94,-94,-95,-96,
-96,-96,-96,-95,-94,-93,-92,-91,
-89,-88,-87,-86,-85,-83,-82,-81,
-81,-80,-79,-78,-77,-76,-75,-75,
-74,-74,-73,-73,-73,-73,-73,-72,
-72,-72,-73,-74,-75,-75,-76,-75,
-75,-75,-74,-74,-75,-76,-77,-78,
-78,-78,-78,-77,-77,-77,-77,-77,
-77,-77,-77,-78,-78,-78,-78,-79,
-79,-80,-81,-81,-82,-82,-83,-83,
-83,-83,-83,-83,-83,-83,-83,-83,
-82,-82,-81,-81,-81,-81,-82,-82,
-83,-83,-83,-83,-82,-82,-82,-82,
-81,-81,-80,-80,-80,-80,-80,-81,
-82,-82,-83,-83,-82,-82,-82,-81,
-81,-81,-80,-79,-78,-75,-73,-71,
-69,-68,-67,-67,-66,-65,-64,-62,
-60,-59,-59,-59,-60,-61,-62,-62,
-63,-63,-64,-64,-65,-65,-65,-64,
-62,-61,-61,-63,-66,-70,-74,-78,
-81,-83,-84,-85,-86,-86,-86,-85,
-85,-84,-84,-85,-85,-86,-87,-87,
-87,-87,-86,-86,-86,-86,-86,-87,
-87,-87,-88,-89,-91,-95,-100,-106,
-113,-119,-124,-124,-117,-101,-75,-38,
6,56,102,137,153,146,116,70,
16,-35,-78,-107,-123,-127,-124,-117,
-110,-104,-100,-98,-97,-97,-96,-96,
-95,-94,-93,-93,-93,-93,-94,-94,
-94,-94,-94,-93,-92,-91,-91,-91,
-92,-92,-93,-93,-93,-93,-93,-93,
-93,-93,-94,-94,-94,-93,-93,-93,
-92,-92,-92,-93,-93,-93,-93,-93,
-93,-93,-93,-92,-92,-92,-91,-91,
-91,-90,-90,-89,-89,-89,-89,-90,
-90,-91,-92,-92,-92,-92,-91,-91,
-91,-91,-92,-94,-95,-96,-97,-98,
-98,-97,-97,-97,-97,-98,-99,-100,
-101,-101,-102,-102,-102,-102,-102,-102,
-102,-102,-101,-100,-99,-97,-96,-95,
-94,-93,-92,-91,-90,-89,-87,-85,
-83,-81,-79,-78,-76,-75,-74,-72,
-71,-70,-69,-68,-68,-68,-68,-68,
-69,-69,-69,-69,-68,-68,-68,-68,
-68,-68,-69,-69,-69,-69,-69,-69,
-69,-69,-69,-69,-69,-70,-70,-70,
-70,-70,-70,-70,-71,-71,-72,-72,
-73,-73,-73,-74,-74,-74,-74,-74,
-73,-73,-73,-73,-74,-74,-74,-74,
-74,-74,-74,-74,-74,-74,-74,-75,
-75,-75,-76,-76,-75,-75,-75,-74,
-74,-74,-74,-74,-73,-73,-73,-73,
-74,-74,-74,-74,-74,-73,-73,-73,
-73,-73,-73,-73,-73,-73,-72,-72,
-72,-71,-70,-69,-67,-65,-64,-62,
-61,-60,-59,-58,-56,-55,-53,-52,
-52,-51,-52,-52,-53,-54,-55,-56,
-57,-57,-56,-55,-53,-52,-50,-50,
-51,-54,-58,-62,-66,-69,-71,-73,
-74,-74,-74,-74,-75,-75,-75,-76,
-76,-77,-77,-77,-77,-77,-76,-75,
-75,-75,-74,-74,-74,-75,-75,-76,
-77,-78,-81,-84,-88,-93,-99,-105,
-111,-116,-116,-110,-94,-67,-27,21,
74,122,157,168,153,113,57,-2,
-54,-89,-106,-107,-99,-88,-80,-75,
-75,-78,-81,-84,-86,-86,-85,-84,
-83,-82,-82,-82,-82,-82,-83,-83,
-84,-84,-84,-84,-84,-83,-83,-83,
-83,-83,-83,-83,-83,-83,-82,-82,
-82,-83,-83,-83,-83,-82,-82,-82,
-81,-81,-81,-82,-82,-82,-82,-82,
-82,-82,-82,-82,-81,-81,-81,-81,
-81,-81,-81,-80,-80,-79,-79,-78,
-78,-78,-79,-79,-80,-80,-80,-81,
-81,-81,-81,-82,-83,-84,-85,-85,
-86,-86,-86,-86,-86,-85,-85,-85,
-85,-84,-84,-83,-81,-80,-78,-76,
-74,-73,-71,-70,-68,-67,-66,-65,
-63,-62,-61,-61,-60,-59,-59,-59,
-59,-59,-59,-60,-60,-60,-60,-60,
-60,-60,-60,-59,-59,-59,-60,-60,
-60,-61,-61,-61,-61,-61,-61,-62,
-62,-62,-63,-63,-64,-64,-65,-65,
-65,-65,-65,-65,-64,-64,-64,-65,
-65,-65,-66,-66,-65,-65,-65,-65,
-66,-66,-67,-67,-67,-67,-67,-67,
-68,-68,-68,-68,-68,-68,-68,-68,
-68,-68,-68,-69,-69,-69,-69,-68,
-68,-67,-67,-66,-66,-66,-66,-65,
-65,-66,-66,-66,-66,-66,-67,-67,
-67,-67,-67,-66,-65,-64,-63,-61,
-60,-58,-56,-55,-54,-52,-50,-49,
-47,-45,-44,-43,-43,-43,-44,-45,
-46,-47,-48,-49,-49,-50,-49,-48,
-46,-45,-44,-45,-47,-50,-54,-58,
-62,-65,-67,-68,-68,-68,-68,-68,
-68,-68,-69,-69,-69,-69,-69,-69,
-69,-70,-70,-70,-71,-71,-71,-70,
-70,-71,-72,-74,-77,-81,-87,-94,
-102,-108,-111,-109,-98,-78,-45,-2,
48,99,141,165,164,139,92,35,
-21,-66,-93,-103,-100,-91,-81,-74,
-71,-72,-74,-77,-79,-79,-79,-79,
-78,-78,-78,-78,-78,-78,-77,-77,
-76,-76,-76,-76,-77,-77,-77,-77,
-76,-76,-76,-75,-75,-75,-75,-74,
-74,-74,-74,-75,-75,-76,-76,-76,
-76,-75,-75,-75,-74,-74,-74,-74,
-74,-74,-73,-73,-73,-73,-73,-73,
-73,-73,-73,-73,-73,-73,-73,-73,
-73,-73,-73,-73,-74,-74,-74,-75,
-75,-75,-76,-76,-76,-76,-76,-76,
-76,-77,-77,-77,-77,-77,-77,-76,
-75,-73,-72,-70,-69,-67,-65,-63,
-62,-60,-58,-57,-56,-56,-56,-57,
-57,-58,-58,-58,-57,-56,-56,-55,
-54,-54,-54,-54,-53,-53,-54,-54,
-54,-55,-56,-56,-56,-57,-57,-58,
-58,-58,-59,-59,-59,-60,-60,-60,
-60,-60,-60,-59,-59,-59,-59,-59,
-59,-60,-60,-61,-62,-63,-63,-64,
-63,-63,-63,-63,-64,-64,-65,-65,
-66,-66,-66,-66,-65,-65,-64,-64,
-64,-64,-65,-65,-66,-66,-66,-66,
-65,-66,-66,-66,-67,-67,-67,-66,
-66,-66,-66,-66,-66,-67,-67,-67,
-66,-66,-65,-65,-65,-65,-64,-63,
-61,-59,-57,-56,-54,-53,-52,-51,
-49,-47,-46,-45,-44,-44,-45,-46,
-47,-48,-48,-48,-47,-46,-46,-46,
-47,-48,-48,-48,-47,-46,-45,-45,
-46,-49,-53,-58,-62,-66,-68,-69,
-69,-69,-68,-68,-68,-68,-69,-71,
-72,-72,-73,-72,-72,-72,-72,-72,
-72,-72,-72,-74,-76,-80,-86,-93,
-102,-110,-115,-116,-110,-93,-65,-26,
20,71,119,156,174,169,140,93,
37,-18,-63,-93,-106,-105,-98,-88,
-81,-78,-78,-80,-82,-83,-83,-83,
-82,-82,-82,-82,-82,-83,-83,-83,
-83,-83,-84,-84,-84,-83,-83,-82,
-82,-82,-82,-83,-83,-84,-85,-85,
-84,-84,-83,-83,-83,-83,-84,-84,
-84,-85,-85,-85,-85,-85,-85,-85,
-85,-84,-83,-83,-82,-82,-82,-82,
-82,-83,-84,-85,-85,-86,-86,-86,
-85,-86,-86,-86,-86,-87,-87,-88,
-88,-88,-89,-89,-89,-90,-90,-91,
-91,-92,-92,-93,-93,-93,-93,-92,
-91,-89,-88,-86,-84,-82,-81,-79,
-77,-76,-74,-72,-71,-70,-70,-69,
-69,-69,-69,-69,-69,-68,-67,-67,
-67,-68,-68,-69,-69,-69,-69,-68,
-68,-67,-67,-67,-68,-68,-68,-69,
-69,-70,-71,-72,-72,-73,-73,-72,
-72,-71,-70,-70,-70,-70,-71,-72,
-73,-73,-74,-74,-74,-75,-75,-75,
-75,-75,-75,-75,-75,-75,-75,-75,
-75,-76,-76,-76,-77,-77,-78,-78,
-79,-79,-78,-77,-76,-76,-75,-75,
-75,-75,-75,-75,-75,-75,-74,-74,
-74,-74,-74,-74,-74,-72,-71,-69,
-67,-66,-65,-65,-65,-65,-64,-63,
-62,-60,-58,-56,-55,-54,-53,-54,
-54,-55,-56,-56,-56,-56,-56,-56,
-57,-58,-59,-59,-59,-59,-59,-60,
-63,-66,-69,-73,-75,-77,-77,-77,
-77,-77,-77,-77,-77,-78,-79,-80,
-81,-81,-81,-81,-80,-80,-80,-80,
-80,-81,-82,-84,-86,-89,-93,-98,
-104,-111,-118,-121,-117,-102,-74,-32,
18,71,117,143,145,119,72,15,
-39,-81,-105,-112,-108,-97,-88,-81,
-79,-80,-83,-86,-87,-87,-87,-86,
-86,-85,-85,-85,-85,-85,-84,-84,
-84,-84,-84,-85,-85,-85,-85,-85,
-85,-85,-85,-85,-85,-85,-85,-85,
-85,-85,-86,-86,-86,-86,-86,-86,
-86,-86,-86,-86,-86,-86,-85,-85,
-84,-84,-83,-83,-83,-83,-83,-84,
-84,-85,-85,-85,-85,-85,-85,-85,
-86,-87,-87,-88,-89,-90,-91,-91,
-91,-91,-91,-91,-91,-92,-92,-92,
-92,-92,-91,-90,-88,-86,-83,-81,
-78,-75,-73,-71,-70,-68,-67,-65,
-64,-63,-61,-60,-59,-58,-58,-57,
-57,-57,-57,-58,-58,-59,-59,-60,
-60,-59,-59,-59,-59,-59,-59,-59,
-59,-59,-60,-60,-60,-59,-59,-58,
-58,-58,-58,-59,-59,-60,-60,-61,
-61,-61,-61,-61,-62,-62,-63,-63,
-64,-64,-64,-65,-65,-65,-65,-65,
-65,-65,-65,-65,-65,-65,-65,-65,
-65,-65,-65,-64,-64,-64,-64,-63,
-63,-63,-64,-64,-64,-64,-64,-63,
-63,-63,-62,-62,-61,-61,-61,-62,
-62,-63,-63,-63,-62,-62,-61,-60,
-59,-57,-56,-54,-52,-51,-49,-48,
-47,-46,-45,-44,-42,-41,-40,-39,
-38,-38,-38,-39,-39,-40,-41,-42,
-43,-44,-45,-46,-46,-45,-44,-43,
-42,-43,-45,-48,-52,-55,-59,-62,
-63,-64,-65,-65,-64,-64,-64,-64,
-65,-65,-66,-67,-67,-68,-69,-69,
-69,-69,-69,-70,-71,-73,-76,-80,
-86,-93,-99,-105,-110,-111,-109,-101,
-87,-64,-32,9,58,108,151,177,
179,154,106,46,-12,-60,-90,-102,
-99,-89,-79,-72,-69,-70,-73,-77,
-79,-79,-79,-78,-77,-77,-77,-77,
-78,-78,-78,-79,-79,-79,-78,-78,
-78,-77,-77,-77,-76,-76,-76,-77,
-77,-77,-77,-78,-77,-77,-77,-77,
-77,-76,-77,-77,-77,-77,-78,-78,
-77,-77,-77,-77,-77,-77,-77,-77,
-77,-77,-77,-76,-76,-75,-75,-75,
-75,-75,-76,-76,-77,-78,-78,-79,
-79,-79,-79,-79,-78,-78,-77,-77,
-78,-78,-79,-79,-79,-79,-79,-79,
-78,-78,-77,-76,-75,-74,-72,-71,
-69,-68,-66,-65,-64,-63,-61,-60,
-59,-58,-57,-56,-55,-54,-54,-53,
-53,-53,-53,-53,-53,-53,-53,-53,
-53,-53,-53,-53,-54,-54,-55,-55,
-55,-56,-56,-56,-56,-57,-57,-58,
-58,-59,-59,-59,-59,-59,-59,-59,
-59,-60,-60,-60,-61,-61,-61,-62,
-62,-62,-63,-63,-64,-64,-64,-64,
-64,-64,-64,-64,-63,-63,-63,-63,
-63,-63,-63,-63,-64,-64,-64,-64,
-64,-64,-64,-63,-63,-63,-63,-62,
-62,-62,-62,-62,-62,-62,-62,-62,
-62,-62,-62,-62,-62,-62,-61,-60,
-59,-58,-56,-54,-53,-51,-51,-50,
-50,-49,-47,-46,-44,-42,-41,-41,
-41,-42,-43,-44,-45,-45,-46,-46,
-45,-44,-43,-42,-41,-41,-42,-45,
-49,-52,-56,-59,-61,-62,-63,-64,
-65,-65,-65,-66,-66,-66,-66,-65,
-65,-65,-65,-65,-65,-66,-66,-66,
-67,-67,-66,-66,-66,-67,-68,-71,
-74,-80,-87,-94,-101,-106,-107,-101,
-86,-59,-19,29,81,129,162,173,
156,116,61,2,-48,-82,-98,-99,
-90,-79,-70,-66,-66,-69,-72,-75,
-76,-76,-76,-75,-75,-75,-75,-75,
-76,-76,-76,-76,-75,-74,-74,-73,
-73,-73,-74,-74,-74,-74,-74,-74,
-74,-74,-74,-75,-75,-75,-75,-74,
-74,-74,-74,-74,-74,-74,-74,-73,
-73,-73,-72,-72,-72,-72,-72,-71,
-71,-71,-71,-71,-71,-72,-72,-72,
-72,-72,-72,-72,-72,-72,-73,-72,
-72,-72,-72,-73,-73,-74,-74,-74,
-74,-74,-74,-74,-74,-74,-74,-74,
-74,-74,-73,-73,-73,-73,-73,-71,
-69,-67,-64,-61,-59,-57,-56,-55,
-55,-55,-54,-54,-54,-53,-53,-52,
-52,-52,-52,-52,-52,-52,-52,-53,
-53,-54,-54,-55,-55,-55,-54,-54,
-53,-53,-53,-53,-53,-53,-54,-54,
-55,-56,-56,-57,-57,-57,-57,-58,
-58,-59,-60,-61,-62,-63,-63,-63,
-62,-62,-61,-61,-60,-61,-61,-61,
-61,-61,-61,-61,-62,-63,-64,-65,
-65,-65,-66,-66,-66,-66,-66,-66,
-66,-66,-65,-65,-64,-63,-63,-63,
-63,-63,-63,-63,-62,-62,-62,-63,
-63,-64,-64,-64,-64,-63,-62,-60,
-58,-56,-55,-54,-53,-52,-52,-51,
-50,-48,-46,-45,-43,-42,-42,-42,
-43,-45,-47,-48,-49,-50,-49,-48,
-47,-45,-44,-44,-45,-47,-50,-54,
-58,-62,-65,-67,-68,-69,-69,-68,
-68,-68,-68,-69,-69,-69,-69,-69,
-69,-68,-68,-68,-68,-69,-69,-69,
-70,-70,-70,-70,-70,-72,-74,-78,
-83,-90,-98,-106,-111,-110,-102,-84,
-54,-14,33,82,124,149,152,130,
88,35,-18,-62,-91,-103,-102,-94,
-84,-77,-73,-73,-75,-77,-79,-80,
-81,-80,-79,-78,-77,-77,-77,-77,
-78,-79,-80,-80,-80,-80,-80,-80,
-80,-80,-81,-81,-81,-81,-81,-81,
-81,-81,-81,-81,-81,-81,-81,-81,
-81,-81,-81,-81,-80,-80,-80,-80,
-79,-79,-79,-79,-80,-80,-81,-81,
-81,-81,-81,-80,-80,-80,-79,-79,
-79,-79,-80,-81,-81,-82,-82,-83,
-83,-83,-83,-83,-84,-84,-84,-84,
-84,-84,-85,-85,-86,-86,-87,-88,
-88,-89,-90,-90,-91,-90,-89,-88,
-86,-84,-82,-81,-79,-78,-76,-75,
-72,-70,-68,-66,-65,-64,-64,-64,
-65,-65,-64,-64,-62,-61,-60,-59,
-58,-58,-59,-59,-60,-61,-61,-61,
-62,-62,-63,-63,-63,-63,-63,-63,
-63,-64,-64,-64,-65,-65,-64,-64,
-63,-63,-63,-63,-64,-66,-67,-68,
-69,-69,-68,-68,-67,-67,-68,-68,
-69,-70,-70,-70,-71,-71,-71,-71,
-71,-71,-71,-71,-71,-71,-71,-71,
-71,-72,-72,-72,-72,-72,-72,-72,
-72,-72,-71,-71,-71,-71,-71,-71,
-71,-71,-72,-72,-72,-72,-72,-72,
-71,-71,-71,-70,-69,-68,-67,-65,
-64,-62,-61,-60,-59,-58,-57,-56,
-54,-53,-53,-52,-53,-53,-54,-54,
-55,-55,-56,-56,-56,-55,-55,-54,
-53,-53,-54,-57,-60,-64,-68,-71,
-74,-76,-77,-77,-78,-78,-77,-77,
-77,-77,-77,-77,-77,-77,-77,-77,
-77,-77,-76,-76,-76,-75,-75,-76,
-77,-79,-82,-86,-90,-95,-100,-106,
-111,-115,-114,-107,-90,-63,-25,20,
69,114,145,153,137,99,46,-8,
-56,-88,-104,-106,-98,-89,-81,-76,
-75,-77,-79,-81,-82,-83,-82,-82,
-82,-82,-81,-81,-81,-80,-80,-80,
-80,-80,-80,-80,-80,-80,-79,-80,
-80,-80,-80,-81,-81,-80,-80,-80,
-79,-79,-79,-79,-79,-80,-80,-80,
-80,-81,-81,-81,-82,-82,-82,-82,
-82,-82,-81,-81,-81,-80,-80,-80,
-80,-79,-79,-78,-78,-78,-78,-79,
-79,-79,-79,-80,-80,-81,-81,-81,
-82,-82,-83,-83,-83,-84,-84,-85,
-85,-85,-85,-86,-86,-86,-87,-87,
-87,-87,-86,-86,-85,-84,-83,-81,
-80,-78,-76,-73,-71,-69,-67,-66,
-64,-63,-62,-60,-59,-58,-57,-56,
-56,-55,-54,-54,-54,-54,-54,-55,
-55,-55,-55,-55,-55,-55,-55,-55,
-56,-56,-57,-57,-57,-57,-57,-57,
-57,-57,-57,-57,-58,-58,-58,-58,
-58,-58,-58,-58,-58,-59,-60,-60,
-61,-62,-62,-63,-63,-63,-63,-62,
-62,-62,-62,-63,-63,-63,-64,-64,
-64,-63,-63,-63,-63,-63,-63,-63,
-63,-63,-63,-63,-64,-64,-64,-64,
-64,-64,-63,-63,-63,-63,-63,-63,
-62,-62,-62,-61,-61,-61,-62,-62,
-62,-62,-61,-61,-61,-60,-60,-59,
-58,-56,-54,-53,-51,-50,-49,-48,
-48,-47,-46,-45,-44,-43,-42,-40,
-40,-39,-39,-39,-40,-41,-41,-42,
-43,-43,-44,-44,-44,-44,-43,-42,
-41,-41,-42,-44,-47,-51,-54,-57,
-60,-62,-64,-65,-65,-66,-66,-66,
-66,-66,-66,-66,-66,-66,-66,-67,
-67,-67,-67,-67,-67,-66,-66,-67,
-67,-68,-70,-72,-75,-80,-86,-92,
-99,-104,-106,-102,-91,-70,-37,5,
55,105,148,175,177,154,109,52,
-5,-53,-84,-96,-95,-86,-76,-68,
-66,-66,-69,-72,-74,-75,-75,-74,
-73,-73,-72,-72,-73,-73,-73,-73,
-74,-74,-74,-75,-75,-75,-76,-76,
-76,-75,-75,-75,-75,-75,-75,-75,
-75,-74,-74,-74,-74,-74,-74,-74,
-74,-74,-73,-73,-73,-73,-73,-73,
-73,-73,-74,-74,-74,-74,-75,-75,
-75,-74,-74,-74,-73,-73,-73,-73,
-72,-72,-72,-72,-71,-71,-71,-71,
-71,-72,-72,-73,-74,-74,-75,-76,
-76,-77,-77,-77,-78,-78,-78,-78,
-77,-77,-76,-75,-75,-74,-73,-72,
-72,-71,-70,-70,-69,-68,-67,-65,
-64,-63,-63,-62,-61,-60,-59,-59,
-58,-57,-56,-55,-55,-54,-53,-53,
-52,-52,-52,-52,-52,-53,-53,-53,
-53,-53,-53,-54,-54,-55,-55,-56,
-57,-57,-58,-58,-58,-59,-59,-60,
-60,-60,-60,-61,-61,-61,-61,-60,
-60,-60,-60,-60,-60,-60,-61,-61,
-61,-62,-62,-62,-63,-63,-64,-65,
-65,-65,-65,-66,-66,-66,-66,-67,
-67,-67,-67,-66,-66,-65,-65,-65,
-65,-65,-66,-66,-66,-66,-66,-66,
-66,-66,-65,-65,-65,-65,-66,-66,
-66,-66,-65,-65,-65,-64,-64,-62,
-61,-59,-57,-55,-53,-52,-51,-51,
-50,-49,-48,-46,-45,-44,-43,-43,
-43,-44,-45,-46,-47,-48,-49,-49,
-48,-47,-46,-46,-47,-49,-52,-56,
-59,-63,-66,-68,-70,-71,-71,-71,
-70,-69,-69,-69,-69,-70,-71,-72,
-73,-73,-73,-73,-73,-72,-72,-72,
-73,-74,-75,-76,-77,-77,-79,-82,
-88,-96,-106,-115,-120,-117,-101,-70,
-25,26,78,119,139,133,101,52,
-2,-52,-86,-104,-106,-99,-89,-81,
-77,-77,-79,-82,-85,-86,-86,-86,
-85,-84,-83,-82,-82,-82,-82,-82,
-82,-83,-84,-84,-85,-85,-85,-85,
-85,-86,-86,-86,-86,-86,-85,-85,
-85,-85,-84,-84,-84,-84,-83,-83,
-83,-82,-82,-83,-83,-83,-84,-84,
-85,-85,-86,-86,-86,-86,-86,-85,
-85,-85,-85,-85,-84,-85,-85,-85,
-85,-85,-85,-84,-84,-84,-85,-85,
-86,-88,-89,-90,-91,-91,-91,-91,
-91,-90,-91,-91,-91,-92,-92,-92,
-91,-90,-88,-86,-84,-81,-79,-77,
-75,-74,-73,-72,-71,-70,-69,-68,
-68,-67,-67,-67,-68,-68,-68,-68,
-68,-67,-66,-66,-66,-66,-67,-68,
-68,-68,-68,-67,-67,-66,-66,-66,
-67,-69,-70,-71,-71,-72,-72,-72,
-71,-71,-71,-71,-71,-72,-73,-74,
-74,-75,-75,-75,-75,-75,-76,-76,
-77,-78,-78,-78,-77,-77,-76,-76,
-75,-75,-75,-75,-76,-76,-77,-78,
-79,-79,-79,-79,-78,-78,-77,-77,
-78,-78,-78,-78,-78,-78,-77,-77,
-77,-77,-78,-78,-79,-79,-78,-77,
-75,-73,-71,-70,-69,-69,-68,-67,
-66,-65,-63,-61,-60,-60,-60,-60,
-60,-61,-61,-61,-62,-62,-63,-64,
-64,-65,-64,-64,-63,-63,-65,-67,
-71,-75,-79,-82,-84,-84,-84,-84,
-84,-83,-84,-84,-84,-85,-85,-86,
-86,-86,-86,-86,-86,-86,-86,-86,
-87,-89,-92,-96,-101,-107,-114,-120,
-125,-129,-130,-128,-120,-103,-76,-38,
9,60,105,134,138,115,70,13,
-41,-85,-111,-120,-115,-105,-95,-88,
-85,-86,-89,-92,-94,-94,-94,-93,
-92,-92,-92,-92,-92,-93,-93,-93,
-92,-92,-92,-91,-91,-91,-91,-91,
-91,-91,-90,-90,-90,-90,-90,-91,
-91,-91,-91,-92,-92,-92,-93,-93,
-93,-93,-93,-92,-92,-91,-90,-89,
-88,-87,-87,-87,-87,-87,-88,-88,
-89,-89,-89,-90,-90,-90,-91,-91,
-92,-93,-94,-94,-94,-94,-94,-94,
-94,-95,-95,-96,-97,-97,-97,-97,
-97,-97,-96,-95,-94,-93,-91,-90,
-88,-86,-83,-81,-79,-77,-75,-73,
-72,-71,-70,-69,-68,-68,-68,-68,
-68,-67,-66,-65,-65,-64,-64,-64,
-65,-66,-66,-67,-67,-67,-67,-67,
-67,-68,-68,-68,-68,-68,-68,-68,
-68,-68,-68,-68,-68,-68,-68,-68,
-69,-69,-69,-70,-70,-71,-71,-72,
-72,-72,-72,-72,-73,-73,-73,-73,
-73,-74,-74,-74,-74,-74,-73,-73,
-73,-73,-73,-72,-72,-72,-72,-72,
-72,-72,-72,-72,-72,-72,-72,-72,
-71,-72,-72,-72,-73,-73,-73,-73,
-73,-72,-72,-72,-72,-71,-70,-68,
-66,-64,-62,-60,-58,-57,-56,-55,
-54,-53,-52,-51,-51,-51,-51,-51,
-52,-53,-54,-55,-56,-57,-56,-55,
-54,-52,-51,-52,-54,-57,-61,-65,
-68,-70,-72,-73,-73,-74,-74,-74,
-74,-74,-75,-75,-76,-77,-77,-78,
-78,-78,-78,-78,-78,-78,-79,-81,
-85,-91,-99,-107,-114,-117,-114,-101,
-76,-39,8,62,115,158,182,181,
154,107,48,-11,-61,-95,-112,-113,
-106,-95,-86,-81,-80,-81,-84,-86,
-88,-88,-87,-87,-86,-87,-87,-88,
-88,-88,-88,-88,-87,-87,-86,-86,
-86,-86,-86,-86,-86,-86,-86,-87,
-87,-87,-87,-87,-86,-86,-86,-86,
-86,-86,-86,-87,-87,-87,-87,-86,
-86,-86,-85,-85,-85,-85,-85,-85,
-85,-85,-85,-84,-84,-84,-83,-83,
-83,-83,-83,-83,-83,-83,-84,-84,
-84,-84,-84,-85,-85,-84,-84,-85,
-85,-85,-86,-86,-87,-87,-87,-87,
-86,-86,-86,-85,-84,-83,-82,-80,
-79,-77,-76,-75,-73,-72,-71,-70,
-69,-68,-67,-66,-65,-65,-64,-63,
-63,-63,-63,-64,-64,-65,-65,-65,
-65,-65,-65,-65,-66,-66,-66,-67,
-67,-67,-68,-68,-68,-68,-68,-69,
-69,-69,-70,-70,-71,-71,-71,-71,
-71,-71,-71,-71,-71,-72,-72,-72,
-72,-72,-72,-72,-72,-73,-73,-73,
-74,-74,-74,-74,-74,-75,-75,-75,
-74,-74,-74,-74,-74,-74,-74,-75,
-75,-76,-76,-76,-75,-75,-74,-74,
-74,-74,-74,-74,-74,-75,-75,-74,
-73,-72,-70,-68,-66,-64,-63,-61,
-60,-59,-58,-56,-55,-54,-54,-54,
-54,-54,-55,-56,-58,-59,-60,-61,
-61,-60,-59,-57,-54,-53,-52,-53,
-55,-59,-62,-65,-68,-71,-73,-75,
-76,-77,-77,-78,-78,-79,-79,-79,
-80,-80,-81,-82,-82,-82,-82,-82,
-82,-81,-81,-81,-82,-83,-84,-86,
-89,-92,-96,-102,-108,-116,-122,-125,
-119,-102,-73,-31,18,68,107,127,
121,90,42,-11,-60,-94,-111,-113,
-105,-95,-86,-81,-81,-83,-86,-89,
-90,-91,-90,-89,-88,-87,-87,-86,
-86,-86,-85,-85,-84,-84,-85,-85,
-86,-86,-87,-87,-87,-87,-87,-86,
-86,-85,-85,-84,-84,-83,-83,-83,
-83,-84,-84,-85,-86,-86,-87,-86,
-86,-85,-85,-84,-84,-84,-84,-84,
-84,-84,-84,-84,-84,-84,-84,-84,
-84,-85,-85,-85,-84,-84,-83,-83,
-83,-84,-85,-86,-87,-88,-89,-89,
-89,-88,-87,-87,-86,-86,-86,-86,
-85,-85,-85,-85,-84,-84,-83,-81,
-80,-78,-76,-75,-74,-73,-73,-72,
-71,-71,-70,-69,-68,-68,-68,-68,
-69,-70,-70,-71,-71,-71,-71,-71,
-72,-72,-73,-73,-74,-74,-74,-74,
-74,-74,-75,-75,-75,-75,-75,-75,
-75,-75,-75,-74,-74,-75,-76,-77,
-78,-79,-79,-80,-80,-80,-80,-80,
-81,-81,-81,-80,-80,-80,-81,-81,
-82,-83,-83,-83,-83,-82,-82,-82,
-82,-82,-82,-82,-82,-82,-82,-82,
-82,-82,-82,-82,-82,-82,-82,-82,
-82,-82,-82,-83,-83,-83,-82,-80,
-78,-76,-74,-72,-72,-71,-70,-69,
-68,-66,-65,-64,-64,-63,-63,-63,
-63,-64,-64,-65,-66,-67,-67,-67,
-66,-65,-65,-65,-67,-70,-74,-77,
-80,-83,-85,-86,-86,-86,-86,-86,
-87,-87,-87,-88,-88,-88,-89,-89,
-89,-90,-90,-91,-91,-92,-92,-91,
-91,-91,-91,-92,-93,-96,-100,-105,
-112,-120,-126,-131,-130,-123,-105,-77,
-38,8,56,99,127,134,118,81,
30,-23,-71,-106,-125,-129,-124,-114,
-105,-98,-95,-95,-97,-98,-99,-99,
-99,-98,-98,-98,-98,-99,-99,-99,
-99,-100,-100,-100,-100,-100,-99,-99,
-99,-99,-99,-99,-99,-100,-100,-100,
-99,-99,-98,-98,-99,-99,-100,-100,
-100,-100,-99,-99,-99,-100,-101,-101,
-102,-102,-101,-100,-100,-99,-99,-99,
-99,-99,-99,-99,-98,-98,-98,-97,
-97,-98,-98,-98,-99,-99,-100,-101,
-101,-102,-102,-102,-102,-102,-102,-103,
-104,-105,-106,-106,-106,-106,-105,-105,
-105,-106,-106,-107,-108,-108,-108,-107,
-106,-105,-104,-102,-101,-99,-97,-94,
-91,-89,-86,-85,-83,-83,-82,-81,
-81,-80,-80,-79,-79,-79,-79,-79,
-80,-80,-80,-79,-78,-78,-78,-78,
-79,-80,-81,-82,-83,-84,-84,-84,
-83,-83,-82,-82,-82,-82,-82,-83,
-83,-83,-84,-84,-85,-85,-86,-86,
-85,-85,-84,-83,-83,-82,-82,-82,
-83,-83,-84,-85,-85,-86,-87,-87,
-88,-88,-88,-88,-88,-88,-87,-87,
-86,-86,-86,-86,-86,-86,-86,-87,
-87,-87,-86,-86,-86,-86,-87,-87,
-87,-87,-86,-86,-85,-84,-84,-84,
-84,-84,-83,-82,-80,-78,-76,-75,
-74,-73,-72,-72,-71,-70,-69,-67,
-66,-66,-66,-66,-66,-66,-67,-67,
-67,-68,-68,-68,-68,-67,-66,-65,
-63,-63,-63,-65,-68,-71,-74,-77,
-79,-81,-82,-82,-83,-83,-84,-84,
-85,-85,-85,-86,-86,-86,-86,-86,
-86,-86,-86,-86,-86,-86,-86,-85,
-85,-85,-86,-86,-87,-89,-92,-96,
-101,-108,-114,-120,-123,-121,-114,-98,
-73,-38,4,52,96,130,146,138,
109,62,8,-41,-80,-104,-112,-110,
-102,-94,-88,-86,-87,-89,-91,-92,
-93,-92,-91,-91,-90,-90,-90,-90,
-90,-90,-89,-89,-88,-87,-87,-87,
-87,-87,-87,-88,-88,-88,-88,-88,
-88,-88,-88,-88,-89,-89,-89,-89,
-89,-89,-89,-88,-88,-88,-88,-87,
-87,-88,-88,-88,-89,-89,-89,-89,
-89,-89,-89,-88,-88,-87,-87,-87,
-87,-87,-87,-87,-87,-87,-87,-88,
-88,-88,-88,-89,-89,-90,-91,-92,
-92,-93,-93,-93,-93,-93,-93,-93,
-93,-94,-94,-94,-94,-94,-93,-92,
-91,-90,-89,-88,-87,-85,-84,-82,
-81,-79,-78,-76,-74,-72,-71,-69,
-68,-68,-67,-66,-65,-65,-64,-64,
-64,-64,-64,-64,-64,-64,-64,-64,
-64,-64,-64,-63,-63,-63,-63,-64,
-64,-64,-64,-64,-64,-64,-64,-64,
-64,-64,-64,-64,-64,-64,-65,-65,
-66,-67,-67,-67,-68,-68,-68,-68,
-69,-69,-69,-69,-69,-69,-69,-69,
-69,-69,-69,-69,-70,-70,-70,-70,
-70,-70,-70,-71,-71,-70,-70,-70,
-70,-70,-70,-70,-71,-71,-72,-72,
-72,-72,-72,-72,-72,-71,-71,-70,
-70,-69,-69,-69,-69,-69,-68,-67,
-66,-65,-63,-62,-60,-59,-58,-57,
-55,-54,-52,-51,-50,-50,-50,-51,
-52,-52,-53,-54,-54,-55,-55,-55,
-55,-54,-52,-50,-48,-47,-49,-52,
-56,-60,-65,-69,-72,-73,-74,-74,
-74,-73,-73,-73,-73,-74,-75,-75,
-75,-75,-75,-75,-74,-74,-74,-73,
-73,-73,-73,-75,-79,-84,-91,-99,
-106,-112,-115,-113,-106,-95,-81,-65,
-46,-25,0,30,66,105,143,173,
189,186,161,117,60,2,-46,-80,
-97,-100,-94,-85,-77,-73,-73,-76,
-79,-82,-84,-84,-84,-83,-83,-83,
-83,-83,-83,-84,-84,-84,-84,-83,
-83,-83,-83,-83,-83,-83,-82,-82,
-81,-81,-81,-81,-81,-81,-82,-82,
-82,-81,-81,-81,-81,-81,-81,-81,
-81,-81,-82,-81,-81,-81,-80,-80,
-79,-79,-79,-79,-79,-79,-79,-79,
-79,-79,-79,-79,-79,-79,-79,-79,
-79,-79,-79,-79,-79,-79,-79,-79,
-80,-80,-80,-79,-79,-79,-79,-79,
-79,-80,-80,-80,-80,-80,-80,-79,
-79,-79,-78,-78,-77,-75,-74,-72,
-70,-69,-67,-66,-65,-64,-63,-62,
-61,-61,-61,-61,-61,-61,-61,-61,
-61,-61,-61,-61,-61,-61,-62,-62,
-63,-63,-62,-62,-62,-61,-61,-62,
-62,-62,-62,-63,-63,-63,-63,-63,
-63,-63,-64,-65,-65,-66,-66,-67,
-67,-67,-67,-67,-67,-68,-68,-68,
-69,-69,-70,-70,-71,-71,-71,-71,
-70,-70,-70,-71,-71,-71,-72,-72,
-72,-73,-73,-73,-73,-73,-72,-72,
-71,-70,-70,-70,-70,-70,-70,-70,
-70,-69,-69,-69,-69,-69,-68,-68,
-67,-66,-64,-61,-59,-58,-56,-56,
-56,-55,-55,-54,-52,-51,-49,-48,
-47,-47,-48,-48,-49,-50,-50,-51,
-51,-52,-52,-53,-53,-53,-52,-51,
-50,-50,-52,-54,-58,-62,-65,-68,
-70,-71,-72,-72,-71,-71,-71,-72,
-73,-73,-74,-75,-75,-75,-75,-75,
-75,-75,-75,-74,-75,-75,-77,-80,
-85,-91,-98,-106,-111,-114,-111,-100,
-81,-53,-17,25,71,115,150,170,
169,147,106,53,-2,-51,-85,-102,
-105,-100,-91,-83,-79,-79,-80,-82,
-84,-84,-84,-83,-82,-82,-82,-82,
-82,-83,-83,-83,-83,-83,-84,-85,
-85,-86,-86,-86,-85,-85,-84,-83,
-83,-84,-84,-85,-85,-85,-84,-83,
-82,-81,-80,-79,-79,-79,-80,-81,
-81,-82,-83,-84,-84,-85,-86,-86,
-86,-86,-86,-85,-85,-85,-84,-84,
-83,-83,-83,-83,-83,-84,-84,-84,
-85,-85,-85,-86,-86,-86,-86,-85,
-85,-85,-85,-86,-86,-87,-88,-89,
-90,-90,-90,-90,-89,-88,-87,-87,
-86,-86,-85,-84,-83,-81,-80,-78,
-77,-76,-75,-74,-73,-72,-72,-72,
-71,-71,-71,-71,-71,-72,-72,-72,
-72,-73,-73,-73,-73,-73,-73,-73,
-73,-73,-73,-73,-73,-73,-73,-73,
-73,-74,-74,-75,-75,-76,-76,-77,
-77,-77,-78,-78,-78,-79,-79,-79,
-80,-80,-80,-80,-80,-80,-80,-79,
-80,-80,-80,-81,-81,-81,-81,-81,
-81,-81,-82,-82,-83,-83,-84,-84,
-84,-83,-83,-82,-81,-80,-80,-80,
-80,-81,-82,-83,-83,-82,-82,-81,
-80,-80,-80,-81,-80,-80,-79,-77,
-75,-73,-71,-69,-68,-66,-65,-63,
-62,-62,-62,-62,-63,-63,-64,-64,
-65,-66,-67,-68,-69,-69,-68,-67,
-66,-65,-65,-67,-69,-73,-76,-79,
-82,-84,-86,-87,-88,-88,-88,-88,
-87,-86,-86,-85,-86,-86,-87,-88,
-89,-89,-90,-89,-89,-89,-88,-88,
-89,-90,-91,-95,-100,-106,-113,-119,
-124,-126,-121,-107,-83,-48,-3,44,
90,122,135,122,87,37,-17,-65,
-100,-117,-120,-114,-104,-95,-90,-89,
-90,-91,-93,-94,-94,-94,-94,-94,
-94,-95,-96,-96,-96,-97,-97,-97,
-97,-97,-98,-98,-98,-97,-97,-96,
-95,-95,-94,-95,-95,-95,-95,-96,
-96,-96,-97,-97,-98,-98,-98,-98,
-98,-97,-97,-96,-96,-96,-96,-96,
-96,-96,-96,-96,-96,-95,-95,-96,
-96,-96,-97,-97,-96,-96,-96,-96,
-97,-98,-98,-99,-99,-99,-99,-99,
-98,-99,-99,-100,-101,-102,-103,-104,
-104,-105,-105,-106,-106,-106,-106,-105,
-105,-104,-102,-101,-100,-98,-96,-94,
-92,-90,-88,-86,-84,-83,-82,-82,
-81,-81,-81,-80,-80,-79,-78,-78,
-77,-77,-77,-76,-76,-76,-76,-76,
-76,-76,-76,-76,-76,-76,-76,-76,
-76,-76,-76,-76,-77,-78,-79,-79,
-80,-79,-79,-78,-78,-79,-79,-79,
-80,-80,-80,-80,-80,-80,-80,-80,
-80,-80,-80,-80,-80,-80,-80,-80,
-80,-81,-81,-81,-81,-82,-82,-83,
-83,-84,-84,-84,-83,-82,-81,-80,
-80,-79,-79,-79,-79,-79,-79,-79,
-78,-78,-78,-78,-78,-79,-79,-80,
-80,-79,-79,-78,-76,-75,-73,-71,
-70,-68,-67,-65,-64,-62,-60,-58,
-57,-56,-56,-57,-58,-59,-60,-61,
-62,-62,-61,-59,-58,-57,-57,-58,
-61,-65,-69,-73,-76,-79,-80,-80,
-80,-80,-80,-80,-80,-80,-80,-80,
-80,-81,-81,-81,-81,-81,-81,-81,
-81,-81,-82,-83,-86,-90,-95,-101,
-107,-113,-119,-123,-124,-120,-109,-90,
-61,-21,25,74,116,141,141,116,
70,13,-40,-82,-106,-113,-108,-98,
-88,-82,-80,-81,-84,-86,-88,-88,
-87,-86,-85,-85,-84,-85,-85,-86,
-86,-87,-87,-87,-87,-87,-87,-87,
-87,-87,-87,-87,-87,-86,-86,-86,
-85,-85,-84,-84,-84,-84,-84,-84,
-84,-84,-85,-85,-85,-86,-86,-86,
-85,-85,-85,-85,-85,-85,-85,-85,
-85,-85,-85,-85,-85,-85,-84,-84,
-85,-85,-86,-87,-88,-89,-90,-90,
-90,-90,-89,-89,-90,-90,-90,-90,
-89,-89,-89,-88,-87,-85,-84,-82,
-80,-78,-77,-75,-73,-72,-70,-69,
-67,-66,-66,-65,-65,-64,-64,-63,
-62,-62,-62,-62,-62,-62,-62,-62,
-62,-62,-62,-62,-62,-62,-63,-63,
-63,-63,-63,-63,-64,-64,-65,-66,
-66,-66,-66,-66,-66,-66,-65,-66,
-66,-67,-68,-68,-68,-69,-69,-69,
-70,-70,-70,-70,-70,-70,-71,-71,
-71,-72,-72,-72,-72,-72,-72,-71,
-71,-71,-71,-71,-71,-71,-71,-71,
-71,-71,-71,-71,-71,-71,-71,-71,
-70,-70,-70,-69,-69,-69,-69,-69,
-69,-69,-69,-68,-67,-66,-64,-62,
-60,-58,-57,-56,-56,-55,-54,-54,
-52,-51,-50,-48,-47,-47,-47,-47,
-48,-49,-50,-51,-52,-52,-53,-52,
-51,-49,-48,-48,-49,-51,-54,-58,
-61,-64,-66,-68,-69,-69,-70,-71,
-71,-72,-74,-74,-75,-75,-75,-75,
-75,-75,-76,-76,-75,-75,-74,-74,
-73,-73,-74,-75,-78,-81,-84,-88,
-92,-97,-103,-109,-114,-116,-109,-92,
-61,-17,35,90,135,162,161,133,
82,22,-34,-77,-100,-106,-100,-89,
-79,-74,-74,-76,-80,-83,-85,-85,
-84,-83,-83,-82,-82,-83,-82,-82,
-82,-81,-81,-81,-81,-81,-81,-81,
-81,-81,-81,-81,-81,-81,-81,-82,
-82,-83,-83,-83,-83,-83,-83,-83,
-83,-82,-82,-82,-83,-83,-83,-83,
-83,-83,-83,-83,-83,-83,-82,-82,
-82,-81,-81,-82,-82,-82,-83,-82,
-82,-82,-81,-81,-81,-81,-81,-82,
-82,-82,-82,-82,-82,-82,-82,-82,
-82,-82,-81,-81,-80,-79,-78,-77,
-75,-73,-71,-70,-68,-67,-66,-65,
-64,-63,-62,-61,-60,-60,-60,-60,
-61,-61,-61,-61,-62,-62,-62,-61,
-61,-61,-62,-62,-62,-62,-62,-62,
-62,-62,-63,-63,-63,-63,-63,-63,
-63,-63,-63,-63,-64,-65,-65,-66,
-66,-66,-67,-67,-67,-67,-67,-68,
-68,-69,-70,-70,-70,-70,-70,-70,
-70,-69,-69,-69,-70,-70,-70,-70,
-70,-70,-70,-70,-70,-70,-70,-70,
-70,-70,-70,-69,-69,-69,-68,-68,
-67,-67,-67,-67,-67,-68,-68,-67,
-67,-65,-63,-61,-59,-57,-56,-56,
-55,-54,-53,-52,-50,-49,-47,-46,
-45,-45,-45,-45,-45,-46,-46,-47,
-48,-48,-49,-49,-49,-48,-47,-46,
-46,-48,-50,-53,-57,-60,-63,-66,
-68,-69,-70,-70,-70,-71,-70,-70,
-70,-70,-70,-70,-70,-71,-71,-71,
-72,-73,-73,-74,-74,-73,-73,-73,
-74,-76,-81,-87,-94,-102,-109,-112,
-108,-94,-67,-28,19,72,119,150,
159,141,100,45,-10,-57,-87,-101,
-100,-92,-83,-76,-73,-74,-77,-79,
-81,-81,-80,-79,-77,-76,-76,-76,
-77,-77,-78,-78,-79,-79,-79,-79,
-79,-79,-79,-79,-79,-79,-79,-79,
-79,-79,-79,-79,-79,-79,-79,-80,
-80,-81,-81,-81,-80,-79,-79,-78,
-77,-77,-77,-77,-77,-77,-78,-78,
-78,-79,-79,-78,-78,-79,-79,-79,
-80,-80,-80,-79,-78,-77,-76,-76,
-76,-76,-76,-76,-77,-77,-78,-78,
-79,-80,-80,-81,-81,-81,-81,-81,
-81,-81,-81,-81,-81,-80,-80,-79,
-78,-76,-75,-73,-70,-68,-65,-63,
-61,-60,-60,-60,-60,-60,-60,-61,
-61,-61,-61,-61,-61,-61,-60,-60,
-60,-60,-61,-62,-63,-65,-65,-65,
-65,-64,-63,-62,-62,-62,-62,-63,
-63,-64,-64,-65,-65,-65,-66,-66,
-67,-67,-67,-68,-68,-69,-69,-69,
-69,-69,-68,-68,-68,-68,-69,-70,
-71,-71,-71,-71,-70,-70,-70,-70,
-70,-70,-70,-70,-70,-71,-71,-71,
-70,-70,-69,-69,-69,-68,-68,-69,
-69,-69,-70,-70,-70,-71,-71,-71,
-70,-70,-69,-67,-66,-64,-63,-62,
-60,-59,-59,-58,-56,-55,-54,-53,
-51,-51,-50,-50,-50,-50,-50,-51,
-52,-52,-53,-53,-53,-52,-52,-51,
-52,-53,-56,-59,-62,-65,-67,-68,
-69,-69,-69,-69,-70,-70,-71,-72,
-73,-74,-75,-75,-75,-74,-74,-74,
-73,-73,-73,-73,-73,-73,-72,-72,
-72,-73,-75,-77,-81,-86,-93,-100,
-107,-112,-113,-106,-89,-61,-21,25,
75,120,152,163,151,118,70,16,
-33,-72,-97,-108,-109,-103,-95,-88,
-84,-81,-81,-82,-82,-82,-82,-81,
-80,-80,-81,-82,-83,-83,-83,-82,
-82,-81,-81,-82,-83,-83,-84,-84,
-84,-83,-83,-83,-84,-84,-84,-83,
-83,-83,-83,-83,-83,-83,-83,-83,
-83,-83,-83,-83,-84,-84,-84,-84,
-84,-85,-85,-85,-85,-85,-84,-84,
-84,-83,-83,-83,-83,-83,-83,-82,
-82,-82,-82,-82,-83,-84,-85,-87,
-88,-89,-90,-90,-90,-91,-91,-91,
-92,-92,-92,-93,-93,-92,-92,-91,
-90,-89,-89,-87,-86,-85,-83,-82,
-80,-79,-78,-77,-76,-75,-74,-72,
-71,-70,-68,-67,-65,-64,-63,-63,
-62,-62,-62,-61,-60,-59,-59,-59,
-59,-59,-60,-61,-61,-62,-62,-61,
-61,-60,-60,-60,-60,-60,-60,-60,
-60,-60,-60,-60,-61,-62,-62,-63,
-63,-64,-64,-64,-64,-65,-65,-65,
-65,-65,-66,-66,-66,-66,-66,-67,
-67,-67,-67,-66,-66,-65,-65,-65,
-65,-65,-65,-65,-65,-65,-66,-66,
-66,-65,-65,-64,-64,-64,-64,-64,
-64,-64,-64,-63,-63,-63,-63,-63,
-63,-63,-62,-62,-60,-59,-58,-56,
-55,-54,-53,-52,-52,-52,-51,-51,
-50,-49,-48,-47,-46,-45,-44,-43,
-42,-41,-41,-42,-43,-44,-45,-45,
-46,-46,-46,-45,-44,-43,-42,-42,
-43,-46,-49,-52,-56,-59,-61,-63,
-63,-63,-63,-63,-63,-63,-64,-65,
-66,-66,-67,-67,-67,-67,-67,-67,
-67,-66,-66,-65,-65,-65,-65,-65,
-66,-68,-72,-77,-84,-91,-98,-104,
-106,-103,-91,-71,-40,0,46,95,
138,167,175,160,123,71,15,-35,
-71,-91,-95,-90,-80,-72,-67,-66,
-67,-70,-72,-74,-75,-75,-74,-74,
-74,-74,-74,-75,-75,-75,-74,-74,
-74,-74,-74,-74,-73,-73,-73,-74,
-73,-73,-73,-72,-72,-71,-71,-71,
-71,-71,-72,-73,-73,-74,-75,-75,
-75,-75,-75,-75,-74,-74,-74,-74,
-74,-75,-75,-74,-74,-74,-74,-74,
-73,-73,-72,-72,-71,-71,-71,-71,
-72,-72,-72,-72,-72,-72,-72,-73,
-73,-74,-74,-75,-75,-74,-75,-75,
-75,-76,-77,-78,-78,-78,-79,-78,
-78,-78,-78,-77,-77,-76,-76,-75,
-74,-73,-71,-70,-68,-66,-64,-63,
-61,-60,-59,-58,-57,-56,-55,-53,
-52,-51,-50,-50,-50,-51,-51,-52,
-52,-53,-53,-53,-53,-52,-52,-52,
-52,-52,-52,-52,-52,-52,-52,-52,
-53,-53,-54,-55,-55,-55,-54,-54,
-53,-53,-53,-53,-53,-54,-54,-55,
-55,-56,-56,-57,-58,-59,-59,-60,
-60,-60,-59,-59,-59,-59,-59,-59,
-59,-59,-59,-59,-60,-60,-60,-61,
-61,-62,-62,-62,-62,-62,-62,-63,
-63,-63,-62,-62,-62,-61,-61,-61,
-60,-61,-61,-61,-61,-61,-62,-62,
-62,-61,-61,-61,-61,-61,-61,-60,
-59,-57,-55,-53,-51,-50,-49,-48,
-46,-45,-43,-41,-40,-39,-38,-38,
-39,-40,-41,-41,-42,-43,-44,-45,
-45,-46,-46,-46,-45,-44,-43,-42,
-41,-42,-44,-47,-51,-54,-58,-61,
-63,-64,-65,-65,-65,-65,-65,-65,
-65,-66,-67,-67,-68,-68,-68,-69,
-70,-70,-70,-70,-70,-70,-69,-69,
-70,-71,-73,-77,-82,-87,-94,-101,
-106,-109,-106,-97,-79,-50,-11,35,
85,130,161,170,155,117,64,7,
-42,-78,-96,-99,-93,-84,-76,-72,
-71,-72,-75,-77,-78,-79,-78,-78,
-77,-77,-77,-77,-78,-79,-79,-79,
-79,-79,-79,-79,-79,-79,-80,-80,
-80,-80,-79,-78,-78,-77,-77,-77,
-77,-77,-77,-77,-77,-77,-77,-77,
-76,-76,-76,-76,-76,-76,-77,-77,
-78,-78,-78,-78,-78,-78,-78,-78,
-77,-77,-77,-77,-77,-77,-77,-78,
-78,-78,-78,-77,-77,-76,-76,-76,
-76,-76,-76,-77,-77,-78,-78,-78,
-78,-78,-78,-78,-78,-78,-78,-78,
-78,-78,-78,-78,-78,-77,-77,-76,
-75,-73,-72,-70,-69,-67,-66,-65,
-64,-63,-62,-61,-61,-60,-59,-58,
-58,-58,-57,-57,-56,-56,-56,-55,
-55,-55,-55,-55,-55,-55,-55,-56,
-56,-57,-57,-58,-58,-58,-59,-60,
-60,-61,-61,-61,-61,-60,-60,-59,
-59,-59,-60,-60,-61,-62,-62,-62,
-62,-62,-62,-62,-63,-63,-64,-65,
-65,-66,-66,-67,-67,-67,-67,-67,
-66,-66,-66,-66,-67,-67,-67,-68,
-68,-68,-68,-68,-68,-67,-67,-67,
-66,-66,-66,-67,-67,-67,-67,-67,
-67,-66,-66,-66,-66,-66,-66,-66,
-65,-64,-62,-60,-58,-56,-55,-54,
-54,-54,-53,-53,-51,-50,-48,-47,
-46,-46,-46,-47,-47,-48,-49,-49,
-48,-48,-47,-47,-47,-48,-50,-52,
-56,-60,-63,-65,-67,-68,-68,-69,
-69,-69,-70,-70,-71,-73,-74,-74,
-74,-74,-73,-73,-72,-72,-72,-72,
-73,-74,-75,-75,-76,-78,-81,-85,
-91,-98,-106,-113,-118,-117,-108,-89,
-58,-17,31,81,124,153,159,142,
103,52,-2,-50,-85,-104,-109,-104,
-95,-87,-82,-80,-80,-82,-84,-85,
-85,-85,-85,-85,-85,-85,-85,-84,
-84,-84,-84,-84,-84,-84,-85,-86,
-86,-87,-87,-87,-87,-86,-86,-86,
-86,-86,-86,-86,-86,-86,-86,-86,
-86,-86,-86,-86,-86,-85,-85,-84,
-84,-84,-84,-84,-85,-86,-87,-87,
-88,-88,-87,-87,-87,-86,-86,-87,
-87,-88,-88,-88,-87,-87,-86,-86,
-86,-86,-86,-87,-88,-89,-90,-90,
-90,-90,-90,-91,-92,-93,-93,-94,
-94,-94,-94,-94,-94,-94,-94,-92,
-91,-88,-86,-83,-81,-79,-78,-76,
-75,-74,-73,-73,-73,-72,-72,-72,
-71,-71,-71,-70,-70,-70,-69,-69,
-69,-69,-69,-69,-70,-70,-71,-71,
-71,-71,-71,-72,-72,-72,-73,-73,
-73,-74,-74,-75,-75,-76,-76,-76,
-76,-76,-76,-76,-77,-78,-79,-79,
-80,-80,-81,-81,-82,-82,-82,-81,
-81,-80,-80,-79,-79,-80,-80,-81,
-81,-81,-81,-81,-80,-80,-80,-81,
-81,-82,-84,-84,-85,-85,-84,-83,
-82,-81,-80,-80,-79,-79,-79,-79,
-79,-79,-79,-78,-77,-75,-73,-71,
-70,-69,-68,-67,-66,-65,-63,-61,
-60,-59,-60,-61,-62,-63,-65,-66,
-66,-66,-66,-65,-64,-63,-64,-65,
-68,-71,-75,-78,-80,-82,-82,-82,
-82,-82,-82,-82,-83,-84,-84,-85,
-86,-86,-86,-86,-87,-87,-87,-87,
-87,-86,-85,-85,-86,-89,-94,-102,
-112,-121,-128,-127,-116,-90,-51,0,
53,101,132,139,118,75,19,-36,
-82,-111,-123,-121,-111,-100,-91,-87,
-87,-89,-91,-93,-93,-92,-92,-91,
-91,-92,-93,-94,-94,-93,-93,-92,
-91,-91,-91,-91,-91,-92,-92,-93,
-93,-93,-93,-93,-92,-92,-92,-92,
-92,-92,-93,-93,-93,-93,-93,-92,
-92,-91,-91,-91,-91,-91,-91,-92,
-92,-93,-93,-93,-94,-93,-93,-93,
-93,-92,-92,-92,-93,-93,-93,-93,
-93,-93,-93,-94,-94,-95,-96,-97,
-98,-98,-98,-98,-98,-97,-97,-97,
-98,-98,-99,-99,-100,-100,-100,-100,
-98,-96,-94,-91,-89,-86,-84,-83,
-81,-80,-78,-76,-74,-72,-71,-70,
-69,-69,-70,-70,-70,-71,-70,-70,
-69,-68,-67,-66,-66,-66,-66,-66,
-66,-67,-67,-67,-67,-67,-67,-67,
-67,-68,-68,-69,-69,-69,-70,-69,
-69,-69,-69,-69,-69,-70,-70,-70,
-71,-71,-70,-70,-70,-69,-69,-69,
-70,-70,-71,-71,-72,-72,-72,-72,
-71,-71,-71,-70,-70,-70,-70,-70,
-70,-71,-71,-71,-70,-70,-69,-68,
-68,-67,-67,-68,-68,-69,-69,-69,
-69,-69,-69,-68,-68,-68,-67,-67,
-66,-65,-64,-62,-61,-60,-58,-57,
-56,-55,-53,-52,-50,-48,-47,-46,
-45,-45,-46,-47,-48,-49,-50,-51,
-50,-50,-48,-47,-47,-47,-49,-52,
-56,-60,-63,-65,-67,-68,-68,-68,
-68,-68,-69,-69,-70,-71,-72,-73,
-73,-73,-73,-73,-73,-72,-72,-71,
-71,-71,-71,-73,-76,-81,-87,-95,
-103,-109,-113,-110,-97,-71,-32,17,
72,123,160,173,158,119,62,2,
-48,-83,-99,-99,-90,-80,-71,-68,
-69,-72,-76,-78,-80,-80,-79,-79,
-78,-78,-78,-78,-79,-79,-79,-79,
-79,-79,-79,-78,-78,-78,-78,-78,
-77,-77,-76,-76,-76,-77,-77,-77,
-77,-77,-77,-76,-76,-76,-76,-76,
-77,-77,-76,-76,-76,-76,-76,-76,
-76,-75,-75,-75,-74,-74,-74,-74,
-75,-75,-75,-75,-75,-76,-76,-76,
-76,-76,-76,-76,-76,-76,-76,-76,
-76,-76,-76,-76,-76,-77,-77,-77,
-77,-76,-76,-75,-75,-74,-74,-74,
-74,-74,-74,-73,-71,-70,-68,-66,
-64,-63,-61,-60,-59,-58,-57,-57,
-56,-56,-55,-55,-54,-54,-53,-53,
-53,-52,-52,-52,-53,-53,-54,-54,
-54,-54,-54,-55,-55,-56,-56,-57,
-57,-58,-58,-58,-58,-58,-58,-58,
-59,-60,-60,-61,-61,-61,-60,-60,
-59,-59,-59,-59,-60,-60,-61,-62,
-63,-63,-63,-63,-63,-62,-62,-62,
-62,-62,-63,-63,-63,-63,-64,-64,
-64,-64,-63,-63,-63,-63,-62,-62,
-62,-62,-62,-63,-63,-63,-63,-63,
-62,-62,-62,-62,-62,-63,-63,-63,
-63,-61,-59,-57,-54,-51,-49,-48,
-47,-46,-45,-44,-43,-42,-41,-40,
-40,-40,-40,-41,-43,-44,-45,-46,
-47,-47,-46,-44,-43,-42,-42,-43,
-46,-49,-53,-56,-59,-61,-63,-64,
-65,-65,-65,-66,-66,-66,-66,-66,
-66,-66,-67,-67,-68,-68,-68,-69,
-69,-69,-68,-68,-67,-67,-67,-68,
-70,-73,-79,-86,-95,-103,-110,-111,
-105,-88,-58,-17,33,85,129,157,
159,135,90,33,-22,-67,-93,-102,
-98,-88,-78,-71,-69,-70,-73,-75,
-76,-77,-76,-75,-75,-74,-74,-74,
-74,-75,-75,-76,-76,-77,-77,-76,
-76,-75,-75,-75,-75,-75,-75,-75,
-75,-75,-75,-74,-74,-74,-74,-74,
-73,-73,-73,-73,-73,-73,-73,-73,
-73,-73,-73,-73,-73,-72,-72,-72,
-72,-72,-72,-72,-72,-72,-72,-71,
-71,-71,-71,-70,-70,-70,-70,-71,
-71,-72,-72,-73,-73,-74,-74,-74,
-74,-74,-74,-73,-73,-72,-71,-71,
-71,-71,-71,-71,-71,-70,-69,-68,
-66,-65,-63,-61,-60,-58,-57,-56,
-55,-54,-54,-54,-53,-53,-52,-52,
-51,-51,-51,-51,-52,-52,-52,-52,
-52,-53,-53,-54,-55,-55,-56,-56,
-56,-56,-56,-56,-56,-56,-57,-58,
-58,-59,-59,-59,-59,-58,-58,-57,
-58,-58,-59,-61,-62,-63,-64,-64,
-64,-64,-63,-64,-64,-64,-65,-66,
-66,-67,-67,-66,-66,-66,-66,-66,
-67,-67,-68,-68,-68,-68,-67,-66,
-65,-64,-64,-63,-63,-64,-64,-65,
-65,-66,-67,-67,-67,-66,-66,-65,
-64,-63,-62,-60,-59,-57,-56,-55,
-54,-53,-52,-51,-49,-48,-47,-46,
-46,-46,-46,-47,-47,-47,-47,-48,
-49,-49,-50,-50,-49,-48,-48,-48,
-49,-52,-55,-58,-61,-64,-67,-69,
-70,-71,-72,-72,-73,-73,-73,-73,
-73,-72,-72,-72,-72,-73,-73,-74,
-75,-75,-76,-76,-75,-75,-76,-77,
-79,-83,-88,-95,-101,-108,-112,-114,
-113,-109,-100,-89,-72,-49,-19,18,
60,101,133,149,142,114,68,15,
-36,-76,-100,-109,-106,-98,-89,-82,
-80,-80,-82,-85,-87,-88,-87,-86,
-85,-84,-84,-84,-84,-85,-86,-86,
-87,-87,-86,-86,-86,-86,-86,-87,
-88,-88,-88,-88,-87,-86,-85,-85,
-85,-86,-86,-87,-87,-87,-87,-87,
-87,-87,-87,-87,-87,-88,-88,-88,
-88,-88,-87,-87,-87,-87,-87,-87,
-87,-87,-86,-86,-86,-86,-87,-87,
-88,-88,-89,-88,-88,-87,-87,-87,
-88,-88,-88,-89,-89,-90,-90,-91,
-92,-93,-94,-95,-95,-95,-95,-95,
-95,-95,-94,-93,-92,-90,-88,-86,
-84,-82,-80,-79,-77,-76,-75,-74,
-73,-72,-71,-71,-71,-71,-70,-70,
-69,-68,-68,-68,-69,-69,-70,-71,
-72,-72,-72,-72,-72,-71,-71,-70,
-69,-69,-69,-70,-71,-71,-72,-73,
-74,-74,-74,-74,-74,-73,-73,-74,
-74,-75,-76,-76,-77,-78,-78,-78,
-78,-77,-77,-77,-77,-77,-77,-77,
-78,-78,-79,-79,-80,-79,-78,-77,
-76,-75,-74,-74,-75,-76,-77,-77,
-78,-78,-77,-77,-77,-77,-77,-77,
-78,-78,-79,-79,-80,-79,-78,-77,
-75,-73,-70,-68,-67,-65,-65,-64,
-63,-61,-60,-60,-59,-59,-58,-58,
-58,-58,-58,-58,-58,-58,-59,-60,
-61,-61,-60,-59,-59,-58,-59,-62,
-65,-69,-73,-76,-79,-80,-81,-81,
-81,-81,-81,-82,-82,-83,-84,-85,
-85,-85,-84,-83,-83,-83,-82,-82,
-81,-80,-80,-80,-82,-84,-87,-91,
-94,-97,-98,-99,-101,-104,-108,-113,
-118,-119,-114,-101,-78,-43,0,49,
97,134,152,146,116,68,12,-40,
-81,-105,-113,-110,-101,-92,-86,-83,
-84,-86,-88,-90,-90,-90,-90,-90,
-90,-90,-90,-90,-89,-89,-88,-88,
-88,-88,-88,-88,-88,-88,-87,-87,
-87,-86,-86,-86,-86,-86,-86,-86,
-85,-85,-85,-86,-86,-87,-87,-87,
-87,-87,-86,-86,-86,-86,-87,-86,
-86,-85,-85,-84,-84,-84,-84,-84,
-84,-84,-84,-84,-84,-84,-84,-85,
-85,-86,-86,-87,-87,-87,-88,-88,
-88,-88,-88,-88,-89,-89,-90,-90,
-91,-91,-91,-91,-91,-90,-90,-90,
-90,-90,-89,-87,-85,-83,-80,-77,
-75,-72,-70,-67,-65,-64,-63,-62,
-61,-60,-59,-59,-58,-57,-56,-56,
-56,-56,-56,-56,-57,-57,-57,-57,
-57,-57,-57,-56,-56,-56,-55,-55,
-55,-55,-55,-56,-56,-56,-57,-57,
-57,-58,-58,-58,-59,-59,-58,-58,
-58,-58,-59,-59,-60,-61,-61,-61,
-61,-60,-60,-60,-60,-60,-60,-60,
-60,-60,-60,-60,-61,-61,-61,-61,
-60,-60,-60,-60,-61,-61,-62,-62,
-62,-61,-61,-60,-59,-59,-59,-59,
-59,-59,-59,-59,-59,-58,-58,-57,
-57,-57,-57,-57,-57,-58,-58,-58,
-58,-58,-57,-56,-54,-51,-49,-48,
-47,-46,-45,-44,-43,-41,-40,-38,
-37,-36,-36,-37,-38,-39,-41,-42,
-43,-44,-44,-43,-42,-40,-39,-39,
-40,-42,-45,-49,-52,-55,-57,-58,
-59,-60,-60,-60,-59,-59,-59,-59,
-60,-61,-61,-62,-63,-63,-63,-63,
-63,-63,-63,-63,-63,-63,-63,-63,
-65,-67,-71,-76,-82,-89,-96,-101,
-101,-95,-80,-53,-14,34,87,136,
171,183,169,130,74,14,-37,-73,
-91,-93,-85,-74,-65,-61,-60,-62,
-65,-67,-69,-69,-68,-68,-67,-68,
-68,-69,-70,-71,-71,-72,-72,-72,
-72,-72,-72,-71,-71,-71,-71,-71,
-71,-71,-71,-71,-70,-70,-69,-69,
-69,-68,-68,-68,-68,-68,-68,-68,
-68,-68,-68,-68,-68,-68,-68,-67,
-67,-66,-66,-66,-66,-66,-66,-66,
-66,-66,-66,-66,-67,-67,-67,-67,
-67,-67,-66,-66,-67,-67,-68,-68,
-69,-69,-69,-69,-69,-69,-69,-69,
-69,-70,-70,-70,-70,-70,-70,-70,
-70,-70,-69,-69,-68,-67,-65,-63,
-61,-59,-57,-55,-54,-53,-53,-52,
-52,-52,-51,-50,-49,-48,-47,-47,
-47,-47,-47,-47,-48,-48,-48,-48,
-48,-48,-48,-48,-48,-47,-47,-47,
-48,-48,-49,-49,-50,-50,-50,-50,
-50,-50,-50,-51,-51,-51,-52,-53,
-53,-53,-54,-54,-54,-55,-56,-56,
-57,-58,-58,-59,-58,-58,-58,-58,
-58,-58,-59,-59,-59,-59,-59,-59,
-58,-58,-57,-57,-57,-56,-56,-57,
-57,-58,-58,-59,-59,-59,-59,-59,
-58,-58,-58,-58,-58,-57,-57,-56,
-56,-56,-56,-56,-56,-55,-54,-52,
-50,-48,-46,-44,-43,-43,-42,-41,
-41,-39,-38,-37,-36,-35,-35,-36,
-36,-37,-39,-40,-41,-42,-43,-43,
-42,-42,-40,-39,-38,-38,-39,-42,
-45,-49,-53,-55,-57,-58,-59,-59,
-59,-59,-60,-60,-61,-61,-61,-62,
-63,-63,-64,-64,-64,-64,-64,-64,
-64,-64,-64,-64,-65,-66,-68,-71,
-74,-78,-83,-89,-95,-101,-104,-103,
-95,-76,-47,-6,42,93,136,163,
167,145,102,46,-9,-55,-84,-96,
-94,-85,-75,-67,-64,-65,-67,-70,
-72,-73,-73,-73,-72,-71,-71,-70,
-70,-70,-70,-70,-70,-70,-70,-70,
-70,-69,-69,-69,-69,-69,-70,-70,
-70,-71,-71,-70,-70,-70,-69,-69,
-70,-70,-70,-70,-71,-71,-71,-71,
-71,-71,-70,-70,-70,-69,-69,-68,
-68,-69,-69,-69,-69,-69,-69,-68,
-68,-68,-68,-68,-69,-69,-69,-69,
-69,-69,-69,-69,-69,-69,-69,-69,
-69,-69,-70,-70,-70,-70,-70,-70,
-70,-70,-70,-70,-70,-70,-70,-70,
-70,-69,-69,-69,-68,-68,-67,-66,
-65,-63,-61,-59,-58,-56,-55,-54,
-53,-53,-52,-52,-51,-51,-51,-50,
-50,-51,-51,-51,-51,-51,-52,-52,
-53,-53,-54,-54,-55,-55,-55,-55,
-55,-55,-55,-54,-53,-53,-53,-53,
-54,-55,-56,-57,-58,-58,-58,-57,
-57,-56,-57,-57,-58,-59,-60,-61,
-61,-62,-62,-62,-62,-62,-62,-62,
-62,-63,-63,-64,-64,-64,-64,-64,
-64,-64,-64,-64,-65,-65,-65,-65,
-65,-65,-64,-64,-64,-63,-63,-63,
-64,-64,-64,-64,-64,-64,-65,-65,
-65,-65,-64,-62,-60,-58,-56,-54,
-53,-53,-52,-52,-51,-49,-48,-46,
-45,-44,-44,-44,-45,-47,-48,-50,
-51,-51,-51,-51,-50,-48,-48,-48,
-50,-52,-55,-57,-60,-62,-64,-65,
-67,-68,-69,-70,-71,-71,-71,-71,
-71,-71,-72,-73,-73,-74,-75,-75,
-75,-75,-74,-73,-72,-71,-71,-72,
-73,-74,-77,-80,-85,-91,-99,-107,
-113,-115,-110,-94,-66,-25,22,72,
113,139,141,119,77,25,-26,-67,
-94,-104,-103,-95,-87,-80,-77,-77,
-79,-81,-82,-82,-81,-81,-80,-81,
-81,-82,-83,-84,-84,-84,-83,-82,
-80,-80,-79,-79,-79,-80,-80,-81,
-81,-82,-82,-82,-82,-82,-82,-82,
-82,-82,-81,-80,-80,-79,-79,-80,
-80,-81,-82,-83,-83,-84,-84,-83,
-83,-83,-83,-83,-83,-83,-83,-83,
-82,-82,-81,-80,-80,-79,-79,-80,
-80,-81,-82,-82,-83,-84,-85,-85,
-86,-86,-86,-87,-87,-87,-88,-88,
-88,-88,-88,-87,-86,-86,-85,-85,
-85,-86,-85,-84,-82,-80,-77,-74,
-72,-70,-68,-67,-66,-66,-65,-65,
-64,-64,-64,-64,-64,-64,-63,-63,
-62,-61,-60,-59,-59,-59,-59,-60,
-61,-62,-63,-64,-64,-64,-64,-64,
-64,-64,-64,-64,-65,-65,-65,-65,
-65,-66,-67,-68,-68,-69,-69,-69,
-69,-69,-69,-69,-69,-70,-71,-71,
-71,-71,-71,-71,-71,-71,-71,-72,
-72,-72,-72,-72,-72,-73,-72,-72,
-72,-72,-72,-72,-72,-72,-72,-72,
-72,-71,-71,-71,-71,-72,-72,-72,
-71,-70,-69,-69,-68,-67,-65,-64,
-62,-61,-60,-59,-58,-57,-55,-54,
-52,-51,-51,-51,-52,-53,-54,-55,
-56,-56,-56,-56,-55,-54,-53,-52,
-52,-54,-57,-61,-65,-69,-71,-74,
-75,-76,-76,-76,-76,-76,-76,-76,
-76,-76,-76,-75,-75,-75,-75,-75,
-75,-76,-76,-77,-77,-77,-77,-77,
-77,-79,-82,-88,-95,-103,-110,-115,
-113,-102,-79,-42,4,56,105,139,
151,136,98,45,-11,-59,-91,-105,
-105,-97,-87,-79,-75,-75,-77,-79,
-81,-81,-81,-80,-79,-78,-78,-78,
-78,-79,-79,-79,-79,-78,-78,-78,
-78,-78,-78,-78,-78,-78,-78,-77,
-77,-76,-76,-76,-76,-76,-75,-75,
-75,-75,-75,-75,-76,-76,-76,-77,
-77,-77,-76,-76,-76,-76,-76,-76,
-75,-75,-75,-75,-75,-75,-75,-75,
-75,-75,-75,-76,-77,-77,-78,-79,
-79,-79,-79,-79,-79,-80,-81,-81,
-82,-82,-83,-83,-83,-83,-82,-82,
-80,-79,-77,-75,-73,-71,-68,-67,
-65,-63,-61,-60,-58,-56,-55,-54,
-53,-53,-52,-52,-51,-51,-51,-50,
-50,-50,-50,-51,-51,-51,-51,-51,
-51,-51,-50,-50,-50,-50,-50,-50,
-51,-51,-52,-52,-52,-52,-52,-52,
-52,-52,-52,-52,-53,-53,-53,-53,
-54,-54,-54,-54,-55,-55,-56,-56,
-56,-56,-56,-56,-56,-56,-56,-55,
-55,-55,-55,-55,-55,-56,-56,-57,
-57,-57,-56,-56,-56,-57,-57,-57,
-57,-57,-57,-57,-56,-56,-56,-56,
-56,-56,-56,-55,-55,-55,-55,-55,
-56,-56,-56,-56,-54,-53,-51,-48,
-46,-44,-43,-42,-41,-40,-38,-37,
-36,-35,-35,-35,-36,-37,-38,-39,
-39,-39,-39,-38,-37,-36,-36,-38,
-40,-43,-47,-51,-54,-57,-58,-59,
-60,-60,-60,-60,-60,-60,-60,-60,
-60,-60,-60,-61,-61,-62,-62,-63,
-63,-63,-63,-63,-63,-62,-62,-63,
-66,-70,-76,-85,-93,-101,-104,-99,
-82,-52,-8,44,98,144,170,170,
142,93,33,-22,-65,-88,-94,-88,
-77,-68,-63,-62,-64,-67,-70,-71,
-72,-71,-71,-71,-71,-71,-71,-70,
-70,-69,-68,-68,-68,-68,-68,-68,
-68,-68,-68,-68,-68,-69,-69,-70,
-70,-71,-70,-70,-70,-69,-68,-68,
-68,-67,-68,-68,-68,-68,-68,-68,
-68,-68,-68,-67,-67,-67,-67,-67,
-67,-67,-68,-68,-68,-68,-68,-68,
-68,-68,-68,-69,-69,-70,-70,-70,
-70,-70,-70,-69,-69,-68,-67,-67,
-67,-67,-67,-68,-68,-68,-67,-67,
-66,-65,-65,-64,-63,-62,-60,-59,
-58,-57,-56,-55,-54,-52,-51,-50,
-50,-49,-49,-48,-48,-48,-48,-48,
-49,-49,-49,-50,-50,-50,-50,-50,
-50,-50,-51,-51,-50,-50,-50,-50,
-50,-50,-51,-52,-53,-53,-54,-54,
-55,-55,-56,-56,-57,-57,-57,-56,
-56,-56,-56,-56,-56,-56,-56,-56,
-57,-57,-57,-57,-57,-57,-57,-57,
-58,-58,-58,-59,-59,-59,-59,-59,
-60,-60,-60,-60,-60,-59,-59,-59,
-60,-60,-60,-59,-59,-58,-58,-57,
-57,-57,-57,-57,-57,-57,-57,-55,
-54,-52,-50,-49,-48,-47,-46,-46,
-45,-43,-41,-40,-39,-38,-38,-38,
-39,-40,-40,-41,-42,-42,-42,-41,
-40,-39,-38,-38,-38,-40,-43,-47,
-51,-55,-58,-59,-61,-61,-61,-61,
-61,-62,-62,-63,-64,-64,-65,-65,
-64,-64,-64,-64,-64,-65,-65,-65,
-66,-66,-66,-66,-67,-69,-73,-78,
-84,-92,-100,-106,-108,-102,-87,-59,
-19,28,78,121,147,149,126,82,
28,-24,-64,-88,-95,-91,-81,-72,
-66,-65,-67,-70,-73,-74,-74,-73,
-72,-71,-70,-71,-71,-72,-73,-73,
-73,-73,-72,-72,-71,-71,-71,-71,
-72,-72,-72,-71,-71,-71,-71,-71,
-71,-72,-72,-73,-73,-73,-73,-73,
-73,-72,-72,-72,-72,-73,-73,-74,
-74,-73,-73,-73,-72,-72,-72,-72,
-72,-72,-72,-72,-72,-72,-72,-72,
-72,-72,-72,-72,-72,-71,-71,-72,
-72,-73,-74,-74,-75,-75,-75,-75,
-75,-75,-74,-74,-73,-73,-73,-73,
-74,-74,-74,-74,-74,-74,-73,-73,
-72,-70,-69,-68,-66,-65,-64,-63,
-62,-61,-60,-59,-59,-58,-58,-58,
-58,-58,-58,-58,-59,-59,-60,-60,
-60,-59,-59,-58,-58,-58,-59,-60,
-60,-61,-61,-61,-61,-60,-60,-60,
-60,-60,-60,-61,-61,-62,-62,-63,
-63,-64,-64,-65,-65,-65,-66,-66,
-67,-67,-67,-66,-66,-66,-66,-66,
-66,-67,-67,-68,-68,-68,-68,-68,
-68,-69,-69,-69,-69,-69,-69,-69,
-70,-70,-70,-70,-70,-70,-69,-69,
-69,-69,-69,-69,-70,-70,-69,-69,
-68,-68,-67,-65,-64,-63,-62,-61,
-60,-59,-59,-58,-58,-57,-55,-54,
-52,-50,-49,-48,-48,-49,-49,-50,
-50,-51,-51,-51,-51,-52,-52,-53,
-54,-54,-54,-53,-53,-52,-52,-54,
-56,-59,-63,-67,-70,-72,-74,-74,
-74,-73,-73,-72,-73,-73,-74,-75,
-76,-77,-78,-78,-77,-77,-77,-76,
-76,-76,-76,-77,-78,-80,-83,-86,
-89,-93,-98,-103,-109,-113,-114,-110,
-98,-76,-43,-1,45,91,129,149,
146,120,75,21,-31,-74,-100,-110,
-108,-99,-90,-83,-80,-80,-82,-84,
-85,-85,-85,-84,-83,-83,-83,-84,
-84,-84,-84,-83,-82,-82,-82,-82,
-83,-84,-85,-85,-86,-86,-86,-86,
-86,-86,-86,-86,-85,-85,-84,-83,
-82,-82,-82,-83,-83,-83,-83,-83,
-83,-83,-83,-83,-83,-84,-84,-85,
-85,-86,-86,-86,-86,-85,-83,-82,
-81,-81,-81,-82,-83,-84,-85,-85,
-86,-86,-86,-86,-86,-87,-87,-88,
-89,-90,-92,-93,-93,-94,-93,-93,
-92,-92,-91,-91,-92,-92,-92,-92,
-92,-91,-89,-87,-85,-82,-80,-78,
-76,-75,-74,-73,-72,-71,-70,-68,
-67,-66,-65,-65,-65,-65,-66,-66,
-65,-65,-64,-64,-64,-64,-65,-65,
-66,-66,-67,-67,-67,-67,-68,-68,
-69,-70,-70,-70,-70,-69,-69,-68,
-68,-67,-67,-67,-68,-68,-68,-69,
-70,-70,-71,-71,-72,-72,-72,-73,
-73,-73,-73,-73,-73,-73,-73,-73,
-72,-71,-71,-70,-70,-69,-69,-70,
-70,-71,-71,-71,-71,-70,-70,-69,
-69,-69,-69,-69,-69,-69,-69,-69,
-69,-69,-70,-70,-70,-70,-70,-69,
-69,-67,-66,-64,-62,-59,-58,-57,
-56,-55,-55,-54,-52,-51,-50,-49,
-48,-48,-49,-49,-50,-50,-51,-51,
-52,-52,-52,-52,-51,-50,-49,-48,
-48,-50,-53,-56,-59,-62,-65,-66,
-67,-68,-68,-68,-68,-68,-68,-68,
-69,-69,-70,-71,-71,-72,-72,-73,
-73,-72,-72,-71,-71,-71,-70,-70,
-71,-72,-74,-78,-82,-88,-94,-100,
-105,-106,-103,-91,-70,-39,1,48,
96,136,160,163,141,100,47,-7,
-53,-84,-98,-99,-92,-82,-74,-70,
-69,-70,-72,-73,-74,-73,-73,-72,
-72,-72,-73,-74,-75,-75,-76,-76,
-76,-76,-76,-76,-77,-77,-76,-76,
-75,-75,-74,-74,-74,-74,-74,-74,
-74,-73,-73,-73,-73,-74,-74,-74,
-74,-74,-73,-73,-73,-73,-73,-73,
-74,-75,-75,-76,-76,-75,-75,-74,
-74,-74,-73,-73,-73,-73,-73,-73,
-73,-73,-73,-73,-73,-73,-73,-73,
-74,-74,-75,-75,-75,-75,-76,-76,
-76,-77,-77,-77,-77,-77,-77,-77,
-76,-76,-76,-76,-76,-76,-75,-75,
-74,-73,-71,-70,-68,-66,-64,-62,
-60,-58,-57,-55,-54,-53,-51,-50,
-49,-48,-47,-47,-47,-47,-47,-47,
-47,-47,-47,-47,-48,-48,-49,-49,
-49,-49,-48,-48,-47,-47,-47,-47,
-47,-48,-48,-49,-49,-50,-50,-50,
-50,-50,-51,-51,-51,-51,-51,-52,
-52,-53,-54,-54,-55,-55,-56,-56,
-55,-55,-55,-55,-55,-55,-55,-55,
-56,-56,-56,-57,-57,-57,-57,-57,
-58,-58,-57,-57,-56,-55,-54,-53,
-53,-53,-53,-53,-54,-54,-55,-55,
-55,-55,-55,-55,-55,-55,-54,-54,
-54,-53,-52,-50,-48,-47,-45,-44,
-42,-41,-39,-37,-36,-34,-33,-32,
-31,-31,-32,-33,-34,-36,-37,-38,
-39,-39,-38,-36,-35,-33,-33,-34,
-36,-39,-43,-46,-49,-52,-53,-54,
-55,-55,-55,-56,-56,-56,-56,-56,
-56,-56,-56,-56,-56,-56,-57,-57,
-58,-58,-59,-60,-60,-60,-60,-60,
-60,-60,-62,-64,-67,-72,-77,-83,
-89,-93,-94,-88,-74,-51,-16,27,
75,122,158,175,168,137,89,33,
-18,-58,-81,-89,-85,-76,-67,-62,
-60,-61,-64,-66,-67,-68,-68,-68,
-68,-68,-69,-69,-70,-70,-69,-69,
-69,-69,-69,-69,-69,-69,-69,-69,
-69,-69,-68,-68,-68,-68,-68,-68,
-67,-67,-67,-67,-66,-66,-66,-66,
-66,-66,-67,-67,-68,-68,-68,-69,
-69,-69,-70,-70,-69,-69,-69,-69,
-68,-68,-68,-68,-68,-67,-67,-67,
-66,-67,-67,-67,-67,-67,-67,-67,
-67,-66,-66,-67,-67,-68,-69,-69,
-69,-69,-69,-68,-68,-68,-68,-68,
-67,-67,-67,-66,-65,-63,-61,-59,
-57,-56,-54,-53,-52,-51,-51,-50,
-50,-49,-49,-48,-48,-48,-47,-48,
-48,-48,-49,-49,-49,-49,-48,-48,
-47,-47,-47,-47,-47,-48,-49,-50,
-50,-51,-51,-52,-52,-52,-52,-52,
-52,-53,-53,-54,-54,-54,-54,-54,
-54,-54,-54,-54,-54,-54,-54,-54,
-54,-55,-55,-55,-55,-56,-56,-57,
-57,-58,-59,-59,-59,-59,-58,-58,
-58,-58,-58,-58,-58,-58,-58,-58,
-57,-56,-56,-56,-56,-56,-56,-56,
-56,-56,-56,-57,-57,-57,-57,-57,
-57,-56,-55,-54,-52,-50,-48,-46,
-44,-43,-42,-41,-40,-39,-37,-36,
-34,-34,-33,-34,-35,-36,-37,-38,
-39,-40,-40,-39,-38,-37,-36,-36,
-36,-38,-41,-44,-47,-50,-51,-52,
-53,-53,-54,-54,-55,-55,-55,-56,
-56,-56,-57,-57,-58,-58,-59,-60,
-60,-60,-60,-60,-60,-60,-59,-58,
-58,-58,-58,-60,-63,-67,-74,-81,
-89,-96,-99,-97,-86,-66,-34,7,
54,100,137,156,153,126,82,29,
-20,-59,-82,-89,-86,-77,-69,-63,
-61,-62,-65,-67,-68,-69,-69,-69,
-68,-68,-68,-68,-67,-67,-66,-66,
-67,-67,-68,-68,-68,-68,-68,-67,
-67,-66,-66,-66,-67,-67,-68,-68,
-68,-67,-67,-67,-67,-67,-68,-68,
-68,-69,-69,-69,-69,-68,-68,-68,
-68,-68,-69,-69,-70,-70,-69,-68,
-68,-67,-67,-67,-67,-68,-68,-69,
-69,-69,-69,-69,-69,-68,-68,-68,
-68,-68,-68,-69,-69,-69,-69,-69,
-69,-69,-69,-69,-69,-69,-69,-69,
-70,-71,-71,-71,-70,-69,-68,-67,
-66,-65,-65,-64,-63,-62,-61,-60,
-59,-58,-57,-57,-56,-56,-56,-56,
-56,-56,-56,-56,-55,-55,-55,-54,
-54,-54,-54,-54,-55,-56,-57,-58,
-58,-59,-59,-58,-58,-58,-59,-59,
-60,-61,-61,-61,-61,-60,-59,-58,
-58,-59,-60,-61,-62,-64,-64,-65,
-65,-64,-64,-64,-63,-64,-64,-64,
-65,-65,-65,-65,-65,-65,-65,-65,
-65,-65,-65,-65,-65,-65,-65,-65,
-65,-65,-65,-66,-66,-66,-67,-67,
-67,-67,-66,-65,-64,-62,-61,-59,
-57,-55,-54,-53,-52,-51,-50,-48,
-47,-45,-44,-43,-42,-43,-43,-44,
-45,-46,-48,-49,-49,-50,-50,-50,
-49,-48,-48,-48,-49,-52,-56,-60,
-63,-66,-68,-69,-69,-69,-68,-68,
-68,-69,-70,-71,-72,-73,-74,-74,
-74,-73,-73,-73,-72,-72,-71,-71,
-71,-73,-77,-83,-90,-99,-106,-110,
-108,-97,-74,-39,4,54,102,138,
156,150,121,75,21,-30,-72,-99,
-112,-112,-105,-96,-88,-82,-79,-79,
-80,-81,-82,-82,-82,-81,-81,-81,
-82,-83,-84,-85,-86,-85,-85,-83,
-82,-81,-81,-81,-82,-82,-82,-82,
-82,-82,-82,-82,-82,-82,-82,-82,
-83,-83,-83,-83,-83,-83,-83,-82,
-82,-82,-82,-83,-83,-83,-83,-83,
-83,-82,-82,-82,-82,-82,-82,-83,
-83,-83,-83,-82,-82,-82,-82,-83,
-83,-83,-84,-85,-85,-86,-87,-87,
-87,-87,-87,-87,-88,-88,-88,-89,
-89,-89,-89,-89,-89,-89,-88,-87,
-86,-84,-82,-80,-78,-77,-76,-74,
-73,-71,-69,-67,-65,-63,-62,-62,
-62,-62,-62,-62,-62,-61,-61,-60,
-60,-60,-60,-60,-60,-60,-60,-60,
-59,-60,-60,-60,-61,-61,-61,-61,
-62,-61,-61,-61,-61,-61,-61,-61,
-62,-62,-62,-62,-62,-62,-62,-63,
-63,-64,-65,-65,-65,-65,-65,-64,
-64,-64,-64,-64,-64,-64,-64,-64,
-64,-63,-63,-63,-63,-62,-62,-62,
-63,-63,-63,-64,-64,-64,-63,-63,
-63,-63,-64,-64,-64,-64,-64,-64,
-64,-63,-63,-63,-62,-60,-58,-55,
-53,-51,-49,-48,-47,-46,-45,-44,
-42,-41,-40,-39,-40,-40,-41,-42,
-43,-44,-44,-44,-43,-41,-40,-40,
-41,-43,-46,-50,-53,-55,-57,-58,
-59,-59,-59,-59,-59,-59,-59,-59,
-60,-60,-61,-61,-61,-62,-62,-63,
-63,-64,-64,-64,-64,-63,-63,-63,
-64,-66,-70,-76,-83,-91,-98,-102,
-98,-85,-59,-20,28,81,128,159,
166,147,105,50,-6,-52,-81,-92,
-90,-81,-70,-63,-60,-61,-64,-66,
-67,-68,-67,-66,-65,-65,-66,-66,
-67,-67,-67,-67,-67,-66,-66,-66,
-66,-66,-66,-67,-67,-67,-68,-68,
-68,-68,-67,-67,-67,-67,-67,-67,
-67,-66,-65,-65,-64,-64,-64,-64,
-64,-64,-65,-65,-65,-65,-65,-65,
-65,-65,-65,-65,-65,-65,-65,-65,
-65,-65,-64,-64,-63,-63,-62,-63,
-63,-63,-63,-64,-64,-64,-65,-66,
-67,-68,-69,-70,-71,-71,-71,-71,
-70,-69,-68,-68,-67,-66,-64,-63,
-61,-59,-57,-55,-53,-52,-51,-49,
-48,-47,-46,-45,-44,-43,-43,-42,
-42,-43,-43,-43,-43,-42,-42,-42,
-42,-41,-41,-41,-42,-42,-43,-43,
-44,-43,-43,-42,-42,-41,-41,-41,
-42,-42,-43,-43,-43,-44,-44,-44,
-44,-45,-45,-46,-46,-47,-47,-47,
-47,-47,-47,-47,-48,-48,-48,-48,
-48,-48,-48,-48,-47,-48,-48,-48,
-49,-49,-49,-48,-48,-47,-47,-47,
-47,-48,-48,-49,-49,-50,-49,-49,
-48,-47,-46,-46,-45,-45,-45,-46,
-46,-46,-46,-45,-44,-43,-42,-40,
-37,-36,-34,-33,-32,-31,-30,-29,
-28,-27,-26,-25,-25,-26,-26,-27,
-28,-29,-30,-30,-31,-32,-32,-32,
-31,-29,-27,-26,-26,-28,-31,-34,
-38,-41,-44,-45,-46,-46,-46,-47,
-47,-47,-48,-49,-49,-50,-51,-52,
-52,-53,-53,-53,-53,-53,-53,-53,
-54,-57,-61,-68,-75,-84,-90,-92,
-85,-66,-34,10,62,114,154,174,
168,136,84,25,-28,-66,-86,-88,
-80,-68,-58,-53,-52,-55,-58,-61,
-63,-63,-62,-61,-60,-60,-60,-60,
-60,-60,-61,-61,-61,-61,-61,-61,
-61,-61,-61,-61,-60,-60,-60,-60,
-60,-60,-60,-60,-59,-59,-60,-60,
-60,-60,-61,-61,-61,-62,-62,-62,
-63,-62,-62,-62,-61,-61,-60,-60,
-60,-59,-59,-59,-59,-60,-60,-61,
-61,-62,-62,-62,-62,-62,-61,-61,
-60,-60,-60,-61,-61,-62,-62,-62,
-62,-62,-62,-62,-62,-62,-61,-61,
-60,-60,-59,-59,-59,-58,-58,-58,
-57,-56,-54,-52,-51,-49,-48,-47,
-47,-46,-45,-45,-44,-44,-44,-43,
-43,-43,-43,-43,-43,-43,-43,-44,
-44,-45,-45,-45,-45,-45,-45,-45,
-45,-45,-45,-45,-45,-46,-46,-46,
-46,-46,-46,-46,-46,-46,-47,-48,
-48,-49,-50,-51,-52,-52,-52,-52,
-52,-51,-51,-51,-51,-51,-52,-52,
-52,-52,-52,-52,-52,-53,-53,-54,
-54,-55,-55,-54,-54,-54,-54,-54,
-54,-55,-55,-55,-55,-55,-55,-55,
-54,-54,-53,-53,-53,-53,-53,-52,
-52,-51,-50,-48,-46,-44,-42,-41,
-40,-39,-38,-37,-36,-34,-33,-32,
-31,-32,-32,-34,-35,-36,-37,-37,
-37,-36,-35,-33,-32,-31,-32,-33,
-36,-39,-42,-45,-47,-50,-51,-53,
-54,-54,-55,-55,-56,-56,-57,-57,
-58,-58,-59,-58,-58,-58,-57,-58,
-58,-58,-59,-58,-58,-59,-60,-63,
-67,-74,-81,-88,-94,-95,-91,-81,
-64,-41,-13,18,52,87,121,152,
175,186,181,158,118,66,12,-34,
-67,-85,-88,-83,-73,-66,-62,-62,
-64,-67,-70,-71,-71,-69,-68,-67,
-66,-66,-67,-67,-68,-69,-69,-69,
-69,-69,-69,-70,-70,-70,-71,-71,
-71,-71,-71,-71,-71,-72,-72,-73,
-74,-74,-74,-74,-74,-73,-73,-73,
-72,-72,-72,-72,-72,-73,-73,-73,
-73,-73,-73,-73,-73,-73,-73,-73,
-73,-73,-73,-73,-73,-73,-73,-73,
-73,-73,-73,-73,-72,-72,-73,-73,
-74,-74,-75,-75,-75,-75,-75,-75,
-76,-76,-76,-75,-75,-74,-73,-72,
-71,-70,-69,-69,-69,-69,-69,-68,
-67,-66,-65,-64,-63,-62,-62,-61,
-60,-59,-59,-58,-58,-58,-58,-58,
-58,-58,-58,-59,-59,-59,-60,-60,
-61,-61,-61,-61,-61,-61,-61,-61,
-62,-62,-63,-64,-64,-63,-63,-63,
-62,-62,-62,-63,-63,-64,-65,-65,
-65,-66,-67,-67,-67,-68,-67,-67,
-67,-67,-67,-68,-68,-69,-70,-70,
-70,-70,-70,-70,-70,-70,-70,-69,
-69,-69,-69,-69,-69,-69,-69,-69,
-68,-68,-67,-67,-67,-68,-68,-69,
-70,-70,-70,-69,-67,-65,-63,-61,
-59,-58,-58,-57,-57,-56,-55,-54,
-53,-52,-51,-50,-49,-49,-49,-50,
-51,-53,-54,-55,-55,-55,-54,-52,
-51,-51,-52,-54,-58,-62,-66,-69,
-72,-74,-75,-75,-75,-74,-74,-73,
-73,-73,-73,-73,-74,-74,-74,-74,
-75,-75,-75,-75,-75,-75,-75,-75,
-76,-77,-78,-80,-83,-87,-93,-99,
-105,-110,-113,-111,-101,-82,-53,-13,
32,78,117,139,141,119,79,27,
-23,-66,-94,-106,-106,-99,-90,-82,
-79,-78,-79,-81,-83,-83,-83,-82,
-81,-81,-81,-81,-81,-81,-82,-83,
-83,-84,-84,-84,-84,-84,-85,-85,
-86,-86,-87,-87,-86,-85,-84,-83,
-82,-82,-82,-82,-82,-82,-82,-82,
-82,-82,-82,-83,-85,-86,-86,-86,
-85,-84,-83,-82,-81,-81,-81,-81,
-82,-82,-82,-82,-82,-83,-83,-83,
-83,-83,-83,-83,-84,-84,-84,-84,
-85,-85,-86,-86,-87,-87,-87,-87,
-88,-88,-88,-89,-90,-91,-92,-92,
-92,-91,-91,-90,-90,-89,-88,-87,
-85,-83,-81,-79,-77,-75,-74,-73,
-73,-72,-72,-72,-71,-70,-69,-68,
-67,-65,-64,-63,-62,-61,-61,-61,
-61,-62,-62,-62,-62,-62,-62,-62,
-62,-63,-63,-63,-64,-64,-64,-64,
-64,-64,-64,-64,-64,-65,-65,-65,
-65,-65,-64,-64,-64,-64,-65,-66,
-66,-68,-69,-69,-69,-69,-69,-69,
-68,-68,-68,-68,-68,-67,-67,-67,
-67,-67,-67,-67,-67,-67,-68,-69,
-69,-70,-70,-69,-69,-68,-68,-67,
-67,-68,-68,-68,-68,-67,-67,-66,
-66,-66,-66,-66,-66,-66,-65,-64,
-63,-61,-59,-57,-55,-54,-53,-53,
-53,-52,-51,-50,-49,-47,-46,-45,
-44,-44,-44,-44,-44,-45,-45,-46,
-46,-46,-47,-47,-47,-47,-47,-46,
-45,-45,-46,-48,-51,-54,-57,-60,
-62,-63,-64,-64,-64,-64,-64,-63,
-63,-63,-63,-63,-63,-64,-65,-65,
-66,-67,-67,-67,-67,-67,-67,-67,
-67,-67,-67,-69,-72,-77,-82,-89,
-95,-100,-102,-101,-96,-88,-78,-65,
-50,-29,-1,33,74,115,149,168,
166,142,99,46,-7,-51,-80,-94,
-95,-88,-79,-72,-68,-67,-68,-69,
-71,-71,-72,-71,-71,-71,-71,-71,
-71,-71,-72,-72,-73,-73,-73,-72,
-72,-72,-72,-72,-71,-71,-71,-70,
-69,-69,-69,-69,-69,-69,-69,-69,
-69,-70,-70,-70,-70,-71,-71,-72,
-72,-72,-73,-73,-72,-72,-71,-71,
-70,-70,-70,-70,-70,-70,-70,-69,
-69,-69,-69,-69,-69,-69,-70,-70,
-70,-71,-71,-71,-72,-72,-72,-72,
-72,-73,-73,-73,-74,-74,-75,-75,
-75,-74,-74,-73,-72,-71,-70,-69,
-69,-69,-69,-69,-68,-67,-65,-63,
-61,-58,-56,-54,-53,-51,-51,-50,
-49,-49,-48,-48,-47,-46,-46,-45,
-45,-45,-45,-45,-45,-45,-45,-45,
-45,-45,-45,-45,-46,-46,-46,-46,
-46,-46,-46,-46,-46,-46,-46,-46,
-46,-46,-46,-47,-47,-48,-49,-49,
-50,-49,-49,-49,-49,-49,-49,-50,
-51,-51,-51,-52,-52,-52,-52,-51,
-51,-51,-52,-52,-52,-53,-53,-53,
-53,-53,-53,-53,-54,-54,-54,-54,
-54,-54,-53,-53,-53,-52,-52,-52,
-52,-52,-52,-52,-52,-52,-52,-52,
-52,-52,-51,-51,-50,-48,-47,-45,
-43,-42,-41,-40,-39,-39,-38,-36,
-35,-33,-32,-31,-31,-31,-31,-32,
-33,-34,-34,-35,-34,-33,-32,-31,
-30,-30,-31,-34,-38,-42,-45,-48,
-50,-52,-53,-54,-55,-55,-55,-55,
-55,-55,-55,-55,-56,-56,-56,-56,
-56,-56,-56,-55,-55,-55,-55,-55,
-55,-55,-54,-55,-56,-58,-61,-66,
-71,-78,-85,-91,-94,-93,-85,-68,
-40,0,46,96,141,172,180,164,
125,72,15,-32,-66,-82,-83,-76,
-67,-60,-57,-57,-60,-63,-66,-67,
-67,-66,-65,-65,-64,-64,-65,-65,
-65,-65,-65,-64,-64,-64,-64,-64,
-64,-64,-63,-63,-63,-63,-63,-64,
-64,-65,-65,-65,-64,-64,-63,-63,
-63,-63,-63,-63,-64,-64,-64,-65,
-65,-65,-65,-65,-65,-65,-65,-65,
-64,-64,-64,-64,-64,-63,-63,-63,
-62,-63,-63,-64,-65,-65,-65,-65,
-65,-65,-64,-64,-64,-64,-63,-63,
-63,-63,-63,-63,-64,-64,-64,-64,
-64,-64,-64,-64,-64,-64,-63,-61,
-60,-59,-58,-57,-56,-56,-55,-55,
-54,-53,-51,-50,-49,-48,-47,-47,
-46,-46,-46,-46,-46,-46,-46,-46,
-46,-46,-46,-46,-47,-47,-48,-49,
-49,-50,-49,-49,-49,-49,-49,-49,
-50,-50,-51,-51,-51,-51,-51,-50,
-50,-49,-49,-49,-50,-50,-51,-52,
-53,-54,-54,-54,-53,-53,-53,-52,
-53,-53,-54,-55,-55,-56,-57,-57,
-57,-56,-56,-55,-55,-55,-56,-57,
-57,-58,-58,-57,-57,-57,-56,-56,
-55,-55,-55,-55,-55,-55,-55,-56,
-55,-55,-54,-52,-50,-48,-46,-44,
-43,-42,-42,-41,-40,-39,-38,-37,
-35,-34,-33,-33,-32,-31,-31,-32,
-33,-34,-35,-37,-37,-38,-38,-37,
-35,-35,-35,-36,-39,-43,-46,-50,
-52,-55,-56,-58,-59,-59,-59,-59,
-59,-58,-58,-58,-59,-59,-60,-61,
-62,-63,-62,-62,-62,-62,-63,-65,
-69,-74,-80,-87,-93,-96,-96,-90,
-77,-55,-25,11,53,97,138,172,
193,196,181,147,98,43,-8,-50,
-76,-88,-88,-82,-74,-69,-66,-66,
-67,-69,-70,-70,-70,-70,-70,-71,
-71,-72,-73,-73,-73,-72,-72,-71,
-71,-71,-70,-70,-70,-70,-71,-72,
-73,-74,-74,-74,-74,-74,-73,-73,
-73,-72,-72,-72,-72,-73,-73,-74,
-75,-76,-76,-76,-75,-74,-73,-72,
-72,-71,-71,-72,-72,-72,-72,-72,
-73,-73,-73,-73,-73,-73,-72,-72,
-73,-74,-75,-76,-77,-77,-77,-77,
-76,-76,-76,-77,-77,-78,-78,-78,
-78,-78,-77,-76,-76,-75,-75,-75,
-74,-73,-72,-69,-67,-64,-62,-60,
-59,-58,-58,-58,-57,-57,-56,-55,
-54,-54,-54,-54,-54,-55,-55,-56,
-57,-57,-57,-57,-57,-57,-57,-57,
-57,-57,-57,-57,-57,-57,-58,-58,
-58,-58,-59,-59,-60,-60,-60,-60,
-60,-60,-61,-62,-64,-65,-66,-66,
-66,-65,-64,-63,-63,-63,-63,-64,
-65,-65,-65,-65,-65,-65,-65,-65,
-65,-66,-67,-67,-68,-68,-68,-67,
-67,-66,-66,-66,-65,-65,-65,-65,
-65,-65,-64,-64,-62,-60,-59,-57,
-56,-55,-54,-53,-51,-50,-48,-47,
-46,-45,-45,-45,-46,-47,-48,-49,
-50,-51,-52,-53,-53,-52,-51,-50,
-48,-48,-50,-52,-56,-60,-64,-67,
-69,-70,-71,-72,-72,-73,-74,-75,
-75,-75,-74,-73,-72,-71,-71,-71,
-71,-71,-72,-72,-73,-73,-73,-74,
-76,-80,-85,-92,-100,-107,-110,-106,
-92,-66,-27,19,70,114,143,149,
131,90,37,-17,-63,-94,-108,-109,
-101,-91,-83,-79,-78,-80,-82,-83,
-84,-84,-84,-83,-83,-82,-82,-82,
-82,-82,-81,-81,-81,-81,-81,-82,
-82,-83,-83,-83,-82,-82,-83,-83,
-83,-83,-84,-84,-83,-83,-82,-82,
-81,-81,-81,-81,-81,-81,-81,-80,
-80,-79,-79,-79,-79,-79,-79,-80,
-80,-80,-80,-80,-80,-79,-79,-79,
-80,-80,-81,-81,-82,-82,-82,-82,
-82,-82,-83,-83,-84,-85,-86,-86,
-86,-86,-86,-86,-87,-87,-87,-87,
-87,-87,-87,-86,-84,-82,-80,-78,
-75,-73,-70,-68,-66,-64,-62,-60,
-59,-58,-57,-57,-57,-57,-57,-57,
-56,-55,-55,-54,-54,-54,-54,-55,
-55,-56,-56,-55,-55,-54,-54,-54,
-54,-55,-55,-56,-57,-58,-58,-59,
-59,-60,-60,-60,-60,-60,-61,-61,
-61,-61,-61,-61,-61,-61,-61,-61,
-61,-61,-61,-62,-62,-62,-62,-62,
-62,-62,-62,-62,-62,-61,-61,-60,
-60,-60,-61,-61,-62,-62,-62,-62,
-62,-61,-61,-60,-60,-60,-60,-60,
-60,-60,-61,-61,-61,-60,-60,-60,
-60,-59,-58,-56,-54,-52,-50,-48,
-47,-46,-45,-44,-43,-42,-41,-40,
-39,-38,-38,-38,-39,-40,-41,-43,
-44,-45,-45,-44,-42,-41,-39,-38,
-39,-41,-45,-49,-53,-56,-59,-61,
-62,-62,-63,-63,-63,-64,-64,-65,
-65,-66,-66,-65,-65,-65,-65,-65,
-65,-64,-64,-65,-65,-67,-70,-74,
-80,-88,-96,-102,-105,-100,-84,-56,
-15,35,89,138,171,182,166,126,
70,10,-41,-78,-97,-100,-92,-81,
-72,-67,-66,-68,-71,-74,-76,-76,
-76,-76,-75,-75,-75,-76,-76,-76,
-76,-75,-75,-74,-74,-74,-74,-74,
-74,-75,-75,-75,-75,-75,-75,-75,
-75,-75,-75,-75,-75,-75,-75,-74,
-74,-73,-73,-73,-73,-74,-74,-75,
-75,-75,-74,-74,-74,-73,-73,-73,
-72,-73,-73,-73,-73,-73,-73,-74,
-73,-73,-73,-73,-73,-74,-74,-74,
-75,-75,-76,-76,-75,-75,-75,-74,
-74,-74,-74,-74,-74,-74,-73,-73,
-72,-71,-70,-68,-67,-66,-64,-62,
-61,-59,-58,-58,-57,-57,-56,-56,
-55,-55,-54,-54,-53,-53,-53,-53,
-53,-53,-53,-53,-53,-53,-53,-53,
-53,-53,-53,-53,-53,-54,-54,-54,
-54,-54,-54,-54,-54,-55,-55,-55,
-56,-56,-57,-58,-58,-59,-59,-60,
-60,-60,-61,-61,-61,-61,-61,-62,
-62,-62,-62,-62,-62,-63,-63,-63,
-63,-64,-64,-64,-65,-65,-65,-65,
-65,-66,-66,-66,-66,-66,-66,-66,
-66,-65,-65,-64,-64,-63,-63,-63,
-63,-63,-63,-62,-62,-62,-61,-60,
-60,-59,-58,-57,-56,-55,-53,-52,
-50,-49,-48,-46,-45,-44,-44,-43,
-43,-44,-44,-45,-46,-47,-48,-48,
-48,-48,-47,-47,-46,-46,-47,-49,
-51,-54,-57,-60,-62,-64,-66,-67,
-67,-67,-67,-67,-67,-67,-67,-68,
-68,-69,-69,-70,-70,-70,-70,-70,
-70,-70,-71,-73,-76,-81,-86,-93,
-100,-106,-110,-113,-113,-111,-106,-98,
-84,-62,-31,9,56,101,136,152,
142,109,58,2,-47,-82,-99,-101,
-94,-84,-76,-72,-72,-74,-77,-79,
-80,-80,-80,-79,-79,-78,-78,-78,
-77,-77,-76,-76,-77,-77,-77,-78,
-78,-78,-78,-78,-78,-79,-79,-79,
-79,-79,-79,-78,-77,-76,-76,-76,
-76,-76,-77,-77,-77,-78,-78,-78,
-79,-79,-79,-79,-79,-78,-78,-78,
-78,-78,-78,-78,-78,-78,-77,-76,
-76,-75,-74,-74,-74,-74,-75,-75,
-75,-75,-75,-75,-75,-75,-75,-76,
-76,-76,-76,-76,-76,-75,-75,-75,
-75,-75,-75,-75,-74,-73,-71,-69,
-67,-65,-64,-63,-63,-63,-63,-62,
-61,-60,-58,-57,-57,-57,-57,-58,
-58,-58,-58,-58,-57,-57,-57,-58,
-58,-59,-59,-59,-59,-60,-60,-60,
-60,-61,-61,-62,-62,-61,-61,-61,
-61,-61,-61,-61,-62,-63,-63,-64,
-64,-65,-65,-66,-66,-66,-66,-66,
-66,-66,-67,-67,-68,-69,-71,-72,
-72,-73,-73,-72,-71,-70,-70,-69,
-69,-69,-69,-70,-71,-72,-73,-73,
-73,-74,-73,-73,-72,-71,-71,-70,
-70,-70,-70,-70,-69,-69,-70,-70,
-70,-71,-71,-70,-69,-68,-66,-63,
-61,-60,-59,-58,-58,-58,-57,-56,
-55,-53,-52,-51,-51,-51,-51,-52,
-53,-53,-53,-54,-54,-54,-53,-53,
-52,-52,-53,-55,-57,-61,-64,-67,
-69,-71,-72,-73,-74,-75,-75,-75,
-74,-74,-74,-74,-74,-74,-75,-76,
-76,-77,-77,-77,-77,-77,-76,-75,
-75,-74,-74,-76,-79,-85,-92,-100,
-107,-112,-113,-107,-94,-71,-39,0,
45,90,131,160,173,169,146,108,
61,11,-33,-69,-92,-104,-106,-101,
-94,-88,-84,-82,-82,-83,-84,-85,
-85,-85,-85,-85,-84,-83,-83,-83,
-83,-83,-83,-84,-84,-84,-84,-85,
-85,-85,-85,-85,-85,-85,-84,-84,
-84,-84,-84,-85,-85,-85,-85,-85,
-84,-83,-83,-83,-84,-84,-85,-86,
-86,-85,-85,-84,-84,-84,-84,-85,
-85,-85,-86,-86,-86,-87,-87,-86,
-86,-85,-84,-83,-83,-82,-82,-82,
-83,-83,-83,-84,-85,-86,-87,-88,
-89,-90,-90,-91,-92,-93,-93,-92,
-92,-90,-89,-87,-86,-85,-85,-84,
-83,-81,-79,-77,-75,-73,-72,-71,
-71,-71,-70,-69,-68,-67,-65,-64,
-64,-64,-64,-65,-65,-65,-65,-65,
-64,-63,-62,-62,-62,-63,-64,-65,
-65,-66,-67,-67,-67,-68,-68,-68,
-68,-68,-68,-68,-69,-69,-69,-69,
-68,-68,-68,-69,-69,-70,-71,-71,
-71,-71,-71,-72,-72,-72,-73,-73,
-73,-73,-73,-72,-72,-73,-73,-74,
-75,-75,-76,-76,-76,-75,-74,-73,
-73,-72,-73,-73,-74,-74,-74,-75,
-75,-75,-75,-75,-74,-74,-73,-73,
-73,-72,-72,-72,-72,-71,-71,-71,
-70,-69,-68,-66,-65,-64,-63,-62,
-61,-60,-59,-58,-57,-56,-55,-54,
-54,-54,-55,-56,-57,-58,-58,-59,
-60,-60,-59,-58,-57,-56,-56,-57,
-60,-63,-66,-70,-72,-74,-75,-75,
-75,-75,-75,-76,-77,-77,-78,-78,
-78,-78,-78,-79,-79,-79,-79,-78,
-78,-77,-76,-76,-76,-77,-79,-81,
-84,-89,-94,-100,-106,-110,-111,-107,
-96,-77,-48,-11,33,79,120,149,
159,146,112,63,9,-40,-77,-99,
-105,-101,-93,-84,-78,-75,-76,-78,
-80,-81,-82,-82,-82,-82,-81,-81,
-80,-80,-80,-80,-80,-80,-80,-80,
-79,-79,-79,-79,-79,-79,-79,-79,
-79,-79,-79,-79,-79,-79,-78,-78,
-78,-78,-77,-77,-77,-77,-77,-78,
-78,-78,-77,-77,-76,-75,-75,-75,
-75,-76,-76,-77,-77,-77,-77,-77,
-77,-76,-76,-76,-76,-76,-76,-76,
-76,-76,-76,-77,-78,-79,-80,-81,
-82,-82,-83,-82,-82,-82,-82,-82,
-82,-81,-81,-81,-81,-81,-82,-82,
-82,-82,-82,-81,-80,-79,-77,-75,
-72,-70,-67,-65,-63,-61,-60,-58,
-58,-57,-56,-56,-55,-55,-54,-54,
-53,-53,-53,-53,-53,-53,-53,-53,
-53,-53,-53,-53,-53,-53,-53,-53,
-53,-53,-54,-54,-54,-55,-55,-56,
-56,-55,-55,-55,-55,-55,-55,-56,
-56,-57,-58,-59,-60,-61,-60,-60,
-60,-59,-59,-58,-58,-58,-58,-58,
-58,-58,-58,-59,-59,-59,-60,-60,
-60,-60,-59,-59,-58,-58,-58,-58,
-59,-59,-60,-60,-60,-60,-59,-59,
-59,-59,-59,-59,-60,-60,-59,-59,
-58,-57,-57,-57,-57,-58,-58,-58,
-57,-56,-54,-52,-50,-48,-46,-45,
-44,-43,-41,-40,-39,-37,-36,-35,
-35,-35,-36,-37,-38,-39,-40,-40,
-41,-41,-41,-40,-38,-37,-37,-38,
-40,-43,-46,-50,-53,-55,-56,-56,
-57,-57,-57,-58,-58,-58,-59,-59,
-59,-60,-60,-60,-60,-60,-60,-61,
-61,-61,-61,-62,-62,-62,-62,-62,
-63,-64,-67,-71,-76,-81,-87,-93,
-96,-95,-88,-71,-44,-5,41,90,
135,164,172,154,113,59,3,-43,
-74,-89,-89,-81,-72,-64,-61,-62,
-65,-67,-70,-70,-70,-69,-69,-68,
-68,-68,-69,-69,-69,-70,-70,-70,
-70,-70,-70,-70,-69,-69,-69,-70,
-70,-70,-70,-70,-69,-69,-68,-68,
-68,-68,-68,-68,-68,-68,-67,-67,
-67,-68,-68,-68,-68,-69,-69,-69,
-69,-68,-68,-68,-68,-68,-68,-69,
-69,-69,-69,-69,-68,-68,-68,-68,
-68,-68,-68,-68,-68,-68,-68,-68,
-69,-69,-70,-70,-70,-70,-70,-70,
-70,-69,-69,-69,-69,-69,-69,-69,
-69,-68,-67,-65,-63,-61,-59,-57,
-55,-54,-53,-52,-52,-51,-50,-50,
-49,-49,-49,-49,-49,-48,-48,-48,
-48,-48,-48,-48,-48,-48,-48,-48,
-48,-48,-49,-49,-49,-49,-49,-50,
-50,-50,-50,-51,-51,-52,-53,-53,
-53,-54,-54,-53,-53,-53,-53,-53,
-53,-53,-53,-53,-53,-53,-53,-53,
-52,-52,-53,-53,-54,-54,-55,-56,
-56,-57,-57,-57,-57,-57,-57,-57,
-57,-57,-57,-57,-57,-57,-57,-58,
-58,-58,-58,-58,-57,-57,-56,-56,
-56,-56,-56,-56,-57,-57,-57,-57,
-57,-57,-57,-57,-57,-57,-57,-56,
-55,-54,-52,-50,-48,-46,-44,-43,
-42,-41,-40,-39,-38,-36,-35,-35,
-34,-34,-35,-36,-36,-37,-38,-39,
-39,-39,-38,-37,-36,-34,-34,-34,
-36,-39,-43,-47,-49,-51,-53,-53,
-54,-55,-56,-56,-57,-57,-58,-58,
-58,-58,-59,-59,-60,-61,-61,-61,
-62,-62,-62,-62,-62,-62,-62,-62,
-62,-63,-63,-64,-66,-70,-75,-80,
-87,-93,-96,-95,-87,-69,-40,-1,
44,91,132,157,161,141,100,49,
-3,-47,-76,-88,-87,-79,-70,-63,
-60,-60,-62,-64,-66,-67,-67,-66,
-66,-66,-66,-66,-66,-67,-67,-67,
-67,-67,-67,-67,-66,-66,-66,-66,
-66,-66,-66,-66,-67,-67,-67,-67,
-67,-67,-66,-66,-65,-66,-66,-66,
-67,-67,-67,-67,-66,-66,-66,-66,
-66,-66,-66,-65,-65,-64,-64,-63,
-64,-65,-65,-66,-67,-67,-67,-66,
-66,-66,-66,-66,-66,-66,-65,-65,
-65,-64,-64,-64,-65,-65,-66,-66,
-66,-67,-67,-67,-67,-67,-67,-67,
-67,-67,-68,-68,-69,-70,-70,-69,
-68,-67,-66,-65,-64,-63,-62,-60,
-59,-57,-55,-54,-53,-52,-52,-52,
-52,-52,-52,-53,-53,-53,-53,-53,
-53,-54,-54,-54,-54,-54,-55,-55,
-55,-56,-56,-56,-56,-56,-55,-55,
-55,-56,-56,-57,-57,-57,-57,-58,
-58,-59,-59,-59,-60,-60,-60,-60,
-60,-61,-61,-61,-62,-62,-62,-62,
-62,-62,-62,-62,-62,-61,-61,-61,
-62,-62,-62,-63,-63,-63,-63,-63,
-63,-63,-64,-64,-64,-64,-64,-64,
-64,-63,-63,-62,-62,-62,-63,-63,
-63,-64,-64,-64,-64,-63,-62,-60,
-58,-56,-55,-53,-52,-51,-50,-50,
-49,-48,-47,-45,-44,-44,-43,-44,
-44,-45,-45,-46,-47,-48,-48,-48,
-46,-45,-44,-44,-45,-48,-51,-55,
-59,-61,-64,-65,-67,-68,-69,-71,
-72,-73,-72,-72,-71,-70,-69,-68,
-68,-68,-69,-70,-70,-71,-72,-72,
-72,-71,-71,-72,-73,-75,-78,-82,
-88,-94,-101,-106,-108,-104,-91,-67,
-32,12,60,104,135,145,131,95,
44,-8,-55,-86,-101,-102,-95,-86,
-79,-75,-74,-76,-78,-79,-79,-79,
-78,-78,-78,-78,-77,-77,-77,-77,
-78,-79,-80,-81,-81,-81,-81,-80,
-79,-78,-77,-77,-78,-79,-80,-81,
-82,-82,-82,-82,-81,-81,-80,-80,
-80,-80,-79,-79,-79,-79,-79,-79,
-79,-79,-79,-79,-79,-79,-80,-80,
-80,-80,-80,-80,-79,-79,-78,-77,
-77,-77,-78,-78,-79,-79,-80,-80,
-81,-81,-82,-83,-84,-85,-86,-86,
-87,-87,-86,-86,-87,-87,-88,-88,
-88,-87,-86,-84,-82,-80,-79,-78,
-77,-75,-73,-71,-69,-68,-67,-67,
-66,-65,-64,-64,-63,-62,-62,-61,
-61,-60,-60,-59,-59,-59,-59,-60,
-60,-60,-60,-60,-61,-61,-62,-63,
-63,-64,-63,-62,-61,-60,-60,-59,
-60,-60,-61,-61,-62,-62,-63,-63,
-64,-64,-64,-65,-65,-65,-66,-66,
-66,-67,-67,-67,-66,-66,-66,-66,
-66,-66,-66,-67,-67,-67,-67,-67,
-67,-67,-66,-66,-66,-66,-66,-66,
-65,-65,-65,-64,-64,-64,-63,-63,
-62,-62,-62,-62,-63,-63,-63,-63,
-63,-62,-60,-59,-57,-55,-54,-53,
-52,-50,-49,-47,-46,-44,-43,-42,
-42,-42,-43,-43,-44,-44,-45,-45,
-45,-44,-43,-42,-42,-42,-44,-46,
-49,-52,-54,-57,-58,-60,-61,-62,
-63,-63,-63,-63,-63,-63,-63,-63,
-63,-63,-64,-65,-65,-66,-66,-66,
-65,-65,-65,-66,-68,-72,-78,-85,
-93,-98,-98,-89,-69,-35,9,61,
110,147,163,153,119,67,11,-39,
-75,-94,-97,-89,-79,-69,-63,-62,
-63,-66,-69,-70,-70,-70,-69,-68,
-67,-66,-66,-67,-67,-67,-67,-67,
-67,-67,-67,-67,-68,-68,-68,-69,
-69,-69,-70,-70,-70,-70,-70,-69,
-68,-67,-67,-66,-66,-66,-66,-66,
-65,-65,-65,-66,-66,-66,-65,-65,
-65,-65,-65,-65,-65,-66,-66,-66,
-67,-67,-67,-67,-67,-67,-67,-67,
-67,-67,-67,-67,-67,-67,-67,-68,
-69,-70,-71,-71,-71,-71,-71,-71,
-71,-70,-69,-68,-67,-65,-62,-60,
-58,-56,-54,-52,-51,-49,-48,-47,
-46,-46,-45,-45,-45,-44,-44,-44,
-43,-43,-42,-42,-42,-42,-42,-42,
-42,-43,-43,-43,-43,-42,-42,-42,
-42,-43,-43,-44,-44,-45,-45,-46,
-46,-46,-47,-47,-48,-48,-48,-49,
-49,-49,-49,-49,-48,-48,-48,-48,
-48,-49,-49,-49,-50,-50,-50,-50,
-50,-50,-51,-51,-51,-51,-52,-52,
-52,-52,-52,-52,-52,-53,-53,-52,
-52,-52,-51,-51,-51,-51,-52,-52,
-52,-51,-51,-51,-50,-50,-51,-51,
-51,-51,-51,-50,-48,-46,-43,-41,
-39,-38,-36,-35,-35,-34,-33,-32,
-31,-30,-29,-29,-28,-29,-30,-31,
-32,-34,-35,-36,-36,-35,-33,-32,
-31,-31,-33,-36,-39,-43,-46,-49,
-51,-52,-53,-53,-54,-54,-53,-53,
-53,-53,-54,-54,-55,-56,-57,-58,
-59,-59,-59,-58,-58,-58,-58,-59,
-61,-65,-70,-76,-84,-90,-95,-94,
-84,-64,-32,11,61,111,152,173,
170,141,93,35,-17,-58,-81,-88,
-83,-73,-63,-58,-56,-59,-62,-66,
-68,-69,-69,-68,-68,-67,-67,-68,
-68,-68,-68,-68,-67,-67,-67,-67,
-67,-67,-67,-67,-67,-67,-66,-66,
-65,-65,-65,-65,-66,-66,-66,-66,
-65,-65,-64,-64,-63,-63,-63,-63,
-63,-64,-64,-65,-65,-66,-66,-66,
-65,-65,-64,-64,-64,-64,-65,-65,
-65,-65,-65,-65,-65,-65,-66,-66,
-66,-66,-66,-66,-66,-66,-66,-66,
-66,-66,-67,-66,-66,-66,-66,-66,
-65,-65,-64,-64,-62,-61,-60,-59,
-57,-56,-55,-54,-54,-53,-51,-50,
-49,-47,-46,-46,-45,-45,-44,-44,
-45,-45,-45,-45,-45,-46,-46,-46,
-46,-47,-47,-47,-47,-47,-47,-47,
-48,-48,-48,-48,-48,-48,-48,-48,
-48,-49,-49,-50,-50,-51,-51,-52,
-52,-52,-52,-52,-53,-53,-53,-54,
-55,-55,-56,-57,-57,-57,-58,-58,
-58,-57,-57,-57,-57,-57,-57,-58,
-58,-58,-58,-59,-59,-59,-59,-59,
-59,-59,-59,-58,-58,-58,-58,-58,
-58,-59,-59,-59,-58,-58,-58,-58,
-57,-57,-56,-56,-56,-55,-56,-56,
-56,-56,-55,-54,-52,-50,-48,-47,
-47,-47,-46,-46,-45,-43,-41,-39,
-38,-37,-37,-37,-38,-39,-39,-40,
-40,-40,-40,-40,-40,-39,-38,-38,
-39,-42,-45,-49,-53,-56,-59,-60,
-61,-62,-62,-62,-63,-63,-64,-64,
-64,-64,-65,-65,-64,-64,-64,-64,
-63,-64,-64,-66,-68,-71,-74,-78,
-82,-87,-92,-97,-101,-104,-104,-99,
-89,-70,-43,-6,37,82,120,142,
142,118,75,23,-26,-65,-89,-96,
-93,-83,-74,-68,-66,-67,-69,-71,
-73,-73,-73,-72,-71,-71,-71,-71,
-71,-71,-71,-71,-71,-70,-70,-70,
-70,-71,-71,-71,-71,-71,-70,-70,
-70,-70,-70,-71,-71,-71,-71,-71,
-71,-70,-70,-70,-70,-70,-70,-69,
-69,-69,-69,-69,-69,-70,-70,-71,
-71,-71,-71,-72,-72,-72,-71,-71,
-70,-70,-70,-70,-71,-72,-72,-72,
-72,-71,-71,-70,-70,-70,-71,-72,
-72,-73,-73,-74,-73,-73,-73,-72,
-72,-72,-72,-72,-72,-72,-71,-70,
-69,-68,-66,-65,-63,-62,-61,-60,
-59,-59,-59,-58,-58,-57,-56,-56,
-55,-55,-55,-55,-55,-56,-56,-57,
-58,-59,-59,-60,-60,-60,-60,-59,
-58,-58,-58,-58,-58,-59,-59,-60,
-60,-60,-60,-61,-61,-62,-62,-63,
-64,-65,-65,-66,-66,-67,-67,-67,
-66,-66,-67,-67,-67,-68,-68,-68,
-68,-68,-67,-67,-67,-67,-68,-68,
-68,-68,-68,-68,-68,-68,-68,-68,
-68,-69,-70,-71,-72,-73,-74,-74,
-73,-73,-72,-71,-71,-71,-72,-72,
-73,-73,-72,-72,-72,-71,-71,-71,
-71,-71,-70,-68,-67,-65,-63,-62,
-61,-61,-60,-60,-59,-58,-57,-56,
-55,-54,-53,-53,-53,-53,-54,-54,
-54,-54,-54,-54,-53,-53,-53,-53,
-52,-52,-52,-53,-54,-57,-60,-64,
-68,-71,-74,-76,-78,-79,-79,-78,
-78,-77,-77,-76,-77,-77,-77,-78,
-78,-78,-78,-77,-77,-77,-78,-78,
-79,-79,-80,-81,-83,-86,-90,-96,
-102,-108,-112,-114,-110,-100,-83,-57,
-23,15,58,99,135,158,165,154,
125,82,32,-18,-60,-91,-108,-113,
-109,-101,-94,-88,-85,-85,-86,-87,
-88,-88,-88,-87,-87,-87,-88,-88,
-89,-89,-89,-89,-89,-89,-89,-88,
-88,-88,-89,-89,-90,-90,-90,-90,
-89,-89,-89,-88,-88,-88,-88,-88,
-89,-89,-89,-89,-89,-89,-88,-88,
-88,-88,-88,-89,-89,-90,-90,-89,
-88,-87,-86,-86,-86,-86,-87,-88,
-89,-89,-89,-88,-88,-88,-88,-89,
-90,-90,-91,-91,-92,-91,-91,-91,
-91,-92,-93,-93,-94,-94,-95,-95,
-96,-96,-97,-97,-96,-96,-95,-95,
-94,-92,-91,-89,-87,-84,-82,-80,
-78,-77,-76,-75,-75,-74,-73,-73,
-72,-71,-70,-70,-69,-69,-68,-68,
-67,-67,-68,-68,-69,-70,-70,-71,
-71,-71,-71,-71,-71,-71,-70,-70,
-70,-70,-70,-71,-71,-72,-73,-73,
-73,-72,-72,-72,-72,-72,-72,-72,
-72,-73,-73,-74,-75,-76,-77,-78,
-78,-78,-78,-78,-77,-77,-77,-78,
-78,-78,-79,-79,-79,-78,-78,-77,
-77,-76,-76,-77,-77,-77,-78,-78,
-78,-77,-77,-77,-77,-77,-77,-77,
-77,-76,-76,-76,-76,-76,-76,-75,
-75,-75,-75,-74,-73,-73,-72,-72,
-72,-72,-71,-70,-69,-68,-67,-66,
-65,-64,-63,-62,-61,-60,-58,-57,
-56,-55,-54,-54,-54,-54,-55,-55,
-56,-57,-58,-59,-59,-58,-56,-55,
-54,-55,-56,-59,-63,-67,-70,-72,
-74,-75,-75,-75,-75,-75,-75,-75,
-75,-75,-75,-75,-75,-75,-75,-75,
-75,-75,-75,-76,-76,-75,-75,-76,
-78,-81,-85,-91,-97,-104,-109,-111,
-108,-101,-88,-69,-46,-18,14,50,
87,124,155,177,184,174,146,103,
50,-2,-47,-81,-99,-105,-102,-94,
-86,-81,-78,-78,-79,-80,-81,-81,
-81,-80,-80,-79,-79,-79,-79,-80,
-80,-80,-80,-80,-80,-80,-80,-80,
-81,-81,-80,-80,-80,-79,-79,-79,
-79,-79,-79,-79,-79,-79,-79,-79,
-79,-79,-78,-78,-79,-79,-79,-79,
-79,-78,-78,-77,-77,-76,-77,-77,
-77,-78,-78,-78,-78,-78,-77,-77,
-77,-77,-77,-77,-77,-77,-77,-77,
-77,-78,-78,-79,-79,-80,-81,-82,
-83,-83,-84,-84,-83,-83,-82,-82,
-81,-81,-80,-79,-78,-76,-74,-72,
-70,-68,-66,-65,-64,-62,-61,-60,
-59,-59,-58,-58,-58,-57,-57,-57,
-56,-56,-56,-56,-56,-56,-56,-56,
-57,-57,-57,-56,-56,-56,-56,-57,
-57,-57,-57,-57,-57,-57,-58,-58,
-59,-60,-60,-60,-60,-60,-60,-60,
-60,-60,-60,-60,-60,-61,-61,-61,
-61,-61,-61,-62,-62,-63,-63,-64,
-64,-64,-64,-64,-64,-64,-64,-65,
-65,-65,-65,-64,-64,-64,-63,-63,
-63,-63,-63,-63,-63,-63,-62,-62,
-62,-61,-61,-61,-60,-60,-61,-61,
-61,-62,-62,-62,-62,-63,-63,-63,
-63,-63,-63,-62,-62,-61,-60,-58,
-57,-55,-53,-51,-50,-48,-47,-45,
-44,-43,-42,-41,-40,-40,-39,-40,
-40,-41,-41,-42,-42,-42,-42,-42,
-42,-41,-40,-39,-39,-39,-40,-42,
-46,-49,-53,-56,-58,-60,-60,-61,
-60,-60,-60,-60,-60,-60,-60,-60,
-60,-60,-61,-61,-62,-62,-63,-64,
-64,-65,-65,-65,-65,-65,-64,-64,
-64,-66,-69,-74,-80,-86,-93,-98,
-100,-96,-85,-64,-32,9,57,105,
144,165,164,138,93,38,-15,-58,
-84,-93,-91,-82,-72,-65,-63,-64,
-66,-69,-71,-72,-72,-72,-71,-71,
-71,-71,-71,-71,-72,-72,-72,-72,
-71,-71,-71,-70,-70,-70,-70,-70,
-70,-70,-69,-68,-68,-68,-68,-68,
-69,-69,-70,-70,-71,-70,-70,-69,
-69,-69,-69,-69,-70,-70,-70,-70,
-70,-69,-69,-68,-68,-68,-68,-68,
-68,-68,-69,-69,-69,-69,-69,-69,
-68,-68,-68,-69,-69,-69,-69,-69,
-69,-68,-68,-68,-68,-68,-68,-68,
-68,-69,-69,-69,-69,-69,-69,-68,
-68,-67,-67,-66,-66,-65,-64,-63,
-62,-60,-59,-57,-55,-53,-52,-51,
-50,-50,-50,-50,-50,-50,-50,-50,
-49,-49,-49,-49,-50,-50,-50,-51,
-51,-51,-52,-52,-51,-51,-51,-51,
-51,-51,-51,-51,-52,-52,-52,-53,
-54,-54,-55,-55,-56,-56,-55,-55,
-56,-56,-56,-56,-56,-56,-57,-57,
-58,-58,-58,-59,-59,-59,-59,-59,
-60,-60,-60,-60,-60,-60,-60,-61,
-61,-61,-61,-61,-61,-60,-60,-60,
-60,-60,-60,-60,-60,-60,-60,-60,
-60,-60,-59,-60,-60,-60,-61,-61,
-61,-60,-60,-58,-56,-54,-51,-49,
-48,-47,-47,-47,-47,-47,-46,-45,
-43,-41,-39,-38,-38,-38,-39,-40,
-41,-42,-43,-44,-44,-43,-41,-40,
-39,-38,-39,-41,-44,-48,-51,-54,
-57,-59,-60,-61,-62,-63,-64,-64,
-64,-65,-65,-65,-65,-65,-65,-66,
-66,-65,-65,-65,-65,-65,-66,-66,
-67,-69,-71,-75,-80,-86,-92,-99,
-103,-103,-96,-78,-48,-7,39,86,
124,144,141,114,69,16,-33,-71,
-93,-99,-94,-84,-75,-69,-68,-69,
-71,-73,-75,-75,-74,-74,-73,-73,
-73,-73,-73,-73,-73,-73,-73,-74,
-74,-74,-75,-75,-75,-75,-75,-75,
-75,-75,-75,-75,-74,-74,-73,-73,
-73,-73,-73,-73,-73,-74,-74,-74,
-74,-74,-75,-75,-75,-75,-75,-75,
-75,-76,-76,-76,-76,-76,-76,-75,
-74,-73,-72,-71,-71,-72,-72,-72,
-73,-73,-72,-73,-73,-73,-73,-73,
-74,-74,-74,-73,-73,-73,-74,-75,
-76,-77,-78,-78,-79,-79,-79,-78,
-78,-77,-76,-75,-74,-72,-71,-69,
-67,-65,-64,-63,-63,-63,-63,-63,
-62,-62,-61,-60,-59,-59,-60,-60,
-61,-62,-63,-63,-63,-62,-62,-61,
-60,-60,-60,-60,-60,-61,-62,-63,
-64,-64,-64,-64,-64,-64,-64,-65,
-65,-66,-67,-68,-69,-69,-69,-68,
-67,-65,-64,-63,-63,-63,-64,-65,
-66,-67,-67,-67,-67,-68,-69,-70,
-72,-73,-74,-75,-74,-74,-73,-72,
-72,-72,-72,-72,-73,-73,-73,-73,
-72,-72,-72,-72,-72,-72,-72,-72,
-72,-72,-72,-72,-71,-71,-71,-70,
-69,-68,-67,-65,-64,-62,-61,-60,
-60,-59,-58,-56,-54,-53,-51,-50,
-49,-50,-51,-53,-55,-56,-57,-57,
-56,-56,-54,-53,-53,-52,-53,-54,
-56,-58,-61,-64,-67,-70,-72,-74,
-74,-74,-73,-73,-72,-72,-73,-74,
-75,-77,-78,-79,-79,-79,-79,-79,
-79,-78,-78,-78,-78,-78,-78,-79,
-82,-85,-91,-97,-104,-110,-114,-112,
-102,-81,-49,-7,40,86,121,137,
129,99,53,0,-47,-83,-104,-110,
-106,-97,-89,-84,-81,-82,-83,-85,
-86,-86,-87,-87,-87,-87,-87,-86,
-86,-86,-85,-85,-85,-86,-86,-87,
-87,-88,-88,-88,-88,-87,-87,-87,
-87,-88,-88,-88,-88,-88,-88,-88,
-88,-88,-88,-88,-88,-89,-89,-89,
-90,-90,-91,-91,-91,-91,-90,-90,
-89,-88,-88,-88,-88,-88,-88,-88,
-88,-87,-87,-86,-86,-86,-87,-87,
-88,-88,-89,-89,-89,-89,-89,-89,
-90,-91,-92,-94,-95,-96,-96,-96,
-95,-95,-95,-96,-96,-97,-97,-97,
-97,-96,-96,-95,-94,-92,-90,-88,
-86,-84,-81,-79,-78,-76,-75,-74,
-73,-72,-71,-70,-69,-68,-68,-67,
-67,-67,-68,-68,-68,-68,-69,-69,
-69,-70,-70,-70,-70,-70,-70,-70,
-70,-70,-70,-70,-71,-71,-71,-71,
-71,-71,-71,-71,-72,-72,-72,-72,
-72,-72,-72,-72,-73,-73,-74,-74,
-74,-74,-74,-74,-74,-74,-74,-74,
-74,-74,-73,-73,-72,-72,-72,-72,
-72,-73,-73,-73,-72,-72,-71,-71,
-70,-70,-70,-70,-70,-71,-71,-70,
-70,-69,-69,-69,-68,-68,-68,-68,
-68,-68,-68,-67,-67,-65,-64,-63,
-61,-59,-58,-56,-55,-54,-52,-51,
-50,-50,-49,-49,-49,-49,-50,-50,
-51,-52,-52,-51,-51,-49,-49,-48,
-49,-51,-55,-59,-62,-66,-68,-70,
-71,-72,-72,-72,-72,-72,-72,-72,
-73,-73,-73,-73,-73,-73,-72,-72,
-72,-71,-71,-71,-71,-72,-73,-74,
-77,-81,-86,-92,-99,-106,-110,-110,
-103,-85,-55,-14,35,85,127,152,
154,130,86,30,-23,-67,-93,-103,
-100,-91,-81,-75,-73,-74,-77,-79,
-81,-81,-80,-79,-78,-77,-77,-77,
-77,-77,-78,-78,-78,-78,-78,-78,
-78,-77,-77,-77,-76,-76,-76,-76,
-76,-76,-75,-74,-74,-73,-73,-73,
-74,-74,-75,-75,-75,-76,-76,-76,
-77,-77,-77,-77,-76,-76,-76,-75,
-75,-75,-75,-75,-74,-74,-73,-73,
-73,-73,-74,-74,-74,-75,-75,-75,
-76,-76,-77,-77,-78,-78,-79,-79,
-79,-80,-80,-80,-79,-79,-79,-78,
-77,-76,-75,-74,-72,-71,-70,-68,
-67,-66,-64,-62,-61,-59,-57,-56,
-56,-55,-55,-55,-55,-55,-55,-55,
-54,-54,-54,-53,-54,-54,-54,-55,
-55,-55,-55,-54,-54,-54,-54,-54,
-54,-55,-56,-56,-57,-57,-57,-57,
-57,-57,-57,-57,-58,-58,-58,-58,
-58,-58,-58,-58,-58,-58,-58,-58,
-59,-59,-60,-60,-60,-60,-60,-60,
-60,-60,-60,-60,-61,-61,-62,-62,
-62,-62,-61,-62,-62,-62,-63,-63,
-62,-62,-61,-60,-59,-59,-59,-59,
-59,-60,-60,-60,-60,-59,-59,-59,
-58,-58,-59,-59,-59,-58,-57,-55,
-53,-50,-48,-46,-45,-44,-43,-43,
-42,-41,-39,-38,-37,-36,-36,-35,
-35,-36,-37,-37,-39,-40,-40,-41,
-40,-39,-38,-37,-36,-36,-38,-40,
-44,-48,-51,-55,-57,-59,-60,-60,
-60,-60,-60,-60,-60,-60,-61,-61,
-61,-61,-61,-61,-61,-60,-60,-60,
-61,-64,-68,-73,-80,-87,-93,-96,
-97,-95,-89,-80,-67,-46,-17,20,
66,112,152,176,177,153,108,51,
-4,-50,-79,-91,-90,-81,-72,-64,
-61,-61,-63,-66,-68,-69,-70,-69,
-69,-68,-68,-68,-68,-69,-69,-69,
-68,-68,-67,-67,-66,-66,-66,-66,
-66,-67,-67,-68,-68,-68,-68,-68,
-68,-68,-68,-68,-67,-66,-66,-66,
-65,-66,-66,-66,-67,-67,-68,-68,
-68,-68,-68,-68,-68,-68,-68,-69,
-69,-69,-69,-68,-67,-66,-66,-65,
-65,-65,-65,-65,-66,-66,-66,-66,
-66,-67,-67,-67,-68,-68,-68,-68,
-68,-68,-67,-67,-66,-65,-64,-62,
-61,-59,-57,-55,-54,-52,-50,-49,
-48,-48,-47,-47,-47,-47,-47,-47,
-47,-47,-47,-47,-47,-47,-47,-47,
-47,-47,-48,-48,-48,-48,-48,-48,
-49,-49,-49,-50,-50,-51,-51,-52,
-52,-51,-51,-51,-51,-51,-52,-52,
-52,-52,-52,-52,-52,-52,-52,-53,
-53,-53,-53,-53,-52,-52,-52,-52,
-53,-54,-55,-56,-56,-56,-56,-56,
-56,-56,-56,-56,-56,-56,-56,-55,
-55,-54,-53,-53,-54,-54,-55,-55,
-55,-56,-56,-56,-55,-55,-55,-55,
-55,-55,-54,-54,-53,-53,-53,-53,
-54,-54,-54,-54,-54,-53,-52,-50,
-48,-47,-45,-43,-42,-40,-39,-38,
-36,-35,-34,-33,-33,-34,-35,-36,
-37,-37,-38,-38,-38,-37,-36,-35,
-34,-35,-36,-38,-41,-44,-46,-49,
-51,-53,-54,-55,-55,-56,-56,-56,
-56,-57,-58,-59,-59,-60,-60,-60,
-60,-60,-60,-60,-60,-60,-62,-64,
-67,-71,-77,-83,-90,-95,-97,-93,
-80,-56,-21,21,69,114,149,167,
164,140,99,50,0,-43,-75,-93,
-100,-98,-90,-82,-75,-70,-68,-67,
-68,-69,-70,-70,-70,-70,-69,-69,
-69,-69,-69,-69,-70,-70,-71,-71,
-71,-72,-71,-71,-71,-70,-70,-70,
-70,-70,-70,-70,-70,-71,-71,-71,
-71,-72,-72,-73,-73,-73,-72,-72,
-71,-70,-70,-70,-70,-70,-70,-70,
-70,-70,-69,-69,-70,-70,-70,-70,
-71,-71,-71,-71,-71,-70,-70,-69,
-69,-70,-71,-72,-72,-72,-72,-71,
-70,-69,-68,-68,-69,-70,-71,-73,
-74,-74,-75,-75,-74,-74,-73,-73,
-73,-73,-72,-72,-71,-71,-70,-69,
-68,-66,-64,-63,-61,-60,-59,-58,
-57,-57,-56,-55,-55,-55,-55,-54,
-54,-54,-54,-53,-54,-54,-55,-55,
-56,-56,-56,-56,-56,-55,-55,-54,
-55,-55,-56,-57,-58,-59,-59,-59,
-58,-58,-57,-57,-57,-58,-59,-59,
-60,-60,-60,-60,-59,-59,-59,-59,
-60,-61,-62,-62,-63,-63,-62,-62,
-62,-61,-61,-61,-61,-62,-62,-61,
-61,-61,-61,-62,-63,-63,-64,-65,
-65,-65,-65,-65,-64,-64,-64,-64,
-64,-64,-64,-63,-63,-63,-62,-62,
-62,-62,-62,-63,-63,-63,-63,-63,
-63,-62,-61,-60,-58,-56,-55,-53,
-53,-52,-52,-52,-52,-51,-50,-49,
-48,-47,-47,-47,-47,-47,-47,-46,
-46,-46,-46,-46,-47,-47,-48,-47,
-46,-46,-46,-46,-49,-52,-56,-60,
-63,-66,-67,-68,-68,-68,-68,-67,
-67,-67,-67,-68,-68,-68,-68,-68,
-69,-69,-69,-70,-70,-71,-71,-71,
-71,-72,-74,-76,-80,-86,-92,-99,
-104,-106,-101,-88,-65,-31,10,57,
103,140,162,165,148,113,69,21,
-22,-57,-81,-96,-102,-102,-99,-95,
-90,-86,-83,-82,-81,-81,-81,-82,
-82,-83,-83,-83,-82,-82,-81,-80,
-80,-79,-79,-79,-79,-78,-78,-78,
-79,-79,-79,-79,-80,-80,-81,-81,
-81,-81,-81,-81,-81,-81,-81,-81,
-81,-81,-81,-81,-81,-81,-81,-81,
-82,-81,-81,-81,-80,-80,-80,-80,
-80,-80,-80,-80,-80,-80,-79,-79,
-79,-79,-80,-81,-81,-82,-82,-82,
-81,-81,-81,-81,-81,-82,-83,-84,
-85,-86,-87,-88,-89,-89,-89,-89,
-89,-88,-88,-87,-86,-85,-84,-83,
-81,-79,-77,-75,-72,-69,-67,-65,
-64,-62,-61,-60,-59,-58,-58,-57,
-57,-57,-57,-57,-56,-56,-56,-55,
-55,-54,-54,-54,-54,-54,-54,-54,
-55,-55,-56,-56,-56,-56,-56,-56,
-55,-55,-55,-54,-54,-54,-54,-55,
-55,-56,-56,-56,-56,-57,-57,-57,
-58,-58,-58,-57,-57,-57,-57,-57,
-57,-57,-58,-58,-58,-58,-58,-57,
-57,-57,-57,-57,-58,-58,-58,-58,
-58,-58,-58,-57,-57,-57,-57,-57,
-57,-58,-58,-58,-58,-58,-58,-57,
-57,-56,-56,-55,-55,-55,-55,-55,
-56,-56,-56,-55,-55,-55,-54,-54,
-54,-55,-55,-55,-55,-53,-51,-49,
-47,-45,-43,-42,-41,-41,-40,-39,
-37,-36,-36,-36,-36,-36,-37,-37,
-38,-38,-39,-39,-40,-39,-38,-37,
-36,-35,-36,-38,-41,-45,-49,-52,
-55,-57,-59,-59,-59,-58,-57,-57,
-57,-58,-59,-60,-61,-61,-61,-61,
-60,-60,-60,-60,-59,-59,-60,-61,
-63,-66,-69,-73,-76,-80,-85,-89,
-94,-97,-98,-93,-81,-61,-30,10,
57,105,145,168,168,144,99,44,
-10,-54,-81,-91,-88,-79,-69,-63,
-60,-61,-64,-66,-68,-69,-69,-68,
-67,-66,-65,-66,-66,-66,-67,-67,
-67,-67,-67,-67,-67,-67,-68,-67,
-67,-67,-66,-66,-66,-66,-66,-66,
-66,-66,-66,-65,-65,-65,-65,-65,
-65,-64,-64,-64,-64,-64,-65,-65,
-65,-65,-65,-65,-65,-64,-64,-64,
-64,-64,-64,-64,-64,-64,-64,-64,
-65,-65,-65,-65,-64,-64,-64,-64,
-64,-64,-64,-65,-65,-66,-66,-66,
-66,-66,-66,-66,-66,-66,-66,-66,
-66,-66,-66,-66,-66,-65,-64,-63,
-62,-60,-58,-56,-54,-52,-50,-48,
-47,-45,-44,-43,-43,-43,-43,-43,
-43,-43,-43,-43,-43,-43,-43,-43,
-43,-43,-43,-43,-43,-43,-43,-43,
-43,-43,-43,-43,-43,-43,-43,-44,
-44,-44,-44,-45,-45,-45,-46,-46,
-47,-47,-47,-48,-49,-49,-50,-50,
-50,-50,-50,-50,-50,-49,-49,-50,
-50,-50,-50,-50,-49,-49,-49,-50,
-50,-51,-52,-52,-53,-53,-53,-53,
-52,-51,-50,-50,-50,-50,-50,-50,
-50,-50,-50,-50,-50,-50,-50,-50,
-50,-50,-50,-50,-50,-49,-49,-49,
-49,-50,-50,-50,-50,-49,-47,-45,
-43,-40,-38,-37,-36,-36,-36,-35,
-35,-34,-33,-31,-30,-28,-27,-26,
-26,-27,-27,-28,-29,-30,-31,-32,
-33,-34,-33,-33,-31,-30,-29,-29,
-30,-33,-36,-40,-44,-47,-49,-50,
-51,-51,-51,-51,-51,-51,-51,-51,
-51,-52,-52,-52,-52,-53,-53,-54,
-54,-55,-55,-55,-55,-55,-55,-57,
-60,-65,-72,-79,-86,-91,-92,-87,
-76,-58,-33,-3,30,65,100,134,
165,189,204,206,192,160,114,60,
6,-38,-69,-84,-86,-79,-69,-61,
-56,-55,-57,-59,-62,-63,-64,-64,
-63,-62,-62,-61,-61,-61,-62,-62,
-62,-62,-62,-62,-62,-62,-62,-62,
-62,-62,-62,-62,-62,-62,-62,-62,
-61,-61,-61,-60,-60,-59,-59,-58,
-58,-59,-59,-59,-60,-60,-61,-61,
-61,-61,-60,-60,-60,-60,-60,-60,
-60,-60,-60,-61,-61,-61,-61,-62,
-62,-62,-62,-61,-61,-61,-61,-60,
-60,-60,-60,-61,-61,-61,-61,-62,
-62,-62,-62,-62,-62,-61,-61,-59,
-58,-57,-55,-53,-52,-50,-48,-47,
-46,-45,-44,-43,-42,-42,-42,-42,
-43,-43,-44,-45,-45,-45,-45,-45,
-45,-45,-45,-45,-45,-45,-45,-45,
-45,-45,-45,-46,-46,-47,-47,-47,
-47,-47,-47,-47,-47,-47,-48,-49,
-50,-51,-51,-52,-52,-53,-53,-53,
-54,-54,-54,-54,-55,-55,-55,-56,
-56,-56,-56,-56,-56,-56,-56,-57,
-57,-58,-58,-59,-59,-59,-59,-59,
-58,-58,-58,-58,-58,-59,-59,-59,
-59,-59,-58,-58,-58,-57,-57,-57,
-56,-56,-57,-57,-58,-58,-58,-58,
-57,-55,-53,-51,-49,-48,-47,-47,
-47,-46,-45,-44,-42,-41,-40,-40,
-40,-40,-41,-42,-43,-44,-45,-46,
-46,-46,-45,-44,-43,-44,-46,-48,
-52,-56,-59,-63,-65,-66,-67,-66,
-66,-65,-64,-64,-65,-66,-67,-68,
-69,-69,-69,-69,-69,-68,-68,-68,
-69,-69,-69,-69,-70,-70,-71,-73,
-76,-81,-87,-94,-102,-108,-110,-103,
-86,-57,-16,31,80,118,138,135,
107,62,9,-39,-76,-97,-102,-97,
-88,-79,-74,-72,-74,-76,-78,-79,
-78,-78,-77,-76,-76,-77,-78,-78,
-79,-79,-78,-78,-78,-78,-78,-78,
-79,-79,-79,-79,-79,-78,-78,-78,
-78,-78,-79,-79,-79,-79,-79,-79,
-79,-79,-79,-79,-79,-79,-78,-78,
-77,-77,-77,-77,-77,-77,-78,-78,
-78,-79,-79,-78,-78,-78,-78,-79,
-79,-80,-80,-80,-80,-80,-80,-80,
-80,-80,-81,-82,-83,-83,-84,-84,
-85,-85,-85,-85,-85,-85,-85,-85,
-85,-84,-82,-80,-78,-75,-72,-70,
-68,-66,-65,-64,-62,-61,-60,-59,
-59,-58,-58,-58,-58,-57,-57,-57,
-57,-57,-58,-59,-60,-61,-61,-61,
-60,-60,-60,-60,-61,-61,-62,-63,
-63,-63,-63,-63,-63,-63,-63,-63,
-63,-63,-63,-63,-63,-64,-64,-65,
-65,-66,-66,-66,-67,-67,-67,-68,
-68,-68,-68,-68,-68,-67,-67,-67,
-67,-67,-68,-68,-69,-69,-69,-69,
-68,-68,-68,-68,-68,-68,-67,-67,
-67,-67,-67,-67,-67,-67,-67,-67,
-68,-68,-68,-68,-67,-66,-64,-62,
-61,-60,-59,-58,-56,-55,-53,-51,
-50,-49,-49,-49,-50,-50,-50,-51,
-50,-50,-51,-51,-51,-51,-50,-49,
-49,-50,-52,-56,-60,-64,-67,-70,
-71,-71,-71,-71,-71,-71,-72,-73,
-73,-73,-73,-73,-72,-72,-71,-71,
-70,-70,-70,-70,-70,-70,-70,-71,
-73,-76,-81,-88,-96,-105,-111,-112,
-104,-84,-50,-5,45,93,128,142,
130,94,44,-9,-55,-86,-100,-101,
-94,-85,-77,-74,-74,-76,-78,-80,
-81,-81,-80,-80,-79,-79,-79,-79,
-78,-78,-78,-78,-78,-78,-78,-78,
-78,-78,-78,-78,-78,-79,-79,-79,
-79,-79,-79,-79,-79,-79,-79,-79,
-79,-79,-79,-79,-79,-79,-79,-80,
-79,-79,-79,-78,-78,-78,-79,-79,
-79,-79,-79,-79,-79,-79,-79,-78,
-78,-78,-78,-78,-78,-79,-79,-79,
-80,-81,-81,-83,-84,-85,-85,-86,
-86,-86,-86,-85,-85,-85,-84,-84,
-84,-83,-82,-81,-80,-78,-77,-74,
-72,-70,-68,-66,-64,-62,-61,-59,
-58,-57,-56,-56,-56,-56,-56,-56,
-56,-56,-56,-55,-55,-54,-54,-54,
-54,-55,-55,-56,-57,-57,-58,-58,
-58,-57,-57,-57,-57,-57,-57,-58,
-58,-58,-59,-59,-59,-59,-59,-59,
-59,-59,-59,-60,-60,-60,-60,-61,
-61,-61,-62,-62,-63,-63,-63,-63,
-63,-63,-63,-63,-63,-63,-64,-64,
-65,-64,-64,-64,-63,-63,-63,-63,
-62,-62,-62,-62,-62,-62,-62,-63,
-64,-64,-65,-65,-65,-65,-64,-64,
-64,-63,-63,-63,-63,-63,-63,-61,
-60,-57,-55,-53,-51,-50,-49,-49,
-49,-49,-48,-47,-45,-44,-43,-42,
-42,-43,-44,-45,-47,-48,-48,-48,
-47,-45,-44,-42,-42,-42,-44,-47,
-50,-53,-57,-60,-62,-63,-65,-66,
-67,-67,-67,-67,-67,-68,-68,-68,
-69,-69,-69,-70,-70,-70,-70,-70,
-70,-70,-69,-68,-68,-69,-71,-75,
-80,-86,-94,-101,-107,-109,-105,-92,
-68,-32,13,64,113,149,166,157,
124,73,16,-37,-76,-99,-105,-99,
-89,-79,-72,-70,-71,-74,-77,-79,
-79,-79,-79,-79,-79,-79,-79,-79,
-79,-79,-79,-78,-78,-78,-79,-79,
-79,-79,-78,-78,-78,-77,-77,-77,
-77,-77,-77,-77,-77,-78,-78,-78,
-78,-78,-78,-78,-78,-78,-78,-78,
-78,-78,-78,-78,-78,-78,-78,-77,
-78,-78,-78,-79,-79,-79,-79,-79,
-78,-78,-77,-77,-77,-77,-77,-77,
-78,-78,-79,-79,-79,-80,-80,-80,
-80,-80,-80,-80,-80,-79,-79,-79,
-78,-78,-78,-78,-77,-77,-76,-75,
-74,-73,-72,-71,-70,-68,-67,-65,
-64,-63,-62,-62,-62,-61,-61,-60,
-59,-59,-59,-59,-59,-59,-58,-58,
-58,-57,-57,-57,-57,-57,-58,-58,
-59,-59,-60,-60,-60,-60,-61,-61,
-61,-61,-62,-62,-63,-64,-64,-65,
-65,-65,-64,-64,-64,-64,-64,-65,
-65,-65,-66,-67,-67,-68,-68,-68,
-69,-69,-69,-69,-69,-69,-69,-68,
-68,-67,-67,-67,-67,-67,-68,-68,
-68,-68,-68,-67,-67,-67,-67,-67,
-68,-68,-69,-69,-69,-70,-70,-70,
-70,-70,-70,-69,-68,-68,-67,-67,
-67,-67,-66,-65,-63,-62,-59,-58,
-56,-55,-55,-54,-53,-52,-51,-50,
-49,-48,-48,-48,-48,-49,-50,-51,
-52,-53,-54,-54,-53,-51,-49,-46,
-44,-44,-46,-49,-53,-58,-62,-66,
-69,-72,-73,-74,-74,-73,-73,-73,
-73,-74,-74,-75,-75,-75,-75,-75,
-74,-74,-75,-75,-75,-76,-77,-78,
-81,-84,-89,-95,-103,-110,-117,-119,
-113,-98,-70,-30,17,67,109,134,
135,113,70,17,-35,-76,-102,-112,
-110,-100,-90,-83,-79,-79,-80,-82,
-84,-85,-85,-85,-86,-86,-87,-87,
-87,-86,-86,-85,-85,-85,-84,-85,
-85,-85,-85,-85,-85,-85,-85,-86,
-86,-86,-86,-87,-87,-87,-87,-86,
-86,-86,-85,-85,-85,-85,-85,-85,
-85,-86,-85,-85,-85,-85,-85,-86,
-87,-88,-89,-90,-90,-90,-89,-87,
-86,-85,-84,-84,-84,-84,-84,-85,
-84,-84,-84,-84,-84,-84,-84,-84,
-84,-84,-84,-85,-86,-87,-88,-88,
-89,-89,-90,-90,-90,-90,-90,-91,
-91,-90,-89,-88,-86,-84,-83,-82,
-81,-80,-79,-78,-77,-76,-74,-73,
-71,-70,-69,-68,-68,-68,-69,-70,
-70,-71,-71,-70,-70,-69,-69,-69,
-69,-70,-71,-72,-73,-73,-72,-72,
-72,-71,-71,-70,-70,-70,-70,-71,
-71,-72,-72,-72,-73,-73,-73,-74,
-74,-74,-74,-75,-75,-75,-74,-74,
-74,-75,-76,-76,-77,-78,-78,-78,
-78,-77,-77,-77,-76,-76,-77,-77,
-77,-77,-77,-77,-77,-77,-78,-78,
-79,-79,-79,-79,-78,-78,-77,-77,
-77,-76,-77,-77,-77,-77,-77,-77,
-77,-77,-76,-75,-73,-71,-68,-66,
-65,-64,-63,-63,-62,-62,-61,-59,
-58,-57,-57,-57,-57,-58,-58,-59,
-59,-60,-61,-62,-62,-63,-63,-62,
-62,-61,-60,-60,-60,-62,-65,-68,
-71,-74,-77,-79,-80,-81,-82,-82,
-83,-84,-85,-85,-85,-85,-84,-84,
-84,-84,-84,-85,-85,-85,-84,-84,
-84,-84,-86,-89,-94,-100,-107,-114,
-120,-124,-126,-124,-118,-107,-91,-68,
-36,2,46,90,126,146,144,119,
75,21,-31,-74,-101,-112,-111,-104,
-95,-89,-87,-88,-90,-92,-94,-94,
-94,-93,-92,-91,-91,-90,-90,-90,
-91,-91,-91,-92,-92,-92,-92,-92,
-91,-91,-90,-90,-90,-90,-91,-91,
-92,-92,-92,-92,-92,-92,-91,-91,
-90,-90,-90,-89,-89,-89,-89,-89,
-89,-89,-89,-90,-90,-90,-90,-91,
-91,-91,-92,-92,-92,-91,-91,-90,
-90,-90,-90,-91,-92,-92,-93,-93,
-93,-94,-94,-94,-95,-96,-97,-98,
-98,-98,-98,-97,-97,-97,-98,-98,
-99,-99,-98,-97,-95,-93,-91,-88,
-86,-83,-81,-80,-78,-76,-74,-72,
-71,-70,-69,-68,-68,-67,-66,-65,
-64,-64,-63,-63,-63,-63,-64,-64,
-65,-65,-65,-65,-65,-65,-66,-66,
-66,-67,-67,-67,-67,-67,-66,-66,
-66,-66,-66,-66,-66,-67,-67,-68,
-68,-68,-69,-69,-70,-70,-71,-71,
-71,-72,-72,-72,-71,-71,-71,-71,
-71,-71,-71,-71,-71,-71,-71,-71,
-70,-70,-70,-70,-69,-69,-69,-69,
-68,-68,-67,-67,-67,-68,-68,-69,
-69,-69,-69,-69,-69,-69,-68,-68,
-68,-68,-68,-67,-67,-67,-67,-67,
-67,-67,-67,-66,-65,-64,-62,-60,
-59,-57,-56,-55,-54,-53,-52,-50,
-49,-47,-46,-45,-45,-46,-46,-47,
-48,-49,-50,-51,-51,-51,-50,-49,
-49,-49,-50,-52,-56,-59,-62,-65,
-67,-69,-70,-70,-70,-70,-70,-69,
-69,-69,-69,-69,-69,-69,-69,-70,
-70,-71,-71,-71,-72,-72,-71,-71,
-71,-72,-72,-74,-76,-80,-85,-91,
-97,-104,-109,-109,-102,-84,-53,-10,
40,92,136,162,163,138,91,33,
-22,-66,-93,-102,-98,-88,-78,-71,
-68,-69,-72,-75,-77,-77,-77,-77,
-76,-76,-76,-76,-77,-77,-78,-78,
-78,-78,-78,-78,-78,-78,-78,-78,
-78,-79,-79,-79,-79,-79,-78,-77,
-76,-76,-75,-75,-75,-76,-76,-77,
-77,-77,-77,-76,-76,-76,-76,-76,
-76,-76,-76,-76,-75,-75,-74,-74,
-74,-74,-74,-74,-74,-75,-75,-75,
-75,-75,-75,-76,-76,-76,-76,-77,
-77,-77,-77,-77,-77,-77,-77,-78,
-78,-78,-78,-78,-78,-78,-78,-78,
-78,-78,-79,-79,-78,-78,-77,-75,
-74,-72,-70,-68,-65,-63,-61,-58,
-56,-55,-53,-52,-51,-50,-49,-49,
-49,-49,-49,-49,-49,-49,-48,-48,
-48,-48,-49,-49,-49,-49,-49,-49,
-49,-49,-49,-49,-49,-49,-49,-49,
-49,-50,-50,-51,-52,-52,-52,-52,
-52,-53,-53,-53,-54,-54,-55,-55,
-56,-56,-56,-56,-56,-55,-55,-55,
-55,-55,-55,-56,-56,-57,-58,-58,
-58,-58,-58,-58,-58,-57,-57,-57,
-57,-57,-56,-56,-56,-56,-57,-57,
-57,-57,-57,-57,-57,-56,-56,-56,
-56,-56,-56,-56,-55,-55,-55,-55,
-55,-56,-56,-56,-57,-56,-56,-55,
-53,-51,-49,-47,-45,-44,-43,-42,
-40,-39,-38,-36,-35,-34,-33,-33,
-34,-34,-35,-37,-38,-40,-40,-40,
-39,-38,-36,-35,-34,-35,-38,-42,
-46,-50,-54,-56,-57,-57,-57,-57,
-56,-56,-56,-56,-56,-57,-57,-58,
-58,-58,-58,-59,-59,-60,-60,-61,
-62,-63,-63,-63,-63,-63,-63,-65,
-68,-73,-80,-88,-96,-101,-101,-91,
-69,-33,13,66,115,150,163,149,
111,58,2,-45,-76,-90,-89,-81,
-71,-63,-60,-60,-62,-64,-66,-66,
-66,-65,-65,-65,-65,-66,-66,-66,
-67,-67,-67,-68,-68,-68,-68,-68,
-67,-67,-67,-67,-67,-68,-68,-68,
-67,-67,-66,-66,-66,-65,-65,-65,
-65,-65,-65,-65,-65,-65,-66,-66,
-66,-66,-66,-67,-67,-66,-66,-66,
-66,-65,-65,-65,-65,-65,-65,-65,
-65,-66,-66,-66,-67,-68,-68,-69,
-70,-70,-70,-70,-70,-70,-70,-70,
-70,-70,-70,-70,-69,-69,-68,-68,
-68,-68,-68,-67,-67,-67,-66,-66,
-65,-63,-62,-60,-59,-57,-56,-54,
-53,-52,-52,-51,-51,-51,-50,-50,
-49,-48,-47,-46,-45,-44,-44,-45,
-46,-47,-48,-49,-50,-50,-49,-49,
-48,-48,-49,-49,-50,-51,-52,-52,
-52,-52,-52,-52,-51,-51,-51,-51,
-51,-52,-52,-52,-53,-53,-54,-54,
-54,-54,-54,-54,-54,-54,-54,-54,
-55,-55,-55,-55,-55,-55,-56,-56,
-56,-56,-56,-56,-55,-55,-55,-55,
-55,-56,-57,-57,-57,-57,-56,-56,
-56,-55,-55,-55,-55,-55,-55,-54,
-54,-53,-53,-53,-53,-53,-53,-53,
-52,-51,-50,-48,-46,-45,-44,-43,
-43,-42,-41,-39,-38,-36,-34,-33,
-33,-33,-34,-35,-37,-38,-38,-38,
-38,-38,-38,-39,-39,-39,-38,-37,
-36,-36,-37,-39,-43,-47,-51,-55,
-58,-60,-61,-61,-61,-61,-61,-62,
-62,-63,-63,-63,-63,-63,-62,-62,
-62,-63,-63,-64,-65,-65,-66,-67,
-68,-71,-75,-82,-90,-99,-106,-109,
-104,-88,-60,-19,29,79,121,146,
147,124,81,27,-24,-65,-90,-99,
-96,-87,-77,-70,-67,-68,-70,-73,
-74,-74,-74,-73,-73,-73,-74,-75,
-75,-75,-75,-74,-73,-73,-72,-72,
-73,-73,-73,-74,-74,-74,-74,-74,
-74,-73,-73,-72,-72,-72,-73,-73,
-74,-74,-75,-75,-75,-74,-74,-73,
-73,-72,-72,-72,-72,-72,-72,-73,
-73,-73,-73,-72,-72,-72,-71,-71,
-71,-71,-72,-73,-73,-74,-74,-75,
-75,-76,-76,-77,-77,-76,-76,-76,
-76,-76,-77,-77,-78,-79,-79,-79,
-79,-80,-80,-81,-81,-81,-80,-79,
-77,-75,-73,-71,-70,-69,-68,-67,
-67,-66,-65,-64,-63,-61,-60,-59,
-59,-59,-60,-61,-61,-62,-62,-62,
-62,-62,-62,-62,-62,-62,-62,-62,
-62,-62,-62,-62,-62,-62,-62,-63,
-63,-64,-65,-65,-66,-66,-66,-66,
-66,-66,-66,-67,-67,-68,-68,-69,
-69,-69,-69,-69,-70,-71,-72,-72,
-73,-73,-73,-72,-72,-72,-72,-73,
-73,-73,-73,-73,-72,-72,-72,-72,
-72,-73,-74,-75,-75,-75,-74,-74,
-73,-72,-72,-72,-73,-73,-73,-73,
-73,-73,-72,-71,-70,-70,-69,-68,
-67,-66,-65,-63,-62,-61,-61,-60,
-59,-59,-58,-57,-56,-55,-55,-54,
-54,-54,-54,-54,-55,-56,-56,-57,
-56,-56,-55,-55,-56,-58,-61,-65,
-69,-72,-75,-78,-79,-80,-80,-80,
-80,-79,-79,-78,-78,-78,-78,-78,
-78,-79,-79,-80,-80,-80,-80,-80,
-80,-79,-79,-79,-80,-81,-82,-85,
-89,-94,-100,-108,-114,-117,-113,-99,
-72,-33,14,65,109,138,142,122,
80,26,-28,-73,-102,-115,-114,-107,
-97,-90,-86,-85,-86,-88,-89,-90,
-89,-88,-87,-87,-86,-86,-86,-86,
-87,-87,-87,-87,-87,-87,-87,-87,
-88,-88,-88,-88,-88,-88,-88,-88,
-88,-89,-89,-89,-89,-89,-89,-88,
-88,-87,-87,-87,-87,-88,-88,-89,
-89,-90,-90,-89,-89,-89,-88,-88,
-87,-87,-87,-87,-88,-88,-88,-88,
-88,-89,-89,-90,-90,-91,-91,-91,
-92,-93,-94,-96,-97,-98,-99,-99,
-100,-99,-99,-99,-99,-98,-98,-97,
-95,-94,-92,-91,-89,-87,-86,-84,
-83,-81,-80,-78,-76,-74,-72,-71,
-69,-68,-68,-67,-67,-67,-67,-66,
-66,-65,-64,-64,-63,-63,-64,-64,
-65,-66,-67,-67,-67,-67,-67,-67,
-67,-66,-66,-66,-66,-66,-67,-67,
-67,-67,-67,-67,-67,-67,-68,-68,
-69,-69,-69,-70,-70,-70,-70,-70,
-70,-69,-69,-69,-69,-69,-69,-69,
-70,-70,-70,-69,-69,-69,-69,-69,
-69,-69,-69,-68,-68,-68,-68,-67,
-67,-67,-67,-67,-67,-67,-67,-66,
-66,-66,-67,-66,-66,-65,-63,-61,
-59,-57,-55,-54,-53,-52,-51,-50,
-49,-47,-46,-45,-44,-44,-44,-45,
-46,-47,-47,-48,-48,-49,-49,-49,
-48,-48,-47,-45,-45,-45,-47,-50,
-53,-57,-60,-62,-64,-65,-66,-66,
-66,-66,-66,-67,-67,-68,-68,-68,
-68,-68,-68,-69,-69,-69,-69,-69,
-69,-68,-69,-71,-74,-79,-86,-93,
-100,-104,-105,-100,-90,-74,-54,-30,
0,33,71,111,150,183,202,203,
183,141,86,25,-29,-69,-92,-98,
-94,-84,-75,-70,-69,-71,-73,-76,
-78,-78,-78,-78,-77,-77,-77,-78,
-79,-79,-79,-80,-80,-80,-79,-79,
-79,-79,-78,-78,-78,-78,-78,-79,
-79,-78,-78,-77,-76,-75,-75,-75,
-76,-76,-77,-77,-77,-77,-76,-76,
-76,-76,-76,-77,-77,-77,-77,-77,
-77,-78,-78,-78,-78,-78,-77,-77,
-77,-77,-77,-77,-78,-78,-78,-79,
-79,-80,-80,-81,-81,-81,-81,-81,
-81,-81,-80,-80,-80,-79,-79,-78,
-76,-75,-74,-72,-71,-69,-67,-65,
-64,-62,-61,-60,-59,-58,-58,-58,
-58,-58,-58,-57,-57,-56,-56,-55,
-55,-55,-55,-56,-56,-57,-57,-58,
-58,-58,-59,-59,-59,-59,-59,-59,
-59,-59,-60,-60,-60,-60,-60,-60,
-60,-60,-61,-61,-61,-61,-62,-62,
-62,-63,-63,-64,-64,-64,-65,-65,
-65,-65,-65,-65,-65,-65,-66,-66,
-66,-67,-67,-67,-67,-67,-67,-67,
-67,-66,-66,-66,-66,-66,-66,-66,
-67,-67,-66,-66,-66,-65,-65,-65,
-65,-66,-66,-67,-67,-66,-65,-63,
-61,-58,-56,-54,-52,-51,-50,-49,
-49,-48,-47,-46,-45,-44,-44,-44,
-45,-46,-46,-47,-48,-48,-49,-49,
-50,-50,-49,-48,-47,-46,-45,-46,
-48,-51,-55,-59,-62,-65,-67,-68,
-69,-69,-69,-69,-69,-70,-70,-71,
-71,-72,-72,-73,-73,-73,-72,-72,
-72,-71,-71,-73,-75,-79,-85,-92,
-100,-108,-112,-110,-98,-75,-38,9,
63,114,151,166,155,118,64,4,
-48,-85,-104,-107,-99,-88,-78,-73,
-71,-73,-76,-78,-79,-79,-79,-78,
-78,-79,-79,-80,-80,-81,-81,-80,
-80,-80,-80,-80,-80,-80,-80,-80,
-80,-79,-78,-78,-78,-77,-77,-77,
-77,-77,-77,-77,-76,-76,-77,-77,
-78,-78,-78,-78,-78,-77,-77,-78,
-78,-78,-78,-78,-78,-78,-78,-77,
-77,-77,-77,-77,-77,-77,-77,-77,
-77,-77,-77,-77,-78,-78,-78,-78,
-79,-79,-79,-80,-80,-81,-81,-81,
-81,-81,-81,-80,-80,-79,-79,-78,
-78,-77,-76,-75,-73,-72,-71,-69,
-67,-66,-65,-63,-62,-61,-61,-60,
-60,-60,-60,-59,-59,-59,-58,-58,
-58,-58,-58,-58,-58,-58,-59,-58,
-58,-58,-57,-57,-58,-58,-59,-60,
-60,-61,-61,-62,-62,-62,-62,-62,
-62,-62,-62,-61,-61,-61,-61,-62,
-62,-62,-62,-62,-62,-63,-63,-63,
-64,-64,-64,-65,-65,-66,-66,-66,
-66,-66,-66,-66,-66,-66,-66,-66,
-66,-66,-66,-66,-66,-66,-66,-66,
-66,-66,-66,-66,-66,-66,-67,-67,
-67,-66,-66,-65,-64,-64,-63,-63,
-63,-64,-64,-64,-65,-65,-65,-65,
-64,-63,-62,-61,-59,-57,-56,-55,
-54,-53,-53,-52,-50,-48,-46,-43,
-42,-41,-41,-42,-43,-44,-45,-46,
-46,-47,-47,-47,-47,-46,-44,-43,
-42,-42,-43,-46,-49,-52,-55,-58,
-60,-61,-63,-64,-66,-67,-68,-68,
-68,-68,-68,-68,-69,-70,-71,-71,
-72,-73,-73,-73,-72,-72,-72,-71,
-71,-71,-72,-74,-77,-81,-85,-91,
-98,-104,-110,-112,-108,-96,-73,-39,
4,52,98,132,147,140,109,63,
10,-38,-75,-96,-102,-98,-88,-79,
-73,-71,-73,-75,-77,-79,-79,-78,
-78,-77,-77,-78,-78,-79,-80,-80,
-80,-80,-80,-80,-80,-80,-80,-80,
-80,-80,-80,-80,-80,-80,-80,-79,
-79,-79,-79,-79,-79,-79,-79,-79,
-79,-80,-80,-81,-81,-81,-80,-80,
-79,-79,-78,-78,-78,-78,-78,-77,
-77,-77,-77,-77,-77,-76,-76,-75,
-74,-72,-71,-70,-69,-68,-67,-66,
-65,-64,-62,-60,-58,-56,-55,-54,
-54,-55,-56,-56,-56,-55,-54,-53,
-52,-53,-54,-57,-60,-63,-67,-70,
-72,-75,-77,-79,-80,-80,-79,-78,
-77,-76,-75,-74,-74,-73,-73,-72,
-71,-70,-69,-68,-68,-68,-68,-67,
-67,-68,-68,-68,-69,-70,-71,-71,
-72,-72,-72,-71,-70,-70,-69,-69,
-69,-70,-70,-71,-71,-72,-72,-72,
-72,-72,-72,-72,-72,-71,-72,-72,
-72,-72,-72,-72,-71,-71,-71,-71,
-72,-73,-75,-78,-81,-84,-86,-85,
-78,-63,-36,1,48,99,145,176,
184,165,121,62,0,-53,-88,-104,
-103,-93,-80,-71,-66,-66,-68,-70,
-72,-73,-73,-72,-71,-71,-71,-71,
-72,-72,-72,-72,-71,-71,-71,-72,
-72,-72,-73,-73,-73,-73,-73,-73,
-73,-72,-72,-72,-71,-71,-71,-70,
-70,-69,-69,-68,-68,-68,-68,-68,
-68,-68,-68,-68,-69,-69,-69,-70,
-70,-71,-70,-70,-70,-69,-68,-68,
-68,-68,-68,-68,-68,-68,-67,-67,
-67,-67,-67,-68,-69,-70,-72,-73,
-75,-76,-77,-78,-78,-78,-79,-79,
-80,-81,-82,-83,-84,-84,-84,-84,
-83,-83,-82,-81,-80,-79,-77,-76,
-75,-75,-74,-74,-73,-73,-72,-71,
-70,-69,-69,-68,-68,-67,-67,-67,
-67,-67,-67,-67,-67,-66,-66,-66,
-66,-66,-66,-66,-67,-67,-66,-66,
-66,-66,-66,-66,-66,-66,-66,-66,
-66,-66,-66,-66,-66,-66,-66,-66,
-67,-67,-67,-67,-67,-67,-67,-66,
-66,-67,-67,-67,-68,-68,-69,-69,
-68,-67,-67,-66,-66,-66,-66,-66,
-67,-67,-68,-68,-68,-68,-68,-68,
-68,-68,-68,-67,-67,-67,-67,-67,
-67,-67,-67,-67,-67,-67,-67,-67,
-66,-66,-66,-66,-66,-66,-66,-66,
-66,-66,-66,-66,-66,-66,-67,-67,
-67,-67,-66,-66,-65,-65,-65,-65,
-65,-65,-65,-65,-64,-64,-64,-64,
-64,-65,-66,-66,-66,-66,-65,-64,
-64,-64,-64,-64,-64,-63,-62,-60,
-58,-57,-55,-54,-52,-51,-51,-50,
-50,-50,-49,-48,-48,-47,-46,-46,
-45,-45,-45,-45,-45,-46,-46,-47,
-47,-47,-47,-46,-46,-45,-44,-43,
-44,-45,-48,-51,-55,-58,-61,-63,
-64,-64,-65,-65,-65,-64,-64,-64,
-64,-64,-64,-65,-65,-66,-66,-66,
-65,-64,-63,-62,-62,-62,-62,-64,
-66,-69,-72,-76,-81,-86,-91,-96,
-100,-102,-98,-87,-65,-31,12,62,
110,147,164,157,124,75,18,-33,
-72,-93,-98,-92,-81,-72,-66,-65,
-66,-69,-72,-74,-75,-75,-75,-74,
-74,-74,-74,-74,-74,-74,-74,-73,
-73,-72,-72,-72,-72,-72,-72,-73,
-73,-73,-73,-73,-72,-71,-71,-71,
-72,-72,-73,-74,-74,-74,-74,-73,
-73,-72,-72,-71,-71,-71,-71,-71,
-71,-71,-72,-72,-71,-71,-71,-72,
-73,-74,-74,-75,-75,-74,-74,-73,
-72,-71,-71,-72,-72,-73,-74,-75,
-76,-77,-79,-80,-81,-81,-82,-83,
-83,-83,-83,-82,-82,-81,-80,-79,
-78,-77,-76,-74,-72,-69,-67,-64,
-61,-59,-57,-55,-54,-53,-53,-52,
-51,-50,-49,-49,-48,-48,-48,-48,
-49,-49,-49,-49,-49,-49,-48,-48,
-48,-48,-48,-48,-49,-49,-49,-50,
-50,-50,-51,-51,-51,-51,-52,-52,
-52,-52,-52,-51,-51,-51,-52,-52,
-53,-54,-55,-56,-56,-56,-56,-56,
-56,-56,-57,-57,-57,-57,-57,-58,
-58,-58,-58,-59,-59,-59,-58,-58,
-58,-59,-59,-60,-61,-61,-62,-62,
-62,-62,-62,-62,-62,-62,-62,-62,
-62,-62,-62,-62,-62,-62,-61,-60,
-60,-59,-59,-59,-59,-60,-60,-60,
-61,-61,-61,-62,-61,-61,-60,-59,
-57,-55,-53,-51,-50,-49,-49,-48,
-48,-47,-45,-44,-42,-40,-39,-38,
-39,-39,-41,-42,-42,-43,-43,-43,
-43,-44,-44,-45,-45,-44,-43,-42,
-42,-43,-45,-48,-52,-55,-58,-61,
-63,-64,-65,-65,-65,-65,-65,-65,
-65,-65,-65,-65,-66,-66,-66,-67,
-68,-68,-68,-68,-68,-68,-68,-70,
-73,-79,-86,-93,-100,-105,-107,-104,
-96,-83,-66,-43,-14,21,62,105,
145,174,185,174,141,91,33,-21,
-64,-91,-102,-101,-92,-83,-75,-72,
-72,-74,-76,-78,-80,-80,-80,-79,
-78,-78,-77,-77,-77,-78,-78,-78,
-78,-78,-78,-78,-78,-78,-78,-78,
-78,-78,-79,-79,-79,-79,-79,-79,
-79,-78,-78,-78,-77,-77,-77,-77,
-77,-77,-77,-77,-77,-77,-77,-76,
-76,-76,-77,-77,-78,-79,-79,-79,
-79,-78,-78,-77,-77,-77,-77,-78,
-78,-78,-78,-78,-78,-78,-78,-79,
-79,-79,-79,-80,-80,-81,-81,-81,
-82,-82,-82,-81,-81,-80,-79,-78,
-76,-74,-71,-69,-67,-65,-63,-62,
-60,-59,-59,-59,-59,-59,-60,-60,
-60,-60,-59,-59,-59,-59,-59,-59,
-59,-59,-58,-58,-58,-58,-58,-58,
-59,-59,-59,-59,-60,-60,-61,-61,
-62,-62,-63,-63,-63,-63,-63,-64,
-64,-65,-65,-66,-66,-66,-67,-66,
-66,-66,-67,-67,-69,-70,-71,-72,
-73,-73,-73,-73,-72,-72,-71,-71,
-70,-69,-69,-69,-69,-69,-70,-70,
-70,-70,-70,-70,-71,-71,-72,-72,
-72,-72,-71,-70,-70,-70,-70,-70,
-71,-71,-71,-71,-71,-70,-70,-69,
-68,-68,-68,-68,-69,-69,-69,-68,
-67,-65,-63,-60,-58,-57,-56,-55,
-54,-53,-51,-50,-48,-47,-47,-47,
-47,-48,-49,-50,-51,-52,-52,-53,
-53,-54,-54,-54,-53,-52,-51,-50,
-50,-51,-54,-57,-61,-65,-68,-70,
-72,-73,-73,-73,-73,-73,-74,-74,
-75,-75,-76,-76,-77,-77,-77,-77,
-77,-77,-77,-77,-78,-79,-82,-86,
-92,-99,-106,-112,-118,-121,-120,-116,
-106,-90,-65,-30,11,58,102,135,
150,141,110,61,6,-43,-82,-103,
-110,-105,-96,-88,-82,-80,-81,-83,
-85,-87,-88,-88,-88,-88,-89,-89,
-90,-90,-90,-90,-90,-89,-89,-89,
-88,-88,-88,-88,-88,-87,-87,-86,
-86,-86,-87,-87,-88,-88,-88,-88,
-88,-88,-89,-89,-90,-90,-91,-91,
-91,-91,-90,-90,-90,-90,-89,-89,
-89,-88,-88,-87,-87,-87,-87,-87,
-87,-87,-88,-88,-89,-89,-90,-90,
-91,-91,-92,-93,-94,-95,-96,-96,
-97,-97,-97,-97,-97,-97,-97,-97,
-96,-96,-94,-93,-91,-89,-87,-85,
-83,-81,-80,-78,-78,-77,-76,-75,
-74,-73,-72,-71,-71,-70,-71,-71,
-72,-73,-73,-74,-73,-73,-73,-72,
-72,-72,-72,-73,-74,-75,-76,-77,
-78,-77,-77,-76,-76,-76,-76,-76,
-76,-77,-77,-76,-76,-76,-77,-78,
-79,-80,-81,-82,-83,-83,-83,-83,
-84,-84,-84,-84,-84,-83,-82,-81,
-81,-81,-81,-82,-82,-82,-82,-82,
-82,-82,-82,-83,-83,-84,-84,-84,
-84,-84,-84,-83,-83,-82,-82,-81,
-81,-81,-81,-82,-82,-83,-84,-84,
-83,-82,-81,-79,-77,-74,-72,-70,
-69,-68,-67,-66,-65,-64,-64,-64,
-64,-64,-65,-65,-65,-65,-65,-67,
-68,-70,-72,-72,-71,-69,-66,-64,
-64,-65,-68,-72,-76,-80,-82,-84,
-85,-86,-86,-87,-87,-88,-88,-89,
-89,-89,-90,-90,-90,-91,-92,-92,
-93,-93,-93,-92,-92,-91,-91,-92,
-94,-97,-102,-108,-116,-123,-128,-127,
-118,-97,-64,-19,31,81,122,144,
142,115,69,13,-40,-84,-112,-124,
-123,-115,-106,-99,-95,-94,-95,-97,
-98,-99,-99,-99,-99,-100,-100,-100,
-100,-100,-100,-100,-100,-99,-99,-100,
-100,-100,-99,-99,-99,-98,-98,-98,
-98,-98,-99,-99,-99,-99,-99,-99,
-99,-99,-99,-99,-99,-99,-99,-98,
-98,-97,-96,-96,-96,-96,-96,-96,
-96,-97,-97,-97,-97,-97,-97,-97,
-97,-97,-97,-97,-97,-98,-98,-98,
-98,-98,-97,-96,-96,-96,-97,-98,
-100,-101,-102,-103,-103,-103,-104,-104,
-105,-106,-106,-106,-105,-103,-101,-99,
-96,-94,-91,-89,-86,-84,-81,-79,
-76,-74,-73,-71,-70,-70,-69,-69,
-69,-69,-69,-69,-69,-69,-69,-69,
-69,-69,-70,-69,-69,-69,-69,-69,
-69,-69,-69,-69,-68,-68,-68,-68,
-68,-68,-68,-68,-68,-69,-69,-70,
-70,-71,-71,-71,-71,-71,-71,-72,
-72,-72,-73,-73,-73,-73,-73,-73,
-73,-73,-73,-73,-73,-73,-73,-73,
-73,-74,-74,-75,-76,-76,-76,-76,
-75,-74,-74,-73,-72,-72,-72,-72,
-72,-72,-73,-73,-74,-73,-73,-72,
-71,-70,-69,-68,-68,-68,-68,-69,
-69,-69,-70,-69,-69,-68,-67,-65,
-63,-61,-59,-58,-56,-55,-54,-53,
-52,-50,-49,-48,-48,-48,-48,-49,
-49,-50,-51,-52,-53,-54,-54,-53,
-52,-51,-50,-50,-51,-53,-56,-59,
-63,-65,-67,-69,-69,-70,-70,-71,
-71,-71,-72,-72,-72,-72,-72,-71,
-71,-71,-71,-72,-72,-73,-74,-74,
-74,-74,-74,-74,-74,-74,-75,-78,
-81,-87,-94,-102,-109,-112,-107,-92,
-64,-23,28,83,131,164,172,153,
110,53,-5,-54,-87,-100,-100,-91,
-81,-73,-71,-72,-75,-79,-81,-81,
-81,-80,-79,-79,-79,-80,-80,-80,
-80,-80,-79,-79,-78,-78,-78,-77,
-77,-77,-76,-76,-77,-77,-77,-78,
-78,-78,-78,-78,-78,-78,-78,-78,
-78,-78,-77,-77,-77,-76,-76,-76,
-76,-77,-77,-77,-77,-77,-77,-77,
-76,-76,-76,-76,-77,-77,-77,-77,
-77,-77,-77,-77,-77,-77,-77,-78,
-78,-78,-78,-78,-78,-78,-77,-77,
-77,-77,-77,-76,-76,-77,-77,-77,
-77,-78,-78,-78,-78,-78,-77,-76,
-75,-74,-72,-70,-68,-66,-64,-62,
-60,-59,-58,-57,-56,-55,-55,-55,
-55,-55,-55,-55,-55,-54,-54,-54,
-55,-55,-55,-55,-56,-56,-55,-55,
-55,-55,-56,-56,-57,-57,-57,-58,
-58,-58,-58,-58,-59,-59,-59,-59,
-60,-60,-60,-60,-60,-61,-61,-61,
-62,-62,-62,-63,-63,-63,-62,-62,
-63,-63,-63,-63,-63,-63,-64,-64,
-64,-64,-64,-65,-65,-65,-64,-64,
-64,-64,-63,-63,-62,-61,-60,-60,
-60,-60,-60,-59,-59,-59,-59,-59,
-59,-59,-60,-60,-61,-61,-61,-61,
-60,-60,-59,-58,-56,-54,-52,-50,
-48,-47,-46,-44,-43,-41,-40,-38,
-37,-36,-36,-37,-39,-41,-42,-43,
-44,-44,-43,-42,-40,-39,-39,-40,
-43,-47,-50,-54,-57,-59,-60,-61,
-61,-61,-61,-62,-62,-63,-63,-63,
-64,-64,-64,-65,-65,-65,-65,-65,
-65,-64,-64,-63,-64,-64,-67,-70,
-73,-78,-82,-87,-93,-98,-103,-107,
-108,-106,-98,-83,-59,-26,16,64,
111,148,167,162,132,84,28,-24,
-64,-87,-93,-88,-78,-69,-63,-61,
-63,-66,-69,-70,-70,-70,-69,-69,
-69,-69,-70,-71,-71,-72,-72,-71,
-71,-70,-69,-68,-68,-68,-68,-68,
-68,-68,-68,-68,-68,-67,-67,-67,
-67,-67,-68,-68,-68,-69,-69,-69,
-68,-68,-68,-68,-68,-68,-68,-68,
-67,-67,-67,-67,-66,-66,-65,-65,
-65,-65,-65,-65,-65,-65,-65,-65,
-65,-65,-65,-65,-65,-66,-66,-67,
-67,-67,-68,-68,-68,-68,-69,-69,
-69,-69,-69,-69,-69,-70,-70,-70,
-69,-69,-68,-67,-65,-64,-62,-61,
-59,-58,-56,-54,-53,-52,-51,-51,
-50,-50,-50,-49,-49,-48,-47,-47,
-47,-48,-48,-49,-49,-50,-50,-50,
-50,-50,-50,-50,-50,-50,-50,-50,
-51,-51,-52,-52,-52,-52,-52,-52,
-51,-51,-51,-52,-53,-53,-54,-55,
-56,-57,-57,-58,-59,-60,-61,-61,
-61,-61,-61,-60,-60,-60,-60,-60,
-60,-60,-59,-59,-59,-59,-60,-60,
-61,-62,-63,-63,-63,-63,-63,-62,
-62,-62,-62,-61,-60,-60,-59,-58,
-58,-59,-59,-59,-59,-59,-58,-58,
-57,-57,-57,-57,-57,-55,-54,-52,
-51,-50,-48,-47,-46,-45,-44,-42,
-41,-40,-38,-37,-36,-36,-36,-36,
-37,-38,-38,-39,-40,-41,-42,-43,
-43,-43,-43,-42,-42,-43,-45,-47,
-51,-54,-57,-60,-62,-63,-64,-64,
-63,-63,-62,-62,-62,-63,-63,-63,
-63,-63,-64,-65,-65,-66,-66,-66,
-66,-66,-67,-69,-71,-74,-76,-79,
-82,-86,-92,-97,-102,-102,-97,-83,
-58,-22,22,71,115,147,158,146,
112,62,9,-38,-73,-92,-97,-92,
-84,-76,-71,-70,-71,-73,-75,-76,
-76,-75,-75,-74,-73,-72,-72,-72,
-72,-73,-73,-73,-74,-75,-75,-75,
-75,-75,-74,-74,-73,-73,-73,-73,
-73,-73,-74,-74,-74,-74,-74,-74,
-74,-73,-72,-72,-71,-71,-71,-71,
-72,-73,-74,-75,-75,-75,-74,-73,
-73,-72,-72,-72,-72,-72,-73,-73,
-73,-73,-74,-74,-74,-74,-74,-74,
-73,-73,-73,-74,-76,-78,-79,-81,
-82,-83,-83,-83,-82,-82,-82,-82,
-82,-82,-82,-83,-84,-84,-84,-83,
-81,-79,-76,-74,-71,-70,-68,-67,
-66,-65,-64,-62,-61,-59,-57,-56,
-55,-54,-54,-55,-55,-55,-55,-55,
-55,-55,-55,-55,-55,-55,-55,-55,
-55,-55,-55,-55,-54,-54,-54,-54,
-54,-55,-55,-56,-57,-57,-57,-56,
-56,-56,-56,-57,-57,-58,-59,-59,
-59,-59,-59,-59,-59,-59,-59,-59,
-60,-60,-61,-62,-62,-63,-63,-62,
-62,-61,-61,-61,-61,-61,-61,-61,
-62,-62,-62,-62,-62,-62,-62,-62,
-62,-62,-62,-62,-62,-62,-62,-62,
-62,-61,-61,-61,-61,-60,-60,-60,
-60,-61,-61,-61,-62,-62,-62,-62,
-62,-62,-61,-59,-58,-56,-54,-53,
-51,-50,-49,-49,-48,-46,-45,-43,
-42,-40,-39,-38,-37,-37,-38,-39,
-40,-41,-41,-42,-42,-42,-42,-41,
-40,-40,-40,-42,-44,-47,-50,-53,
-56,-58,-59,-59,-60,-60,-60,-60,
-60,-60,-61,-61,-61,-61,-61,-60,
-60,-60,-61,-61,-62,-62,-62,-63,
-63,-63,-62,-62,-62,-63,-65,-67,
-71,-76,-83,-89,-95,-98,-95,-85,
-64,-33,8,56,104,144,167,167,
143,100,46,-6,-49,-77,-89,-88,
-80,-70,-63,-60,-60,-62,-64,-65,
-66,-66,-66,-66,-65,-65,-65,-65,
-65,-66,-66,-66,-66,-66,-66,-66,
-66,-65,-65,-64,-64,-64,-63,-63,
-63,-64,-64,-65,-65,-65,-65,-65,
-65,-64,-64,-64,-64,-64,-64,-64,
-63,-63,-63,-63,-63,-63,-62,-63,
-63,-63,-63,-64,-64,-64,-64,-64,
-64,-64,-65,-65,-65,-65,-65,-65,
-65,-65,-65,-66,-66,-66,-67,-67,
-68,-68,-69,-69,-70,-70,-70,-70,
-71,-71,-72,-72,-73,-73,-73,-74,
-74,-74,-73,-72,-71,-70,-68,-66,
-65,-63,-61,-59,-57,-55,-54,-52,
-51,-50,-50,-49,-48,-47,-47,-46,
-46,-45,-45,-44,-44,-44,-45,-45,
-45,-46,-46,-47,-47,-47,-47,-47,
-47,-47,-48,-48,-48,-48,-48,-48,
-49,-48,-48,-48,-48,-47,-47,-48,
-48,-48,-48,-48,-49,-49,-49,-50,
-51,-52,-53,-53,-53,-53,-53,-53,
-53,-53,-53,-54,-54,-55,-55,-54,
-54,-54,-54,-54,-54,-54,-54,-54,
-54,-54,-54,-54,-54,-54,-54,-55,
-55,-55,-56,-56,-57,-57,-57,-57,
-57,-57,-57,-57,-57,-57,-57,-57,
-57,-56,-56,-56,-55,-55,-54,-54,
-54,-54,-54,-55,-55,-55,-54,-52,
-50,-47,-45,-44,-43,-42,-42,-41,
-41,-40,-39,-38,-37,-36,-35,-34,
-33,-32,-33,-33,-35,-36,-37,-39,
-39,-39,-38,-37,-36,-35,-35,-37,
-40,-43,-47,-50,-52,-55,-56,-58,
-59,-60,-60,-61,-61,-61,-62,-62,
-62,-63,-63,-63,-63,-63,-63,-63,
-62,-62,-62,-62,-63,-65,-67,-71,
-76,-82,-88,-94,-99,-101,-99,-91,
-76,-51,-16,27,77,127,169,195,
199,178,135,79,20,-31,-68,-87,
-91,-85,-76,-68,-63,-63,-65,-68,
-71,-72,-72,-72,-72,-71,-71,-72,
-72,-72,-73,-73,-72,-72,-71,-71,
-71,-71,-71,-71,-72,-72,-71,-71,
-71,-71,-71,-72,-72,-72,-72,-72,
-72,-72,-72,-72,-71,-71,-71,-71,
-70,-70,-70,-70,-70,-70,-70,-70,
-70,-70,-71,-71,-71,-72,-72,-72,
-71,-71,-71,-71,-71,-71,-72,-72,
-73,-72,-72,-72,-71,-71,-71,-72,
-72,-73,-73,-74,-74,-74,-75,-75,
-75,-75,-74,-74,-73,-72,-71,-70,
-68,-67,-65,-63,-61,-59,-57,-55,
-54,-52,-51,-51,-50,-50,-50,-51,
-51,-51,-51,-51,-52,-52,-52,-52,
-52,-52,-52,-52,-52,-52,-52,-52,
-52,-52,-52,-53,-53,-53,-53,-53,
-54,-54,-54,-54,-54,-55,-55,-55,
-56,-56,-56,-56,-57,-57,-57,-57,
-57,-58,-58,-57,-57,-57,-57,-57,
-57,-58,-58,-59,-60,-60,-60,-60,
-60,-60,-60,-60,-60,-61,-61,-61,
-61,-60,-60,-59,-59,-59,-59,-59,
-60,-60,-60,-60,-60,-59,-59,-59,
-59,-59,-59,-59,-59,-59,-58,-58,
-58,-58,-58,-58,-58,-58,-58,-57,
-55,-54,-52,-50,-48,-47,-46,-44,
-43,-41,-40,-38,-37,-36,-36,-36,
-37,-38,-39,-40,-41,-42,-42,-41,
-40,-39,-38,-38,-39,-41,-44,-48,
-52,-55,-58,-60,-61,-62,-62,-62,
-62,-62,-62,-62,-63,-63,-63,-63,
-64,-64,-64,-64,-65,-65,-65,-65,
-65,-65,-65,-66,-67,-69,-72,-78,
-85,-94,-102,-107,-106,-94,-70,-33,
14,65,113,145,155,138,99,46,
-8,-53,-83,-95,-94,-85,-75,-67,
-63,-64,-66,-69,-71,-72,-73,-73,
-72,-72,-72,-72,-72,-72,-73,-73,
-73,-73,-73,-73,-73,-73,-73,-72,
-71,-70,-69,-70,-70,-71,-71,-72,
-72,-72,-72,-72,-72,-72,-72,-72,
-72,-72,-72,-72,-73,-73,-73,-73,
-73,-72,-71,-70,-69,-68,-68,-68,
-68,-69,-70,-71,-71,-72,-72,-73,
-73,-73,-73,-73,-73,-73,-73,-74,
-74,-75,-75,-75,-75,-75,-74,-74,
-74,-74,-74,-74,-74,-74,-74,-73,
-72,-71,-69,-68,-66,-64,-63,-62,
-62,-61,-61,-60,-58,-57,-56,-55,
-54,-55,-56,-56,-57,-58,-58,-59,
-59,-60,-60,-61,-61,-61,-60,-60,
-59,-59,-60,-60,-61,-62,-62,-62,
-63,-63,-63,-63,-64,-64,-64,-64,
-64,-65,-65,-66,-67,-68,-68,-68,
-67,-67,-66,-66,-66,-67,-67,-68,
-68,-69,-69,-69,-68,-68,-68,-68,
-68,-69,-70,-70,-71,-71,-70,-69,
-69,-68,-68,-68,-68,-68,-69,-69,
-70,-69,-69,-69,-68,-68,-68,-69,
-69,-70,-69,-69,-67,-65,-63,-61,
-60,-59,-58,-57,-55,-54,-53,-51,
-49,-48,-47,-46,-46,-46,-46,-47,
-48,-49,-51,-53,-54,-54,-54,-53,
-52,-52,-52,-54,-56,-60,-64,-67,
-69,-71,-72,-72,-73,-73,-73,-73,
-74,-74,-74,-74,-75,-75,-76,-76,
-76,-76,-76,-76,-76,-76,-77,-77,
-77,-78,-80,-83,-87,-93,-101,-108,
-114,-114,-106,-86,-53,-9,42,93,
132,151,144,111,60,3,-48,-85,
-105,-108,-102,-92,-83,-78,-77,-79,
-81,-82,-83,-82,-81,-81,-80,-80,
-81,-81,-82,-82,-83,-82,-82,-82,
-82,-82,-82,-82,-82,-83,-83,-83,
-83,-82,-82,-81,-81,-81,-81,-82,
-82,-82,-83,-83,-83,-83,-82,-82,
-82,-81,-81,-81,-82,-82,-82,-82,
-82,-81,-81,-80,-80,-80,-79,-79,
-79,-79,-80,-81,-82,-83,-84,-84,
-85,-85,-86,-87,-88,-89,-90,-91,
-92,-92,-92,-92,-92,-92,-93,-93,
-93,-92,-91,-89,-87,-85,-82,-79,
-77,-75,-73,-72,-71,-69,-68,-67,
-66,-65,-64,-63,-63,-62,-62,-62,
-62,-62,-62,-62,-62,-62,-61,-61,
-60,-59,-59,-58,-58,-59,-59,-60,
-60,-61,-61,-62,-62,-63,-63,-63,
-63,-63,-63,-63,-63,-63,-63,-63,
-64,-64,-64,-64,-64,-64,-63,-63,
-63,-63,-63,-64,-65,-66,-66,-66,
-66,-65,-65,-65,-65,-65,-66,-66,
-66,-66,-65,-65,-64,-63,-63,-62,
-62,-61,-61,-61,-61,-62,-63,-63,
-63,-63,-63,-62,-62,-61,-61,-61,
-61,-61,-61,-61,-61,-61,-61,-60,
-59,-58,-56,-54,-52,-50,-49,-47,
-46,-45,-44,-43,-42,-41,-42,-42,
-43,-43,-44,-44,-44,-45,-45,-45,
-44,-43,-42,-40,-40,-40,-42,-45,
-49,-52,-56,-58,-59,-60,-60,-61,
-61,-62,-63,-63,-64,-65,-66,-66,
-66,-66,-65,-65,-65,-65,-66,-66,
-67,-67,-66,-67,-68,-70,-73,-77,
-83,-90,-98,-105,-109,-105,-92,-65,
-25,25,79,127,159,165,145,101,
44,-12,-58,-86,-96,-92,-82,-72,
-66,-64,-65,-68,-72,-74,-74,-74,
-73,-72,-72,-72,-72,-72,-72,-72,
-72,-71,-71,-70,-70,-70,-70,-70,
-71,-71,-71,-72,-72,-72,-72,-72,
-72,-72,-71,-71,-71,-70,-70,-69,
-69,-69,-69,-69,-70,-70,-70,-70,
-71,-71,-71,-71,-71,-70,-70,-70,
-70,-70,-70,-70,-70,-70,-70,-70,
-70,-70,-71,-71,-72,-73,-74,-74,
-75,-76,-76,-76,-76,-76,-76,-76,
-76,-75,-75,-73,-72,-70,-68,-67,
-65,-63,-61,-59,-57,-56,-55,-54,
-53,-52,-51,-50,-50,-49,-49,-49,
-49,-49,-49,-49,-49,-49,-49,-50,
-50,-50,-50,-50,-51,-50,-50,-50,
-50,-50,-51,-51,-51,-51,-51,-51,
-51,-51,-51,-52,-52,-53,-53,-54,
-55,-55,-56,-56,-56,-55,-55,-55,
-55,-56,-56,-56,-57,-57,-58,-58,
-58,-58,-58,-59,-59,-59,-60,-60,
-60,-60,-59,-59,-59,-59,-59,-59,
-58,-58,-59,-59,-59,-59,-60,-59,
-59,-58,-57,-57,-56,-56,-56,-56,
-56,-56,-56,-56,-56,-56,-57,-57,
-57,-57,-56,-55,-54,-52,-50,-48,
-46,-45,-43,-42,-40,-39,-37,-35,
-34,-33,-33,-33,-34,-35,-36,-37,
-38,-39,-39,-39,-38,-37,-36,-35,
-35,-37,-39,-43,-46,-50,-53,-56,
-57,-59,-59,-60,-60,-60,-60,-60,
-60,-60,-61,-61,-61,-62,-62,-62,
-63,-63,-63,-64,-64,-64,-64,-63,
-63,-63,-64,-66,-70,-75,-82,-90,
-98,-105,-105,-98,-78,-45,0,53,
106,148,171,167,137,87,28,-26,
-66,-89,-94,-88,-77,-67,-61,-60,
-62,-65,-68,-71,-72,-72,-71,-71,
-70,-70,-71,-71,-71,-71,-71,-70,
-70,-70,-70,-70,-70,-69,-69,-69,
-68,-68,-67,-67,-67,-68,-68,-69,
-69,-69,-70,-70,-70,-70,-70,-70,
-70,-69,-69,-68,-68,-68,-68,-68,
-68,-68,-68,-68,-67,-67,-67,-67,
-67,-67,-66,-66,-66,-67,-67,-67,
-67,-67,-68,-68,-69,-69,-69,-69,
-69,-69,-69,-69,-68,-68,-68,-69,
-69,-69,-69,-70,-70,-70,-70,-69,
-68,-67,-65,-64,-62,-61,-59,-58,
-56,-55,-54,-53,-51,-50,-50,-49,
-48,-48,-47,-46,-46,-46,-46,-46,
-46,-47,-47,-47,-48,-48,-48,-48,
-48,-48,-49,-49,-49,-50,-50,-50,
-49,-49,-49,-49,-50,-50,-50,-50,
-50,-50,-50,-50,-50,-50,-50,-51,
-52,-53,-54,-54,-55,-56,-56,-57,
-57,-57,-57,-57,-58,-58,-58,-58,
-57,-57,-57,-57,-57,-57,-57,-57,
-56,-56,-56,-56,-56,-56,-57,-57,
-58,-58,-58,-58,-58,-58,-58,-58,
-58,-58,-59,-59,-60,-60,-59,-59,
-58,-57,-57,-56,-56,-56,-56,-56,
-56,-56,-55,-55,-53,-52,-50,-48,
-46,-45,-45,-44,-43,-42,-41,-40,
-38,-37,-36,-35,-35,-36,-36,-37,
-38,-39,-39,-39,-39,-38,-37,-35,
-33,-33,-34,-36,-39,-43,-47,-51,
-53,-56,-57,-58,-58,-59,-59,-60,
-60,-61,-62,-63,-64,-65,-65,-64,
-64,-63,-63,-63,-63,-63,-62,-62,
-62,-62,-62,-63,-65,-67,-71,-76,
-82,-90,-97,-104,-107,-105,-93,-71,
-36,8,58,105,139,153,143,110,
61,7,-40,-75,-93,-97,-91,-82,
-74,-69,-67,-68,-70,-71,-72,-72,
-72,-72,-71,-72,-72,-73,-74,-75,
-75,-75,-76,-75,-75,-75,-74,-74,
-74,-74,-74,-74,-74,-75,-75,-75,
-74,-74,-75,-75,-75,-76,-76,-76,
-77,-77,-76,-76,-76,-76,-77,-77,
-77,-76,-76,-76,-76,-75,-75,-75,
-76,-76,-77,-78,-78,-78,-77,-77,
-77,-77,-78,-78,-78,-78,-77,-77,
-76,-76,-76,-77,-78,-79,-79,-80,
-80,-80,-79,-79,-80,-80,-80,-81,
-81,-82,-82,-82,-82,-81,-81,-81,
-80,-79,-78,-77,-76,-75,-74,-73,
-72,-71,-69,-68,-67,-65,-64,-63,
-63,-62,-62,-62,-62,-61,-61,-60,
-60,-59,-58,-58,-58,-59,-59,-59,
-60,-60,-61,-62,-62,-63,-63,-63,
-63,-63,-62,-62,-62,-62,-62,-63,
-63,-64,-65,-66,-66,-67,-67,-67,
-67,-67,-67,-67,-67,-67,-68,-68,
-68,-68,-68,-69,-69,-69,-70,-70,
-71,-71,-70,-70,-70,-71,-71,-71,
-71,-71,-71,-70,-69,-69,-69,-69,
-69,-70,-70,-70,-70,-70,-71,-71,
-72,-72,-71,-70,-70,-69,-69,-69,
-69,-70,-69,-69,-68,-67,-65,-63,
-61,-60,-58,-57,-57,-56,-55,-54,
-53,-51,-50,-50,-49,-49,-50,-50,
-51,-51,-52,-52,-52,-53,-53,-54,
-55,-56,-56,-56,-54,-53,-52,-53,
-54,-57,-61,-65,-68,-71,-72,-73,
-74,-74,-75,-76,-77,-78,-78,-78,
-77,-77,-77,-77,-77,-78,-78,-78,
-78,-78,-78,-78,-78,-80,-81,-84,
-88,-92,-98,-104,-110,-115,-116,-112,
-101,-80,-49,-8,38,86,126,150,
152,130,89,36,-17,-63,-94,-109,
-110,-103,-93,-85,-81,-80,-81,-84,
-86,-88,-88,-87,-86,-85,-85,-84,
-84,-84,-84,-84,-84,-85,-85,-85,
-85,-85,-85,-85,-84,-84,-84,-83,
-83,-83,-82,-83,-83,-83,-84,-84,
-85,-85,-86,-86,-86,-86,-86,-86,
-85,-85,-85,-85,-85,-85,-86,-86,
-86,-86,-86,-85,-84,-83,-83,-83,
-83,-83,-84,-85,-86,-87,-87,-88,
-88,-88,-88,-88,-88,-88,-89,-90,
-91,-92,-93,-93,-94,-94,-94,-95,
-95,-95,-95,-96,-96,-97,-97,-97,
-97,-96,-95,-93,-91,-89,-87,-85,
-84,-82,-81,-80,-78,-77,-76,-75,
-73,-71,-69,-67,-66,-64,-63,-62,
-62,-62,-61,-62,-62,-62,-62,-62,
-63,-63,-63,-63,-63,-63,-63,-64,
-64,-64,-63,-63,-63,-63,-63,-63,
-63,-64,-64,-64,-65,-65,-65,-66,
-66,-67,-67,-67,-67,-67,-67,-67,
-67,-67,-67,-66,-66,-65,-65,-65,
-65,-65,-66,-66,-66,-65,-65,-65,
-66,-66,-67,-68,-68,-68,-68,-68,
-67,-67,-66,-66,-66,-66,-66,-67,
-67,-67,-67,-66,-66,-65,-65,-64,
-64,-64,-64,-64,-64,-64,-64,-65,
-65,-65,-65,-65,-64,-62,-60,-57,
-55,-53,-52,-51,-50,-49,-48,-46,
-45,-43,-42,-41,-41,-41,-43,-44,
-46,-48,-49,-50,-49,-48,-47,-45,
-44,-43,-44,-47,-50,-54,-58,-61,
-63,-64,-65,-66,-66,-66,-67,-67,
-67,-68,-68,-68,-69,-69,-70,-71,
-72,-72,-72,-72,-71,-70,-70,-69,
-69,-69,-69,-71,-73,-77,-83,-90,
-98,-105,-110,-109,-101,-81,-49,-5,
46,99,143,168,168,142,93,34,
-23,-68,-95,-103,-99,-88,-78,-71,
-68,-70,-73,-76,-78,-79,-79,-79,
-78,-77,-77,-77,-77,-77,-77,-77,
-77,-77,-77,-76,-76,-76,-76,-76,
-76,-76,-76,-76,-76,-76,-76,-76,
-76,-76,-76,-76,-76,-76,-76,-76,
-76,-76,-76,-76,-76,-76,-76,-76,
-76,-75,-75,-74,-74,-74,-74,-74,
-74,-74,-74,-74,-74,-74,-74,-74,
-75,-75,-75,-75,-75,-75,-75,-75,
-75,-76,-76,-76,-77,-77,-77,-77,
-76,-76,-76,-76,-77,-77,-78,-78,
-79,-79,-79,-78,-77,-76,-75,-74,
-72,-71,-69,-68,-67,-66,-64,-63,
-62,-60,-58,-57,-55,-54,-53,-53,
-53,-53,-53,-53,-53,-53,-53,-53,
-53,-54,-54,-54,-55,-55,-55,-55,
-55,-55,-56,-56,-57,-57,-57,-57,
-57,-57,-57,-57,-57,-57,-58,-58,
-58,-59,-59,-60,-60,-61,-61,-61,
-61,-61,-61,-61,-61,-62,-63,-63,
-63,-63,-63,-62,-62,-62,-62,-62,
-62,-62,-62,-62,-62,-63,-63,-64,
-65,-65,-65,-65,-64,-64,-64,-65,
-65,-65,-65,-65,-65,-65,-65,-64,
-64,-63,-63,-63,-62,-62,-62,-62,
-62,-62,-61,-62,-62,-62,-63,-63,
-64,-64,-64,-63,-61,-59,-57,-54,
-53,-51,-51,-50,-50,-49,-47,-45,
-43,-41,-40,-39,-40,-40,-42,-43,
-44,-45,-46,-47,-47,-47,-45,-44,
-42,-42,-43,-45,-48,-52,-55,-59,
-61,-63,-64,-65,-66,-66,-66,-65,
-65,-66,-66,-66,-66,-66,-66,-66,
-66,-66,-67,-67,-68,-68,-68,-68,
-68,-68,-68,-68,-69,-71,-75,-80,
-86,-93,-101,-107,-109,-106,-95,-73,
-40,3,54,105,148,172,173,148,
102,44,-13,-59,-88,-100,-98,-90,
-80,-73,-70,-70,-72,-75,-77,-77,
-77,-77,-76,-75,-74,-74,-75,-75,
-75,-75,-75,-75,-75,-74,-74,-74,
-74,-74,-75,-75,-75,-75,-75,-74,
-74,-74,-74,-74,-75,-75,-75,-75,
-75,-74,-74,-74,-73,-73,-73,-73,
-73,-73,-74,-74,-75,-75,-75,-76,
-75,-75,-75,-75,-74,-74,-74,-74,
-74,-74,-74,-73,-73,-73,-73,-73,
-73,-73,-73,-74,-74,-75,-76,-76,
-77,-77,-77,-77,-77,-77,-77,-77,
-77,-77,-77,-77,-76,-75,-73,-71,
-69,-67,-65,-64,-63,-62,-61,-60,
-60,-59,-58,-58,-58,-57,-57,-57,
-56,-56,-56,-56,-56,-55,-55,-55,
-55,-55,-55,-55,-55,-55,-55,-55,
-56,-56,-57,-58,-58,-58,-58,-58,
-58,-58,-58,-59,-59,-60,-60,-61,
-61,-61,-61,-61,-61,-61,-61,-61,
-62,-62,-62,-63,-63,-64,-65,-65,
-66,-66,-67,-66,-66,-65,-65,-64,
-64,-64,-64,-64,-64,-64,-64,-64,
-63,-63,-63,-63,-63,-63,-64,-64,
-64,-64,-64,-64,-64,-64,-63,-63,
-63,-63,-63,-62,-62,-62,-62,-62,
-62,-62,-62,-62,-62,-62,-62,-62,
-61,-60,-58,-56,-55,-53,-52,-51,
-50,-49,-48,-46,-44,-42,-41,-41,
-41,-42,-43,-44,-45,-46,-46,-45,
-44,-42,-41,-41,-42,-45,-49,-54,
-58,-62,-65,-66,-67,-67,-66,-67,
-67,-68,-69,-70,-71,-71,-70,-70,
-70,-70,-70,-71,-71,-72,-72,-72,
-73,-73,-75,-78,-82,-87,-95,-104,
-112,-117,-114,-101,-74,-33,16,69,
114,141,143,119,74,19,-33,-74,
-98,-104,-100,-90,-80,-74,-73,-75,
-78,-81,-82,-82,-81,-80,-79,-78,
-78,-78,-78,-79,-79,-79,-80,-80,
-80,-81,-80,-80,-79,-79,-79,-79,
-79,-80,-80,-81,-81,-82,-82,-81,
-81,-80,-79,-79,-79,-79,-79,-79,
-80,-80,-80,-80,-80,-80,-80,-80,
-80,-80,-80,-79,-79,-79,-78,-78,
-78,-77,-77,-77,-77,-77,-77,-77,
-77,-77,-77,-77,-78,-78,-79,-80,
-81,-82,-83,-83,-84,-84,-84,-84,
-84,-84,-83,-83,-82,-81,-81,-80,
-80,-79,-78,-76,-74,-72,-70,-68,
-67,-66,-64,-63,-62,-61,-60,-60,
-59,-59,-59,-60,-60,-60,-60,-60,
-60,-60,-61,-61,-62,-63,-63,-64,
-65,-65,-65,-64,-64,-64,-63,-63,
-62,-62,-62,-62,-63,-63,-64,-64,
-64,-64,-64,-64,-64,-64,-65,-66,
-67,-68,-68,-69,-69,-69,-68,-68,
-68,-68,-68,-69,-69,-69,-69,-69,
-69,-70,-70,-70,-69,-69,-68,-67,
-66,-66,-67,-68,-69,-69,-69,-69,
-69,-69,-69,-69,-69,-69,-69,-70,
-70,-70,-71,-71,-71,-70,-68,-65,
-62,-59,-57,-55,-54,-54,-54,-53,
-52,-51,-50,-49,-48,-47,-47,-47,
-47,-48,-49,-49,-50,-50,-50,-50,
-49,-48,-48,-48,-50,-53,-56,-60,
-63,-66,-68,-70,-71,-71,-71,-71,
-71,-72,-72,-73,-74,-74,-75,-75,
-75,-76,-76,-76,-75,-74,-73,-73,
-72,-73,-75,-79,-86,-94,-103,-111,
-115,-113,-99,-72,-32,17,71,117,
147,152,131,87,31,-24,-68,-96,
-106,-103,-94,-84,-77,-75,-75,-78,
-80,-81,-81,-81,-80,-80,-79,-80,
-80,-80,-81,-81,-81,-81,-81,-80,
-80,-80,-80,-79,-79,-79,-79,-80,
-80,-81,-81,-82,-82,-81,-81,-81,
-81,-81,-81,-81,-80,-80,-80,-79,
-78,-78,-77,-78,-78,-79,-80,-80,
-81,-80,-80,-79,-78,-77,-77,-76,
-76,-77,-77,-78,-79,-80,-81,-82,
-83,-84,-84,-85,-85,-85,-86,-86,
-86,-86,-87,-87,-87,-87,-87,-87,
-87,-87,-86,-85,-84,-83,-81,-79,
-76,-74,-71,-69,-67,-65,-64,-62,
-61,-60,-59,-58,-57,-56,-55,-54,
-54,-53,-53,-53,-53,-53,-53,-53,
-52,-52,-51,-51,-51,-52,-52,-53,
-54,-55,-55,-55,-55,-55,-55,-55,
-55,-54,-55,-55,-55,-56,-56,-57,
-57,-57,-57,-56,-56,-56,-56,-55,
-55,-55,-56,-56,-56,-56,-57,-57,
-57,-57,-57,-56,-56,-57,-58,-58,
-59,-59,-59,-59,-58,-57,-57,-56,
-56,-56,-56,-56,-57,-57,-57,-57,
-57,-57,-57,-57,-56,-56,-56,-56,
-56,-56,-56,-55,-55,-54,-54,-54,
-54,-54,-53,-52,-50,-49,-47,-45,
-43,-43,-42,-41,-40,-39,-37,-36,
-34,-33,-32,-33,-34,-34,-35,-35,
-35,-34,-34,-34,-34,-34,-34,-33,
-32,-31,-32,-33,-36,-40,-44,-48,
-51,-54,-55,-56,-57,-57,-57,-57,
-57,-57,-57,-57,-57,-57,-57,-58,
-58,-58,-57,-57,-57,-57,-58,-60,
-64,-69,-75,-83,-90,-96,-97,-90,
-74,-45,-5,45,99,151,189,208,
202,171,121,62,3,-45,-79,-96,
-98,-92,-81,-71,-64,-61,-60,-61,
-63,-64,-65,-65,-65,-64,-64,-64,
-64,-64,-63,-63,-63,-63,-63,-63,
-63,-63,-63,-63,-64,-64,-65,-65,
-66,-65,-65,-64,-63,-62,-62,-61,
-61,-61,-61,-61,-60,-60,-61,-61,
-62,-63,-63,-63,-63,-62,-62,-62,
-62,-62,-63,-63,-63,-63,-63,-62,
-62,-61,-61,-60,-60,-60,-60,-61,
-61,-62,-63,-64,-64,-65,-65,-65,
-65,-65,-64,-64,-64,-64,-65,-65,
-65,-65,-65,-65,-65,-64,-63,-61,
-59,-57,-55,-53,-51,-50,-49,-48,
-47,-46,-46,-45,-43,-42,-41,-40,
-40,-40,-41,-41,-42,-42,-42,-42,
-42,-43,-43,-43,-43,-43,-43,-43,
-43,-44,-44,-44,-44,-44,-44,-44,
-44,-44,-45,-45,-45,-46,-46,-46,
-46,-47,-47,-48,-48,-49,-50,-51,
-52,-52,-52,-52,-52,-52,-52,-52,
-53,-53,-53,-53,-53,-53,-53,-53,
-53,-53,-53,-54,-54,-55,-55,-55,
-55,-55,-56,-56,-56,-56,-56,-56,
-56,-56,-56,-55,-55,-54,-54,-54,
-54,-54,-54,-55,-55,-55,-55,-55,
-55,-55,-55,-55,-55,-55,-54,-53,
-52,-50,-47,-45,-43,-42,-42,-41,
-41,-41,-40,-38,-37,-35,-34,-33,
-34,-34,-36,-37,-38,-39,-39,-39,
-39,-38,-36,-35,-34,-34,-35,-38,
-41,-45,-48,-51,-54,-56,-57,-58,
-59,-60,-61,-61,-61,-61,-61,-61,
-61,-61,-61,-60,-60,-61,-61,-62,
-62,-63,-63,-64,-64,-65,-67,-70,
-74,-80,-89,-97,-105,-108,-104,-89,
-61,-20,30,84,131,159,163,139,
93,35,-20,-63,-89,-97,-93,-82,
-73,-67,-65,-67,-70,-73,-75,-75,
-75,-74,-73,-72,-71,-71,-71,-71,
-70,-70,-69,-69,-69,-70,-70,-70,
-70,-71,-71,-71,-71,-72,-72,-72,
-73,-72,-72,-72,-71,-71,-71,-70,
-70,-70,-70,-70,-71,-71,-71,-71,
-71,-71,-70,-70,-69,-69,-68,-68,
-68,-68,-69,-69,-69,-69,-69,-69,
-69,-69,-69,-69,-70,-71,-71,-72,
-72,-71,-71,-70,-70,-70,-69,-69,
-70,-70,-70,-70,-71,-71,-72,-72,
-73,-73,-73,-73,-72,-72,-71,-70,
-69,-68,-67,-65,-64,-62,-60,-59,
-57,-55,-54,-53,-52,-52,-51,-51,
-51,-51,-51,-52,-52,-52,-53,-53,
-54,-54,-54,-54,-54,-54,-54,-54,
-55,-55,-54,-54,-53,-53,-54,-54,
-55,-56,-56,-56,-56,-55,-55,-54,
-54,-54,-55,-56,-58,-59,-60,-60,
-60,-60,-60,-60,-60,-61,-61,-61,
-60,-60,-60,-60,-60,-60,-61,-62,
-63,-64,-64,-64,-65,-65,-65,-65,
-66,-66,-67,-67,-68,-68,-67,-67,
-66,-65,-64,-64,-64,-64,-64,-65,
-66,-66,-66,-66,-66,-65,-65,-64,
-64,-65,-66,-67,-68,-69,-69,-68,
-66,-64,-62,-59,-57,-55,-53,-53,
-53,-53,-52,-52,-51,-50,-49,-48,
-48,-47,-47,-47,-48,-48,-49,-49,
-50,-51,-52,-52,-53,-52,-51,-50,
-49,-49,-50,-52,-55,-58,-62,-65,
-68,-70,-71,-72,-73,-74,-74,-74,
-74,-73,-73,-73,-74,-74,-75,-75,
-75,-76,-76,-77,-77,-77,-77,-76,
-75,-74,-73,-74,-75,-78,-83,-88,
-95,-102,-110,-116,-119,-116,-104,-81,
-47,-2,46,94,130,146,139,108,
61,7,-43,-81,-102,-109,-105,-96,
-88,-82,-80,-81,-83,-85,-86,-86,
-86,-86,-86,-86,-86,-86,-86,-86,
-86,-86,-85,-85,-85,-85,-85,-85,
-84,-84,-83,-83,-83,-84,-85,-86,
-87,-87,-88,-88,-88,-88,-88,-88,
-88,-88,-89,-89,-89,-89,-88,-88,
-87,-86,-86,-86,-86,-86,-86,-86,
-86,-86,-86,-87,-87,-87,-88,-88,
-88,-88,-88,-88,-87,-87,-87,-87,
-87,-88,-89,-90,-91,-92,-93,-93,
-94,-94,-95,-95,-95,-95,-96,-96,
-97,-98,-99,-100,-100,-100,-99,-97,
-96,-94,-92,-90,-88,-86,-85,-83,
-81,-80,-78,-77,-75,-73,-72,-71,
-70,-69,-69,-69,-69,-69,-70,-70,
-70,-71,-72,-72,-73,-73,-73,-73,
-72,-72,-72,-72,-71,-71,-71,-71,
-71,-71,-71,-72,-73,-73,-74,-74,
-74,-74,-73,-73,-73,-74,-74,-75,
-76,-76,-76,-77,-77,-77,-77,-78,
-78,-79,-79,-79,-78,-78,-77,-77,
-77,-77,-77,-77,-77,-77,-77,-77,
-77,-78,-79,-80,-81,-81,-81,-80,
-80,-80,-80,-80,-81,-81,-81,-80,
-80,-79,-79,-78,-78,-78,-78,-78,
-78,-79,-79,-79,-79,-79,-79,-78,
-77,-77,-77,-77,-77,-78,-78,-78,
-77,-75,-73,-71,-70,-68,-67,-66,
-65,-64,-63,-62,-61,-60,-59,-59,
-59,-60,-61,-61,-62,-62,-63,-64,
-64,-65,-64,-64,-62,-61,-61,-61,
-64,-67,-70,-74,-77,-79,-80,-80,
-80,-80,-80,-80,-81,-82,-83,-83,
-84,-84,-85,-85,-85,-84,-84,-84,
-84,-83,-83,-84,-85,-87,-91,-94,
-97,-99,-100,-100,-100,-102,-106,-111,
-116,-120,-122,-119,-108,-88,-57,-16,
32,81,123,147,148,124,79,23,
-31,-75,-103,-113,-111,-102,-92,-85,
-81,-81,-83,-86,-88,-89,-89,-88,
-88,-87,-87,-87,-87,-87,-86,-86,
-86,-85,-85,-85,-85,-85,-85,-84,
-84,-84,-84,-84,-84,-85,-85,-86,
-86,-87,-86,-86,-85,-85,-84,-84,
-83,-83,-83,-83,-83,-83,-83,-83,
-83,-82,-82,-82,-81,-81,-80,-80,
-79,-79,-79,-80,-80,-80,-81,-82,
-82,-83,-83,-84,-84,-85,-85,-86,
-86,-86,-87,-87,-88,-88,-89,-90,
-90,-91,-92,-92,-92,-92,-92,-92,
-91,-90,-89,-87,-85,-83,-80,-78,
-75,-73,-71,-70,-68,-67,-66,-64,
-63,-63,-62,-62,-61,-61,-60,-60,
-60,-60,-59,-60,-60,-60,-60,-60,
-60,-61,-61,-61,-61,-60,-60,-60,
-59,-59,-60,-60,-60,-60,-60,-60,
-61,-61,-61,-62,-63,-63,-63,-63,
-63,-63,-63,-63,-62,-62,-63,-63,
-64,-64,-65,-65,-65,-65,-64,-64,
-64,-64,-64,-64,-64,-65,-65,-65,
-66,-66,-67,-67,-67,-67,-67,-66,
-66,-67,-67,-68,-68,-68,-67,-66,
-66,-65,-64,-64,-64,-65,-65,-66,
-66,-66,-66,-66,-65,-65,-65,-65,
-65,-64,-64,-64,-64,-63,-63,-62,
-60,-58,-56,-54,-51,-50,-49,-49,
-48,-47,-46,-45,-43,-42,-41,-41,
-41,-42,-43,-44,-45,-46,-47,-47,
-47,-46,-45,-43,-42,-42,-43,-46,
-49,-53,-57,-60,-63,-64,-66,-66,
-66,-66,-67,-67,-67,-68,-68,-69,
-69,-69,-69,-69,-69,-69,-68,-68,
-68,-68,-69,-71,-74,-78,-84,-91,
-99,-107,-113,-116,-116,-112,-103,-91,
-73,-49,-16,25,73,122,166,194,
200,181,138,80,17,-36,-74,-94,
-97,-90,-79,-71,-67,-67,-70,-74,
-77,-78,-79,-79,-78,-78,-78,-77,
-77,-77,-77,-77,-77,-76,-76,-75,
-74,-74,-74,-74,-74,-75,-75,-76,
-76,-75,-75,-75,-74,-74,-74,-74,
-74,-74,-74,-73,-73,-73,-73,-73,
-73,-73,-73,-73,-72,-72,-71,-71,
-71,-71,-71,-71,-71,-71,-71,-71,
-71,-71,-71,-71,-72,-72,-72,-72,
-72,-72,-72,-72,-72,-72,-72,-73,
-73,-73,-73,-73,-73,-73,-73,-73,
-73,-74,-73,-73,-72,-71,-69,-68,
-66,-65,-64,-63,-62,-61,-59,-57,
-55,-53,-52,-51,-50,-50,-51,-51,
-51,-51,-51,-51,-51,-52,-52,-52,
-53,-53,-53,-53,-53,-53,-52,-52,
-52,-52,-52,-53,-53,-53,-53,-53,
-53,-54,-54,-54,-54,-55,-55,-56,
-56,-57,-57,-58,-58,-58,-58,-58,
-58,-58,-58,-58,-59,-59,-59,-59,
-59,-58,-58,-58,-57,-57,-58,-58,
-59,-60,-60,-61,-61,-60,-60,-60,
-59,-59,-59,-59,-59,-59,-59,-59,
-58,-57,-57,-56,-56,-56,-56,-57,
-57,-58,-58,-58,-57,-56,-54,-52,
-50,-48,-46,-45,-44,-44,-44,-44,
-44,-43,-43,-42,-40,-38,-36,-35,
-34,-34,-35,-36,-37,-38,-39,-39,
-39,-39,-38,-36,-35,-34,-34,-35,
-37,-41,-45,-48,-52,-55,-57,-58,
-59,-59,-59,-59,-59,-60,-60,-61,
-61,-62,-62,-62,-61,-61,-61,-60,
-60,-60,-60,-62,-65,-69,-75,-83,
-92,-100,-106,-106,-98,-79,-47,-3,
48,100,143,166,165,137,89,31,
-22,-65,-89,-96,-91,-80,-70,-64,
-62,-64,-68,-71,-73,-73,-72,-71,
-69,-68,-68,-68,-69,-69,-69,-69,
-69,-69,-69,-69,-69,-69,-69,-69,
-69,-68,-68,-68,-68,-67,-67,-67,
-67,-68,-68,-69,-69,-69,-69,-69,
-68,-68,-68,-68,-68,-68,-68,-68,
-68,-67,-67,-66,-66,-65,-65,-65,
-65,-66,-66,-67,-67,-68,-68,-68,
-67,-67,-67,-67,-68,-68,-68,-68,
-68,-67,-67,-67,-67,-68,-68,-69,
-69,-69,-70,-70,-70,-71,-71,-72,
-72,-72,-72,-72,-72,-71,-70,-69,
-68,-66,-64,-62,-60,-58,-56,-55,
-54,-54,-54,-55,-55,-55,-55,-55,
-55,-55,-55,-55,-56,-56,-56,-56,
-56,-55,-55,-54,-53,-53,-53,-53,
-54,-55,-56,-57,-58,-59,-59,-59,
-60,-60,-60,-61,-61,-62,-63,-63,
-63,-64,-64,-64,-63,-63,-63,-63,
-63,-63,-63,-63,-63,-63,-63,-64,
-65,-66,-67,-68,-69,-69,-69,-69,
-68,-68,-68,-68,-68,-68,-68,-68,
-68,-68,-67,-67,-67,-67,-68,-68,
-69,-70,-70,-70,-69,-69,-68,-67,
-67,-68,-68,-68,-68,-66,-64,-62,
-59,-57,-55,-54,-54,-54,-55,-55,
-54,-53,-51,-50,-48,-48,-48,-48,
-49,-50,-51,-52,-53,-54,-54,-54,
-54,-53,-52,-51,-52,-53,-55,-59,
-62,-66,-70,-73,-76,-77,-77,-77,
-77,-76,-76,-76,-76,-76,-77,-77,
-78,-79,-79,-80,-80,-80,-80,-80,
-80,-80,-80,-81,-83,-87,-92,-99,
-107,-114,-119,-117,-107,-85,-51,-5,
44,93,129,144,134,100,50,-4,
-53,-88,-106,-108,-102,-92,-84,-79,
-79,-81,-85,-88,-89,-90,-90,-90,
-89,-89,-89,-88,-88,-87,-87,-86,
-86,-86,-86,-86,-86,-86,-86,-85,
-85,-85,-85,-86,-87,-88,-88,-89,
-89,-88,-88,-87,-87,-87,-87,-88,
-88,-88,-88,-87,-86,-86,-85,-84,
-84,-84,-85,-86,-87,-88,-89,-89,
-89,-89,-89,-88,-87,-87,-86,-86,
-86,-86,-87,-87,-88,-89,-89,-90,
-90,-90,-91,-91,-92,-92,-93,-94,
-95,-96,-96,-97,-97,-98,-98,-99,
-99,-99,-99,-99,-98,-96,-94,-92,
-90,-88,-86,-84,-82,-80,-78,-77,
-76,-75,-74,-74,-73,-72,-71,-70,
-70,-69,-69,-69,-68,-68,-67,-67,
-68,-68,-69,-70,-70,-70,-69,-69,
-68,-68,-69,-69,-70,-70,-71,-71,
-71,-72,-72,-72,-72,-73,-73,-74,
-74,-74,-74,-74,-74,-74,-75,-75,
-75,-76,-76,-76,-75,-75,-75,-75,
-75,-75,-76,-76,-77,-77,-77,-77,
-77,-77,-77,-77,-77,-78,-77,-77,
-77,-77,-76,-76,-76,-76,-76,-76,
-76,-76,-76,-76,-77,-77,-77,-78,
-77,-76,-75,-73,-71,-68,-66,-65,
-63,-63,-62,-61,-61,-60,-59,-58,
-56,-55,-54,-54,-54,-54,-55,-56,
-57,-58,-58,-58,-57,-55,-55,-55,
-56,-59,-62,-66,-70,-73,-75,-76,
-77,-77,-78,-78,-78,-78,-78,-78,
-77,-77,-76,-76,-76,-76,-77,-77,
-78,-78,-79,-79,-79,-79,-79,-80,
-82,-87,-93,-101,-110,-118,-122,-118,
-101,-71,-27,25,80,126,153,154,
128,81,23,-32,-76,-102,-110,-106,
-96,-87,-80,-78,-79,-81,-84,-85,
-85,-85,-84,-83,-83,-83,-83,-83,
-83,-83,-83,-82,-82,-82,-82,-82,
-82,-82,-82,-82,-82,-82,-82,-83,
-83,-83,-83,-83,-83,-82,-82,-81,
-81,-81,-81,-81,-81,-81,-81,-81,
-80,-80,-80,-80,-80,-80,-80,-80,
-80,-80,-80,-80,-80,-80,-79,-79,
-79,-79,-79,-79,-79,-79,-80,-81,
-82,-83,-84,-84,-85,-85,-85,-86,
-86,-87,-88,-88,-88,-89,-89,-89,
-89,-89,-88,-87,-86,-84,-82,-80,
-78,-76,-74,-72,-70,-68,-66,-65,
-63,-62,-61,-61,-60,-59,-59,-58,
-58,-58,-58,-58,-59,-59,-59,-60,
-60,-60,-59,-59,-58,-58,-58,-58,
-58,-59,-59,-58,-57,-54,-52,-48,
-45,-42,-40,-38,-37,-36,-35,-35,
-35,-35,-35,-36,-37,-38,-39,-41,
-42,-43,-44,-44,-45,-46,-47,-49,
-52,-55,-58,-61,-63,-65,-66,-67,
-67,-68,-69,-70,-72,-73,-73,-73,
-73,-73,-73,-73,-73,-73,-73,-74,
-74,-74,-74,-74,-74,-74,-73,-73,
-73,-73,-75,-79,-85,-93,-102,-111,
-118,-119,-111,-91,-58,-11,43,99,
146,174,175,149,100,40,-18,-65,
-92,-102,-99,-89,-80,-74,-72,-73,
-76,-78,-80,-80,-80,-79,-79,-80,
-80,-81,-82,-83,-83,-83,-82,-82,
-82,-81,-81,-81,-81,-81,-82,-82,
-82,-81,-81,-80,-79,-79,-79,-79,
-79,-78,-78,-78,-78,-78,-78,-79,
-79,-79,-80,-80,-80,-80,-81,-80,
-80,-80,-80,-80,-80,-79,-79,-79,
-79,-78,-78,-78,-78,-78,-78,-79,
-79,-80,-80,-81,-81,-82,-82,-83,
-83,-83,-83,-83,-83,-83,-83,-83,
-82,-82,-81,-80,-79,-79,-78,-77,
-76,-74,-73,-71,-69,-68,-67,-66,
-66,-65,-64,-64,-63,-63,-62,-62,
-62,-62,-61,-61,-61,-61,-61,-61,
-61,-62,-62,-62,-63,-63,-63,-62,
-62,-62,-63,-63,-64,-64,-65,-65,
-65,-65,-65,-65,-65,-66,-66,-67,
-67,-67,-67,-67,-67,-67,-67,-67,
-67,-68,-68,-68,-69,-69,-69,-70,
-70,-71,-71,-71,-71,-71,-71,-71,
-70,-70,-70,-70,-70,-69,-69,-69,
-68,-68,-68,-68,-68,-68,-68,-68,
-68,-68,-68,-67,-67,-67,-68,-69,
-69,-70,-70,-70,-70,-70,-69,-69,
-69,-69,-69,-69,-68,-68,-67,-67,
-67,-67,-67,-67,-67,-67,-67,-67,
-66,-66,-66,-67,-67,-67,-68,-68,
-67,-67,-67,-67,-67,-67,-67,-66,
-67,-66,-66,-67,-67,-67,-67,-67,
-66,-66,-65,-64,-64,-63,-63,-63,
-64,-64,-65,-65,-65,-65,-64,-64,
-63,-64,-64,-65,-65,-65,-65,-64,
-62,-60,-58,-57,-55,-54,-54,-53,
-51,-50,-48,-46,-45,-43,-43,-43,
-43,-44,-45,-47,-48,-49,-50,-51,
-50,-49,-48,-47,-47,-49,-51,-55,
-59,-63,-66,-68,-69,-69,-69,-69,
-68,-68,-67,-67,-68,-68,-68,-68,
-69,-69,-70,-70,-71,-72,-73,-73,
-73,-73,-72,-73,-74,-76,-80,-86,
-93,-101,-108,-112,-109,-98,-74,-38,
7,59,107,142,156,143,107,55,
0,-50,-85,-102,-105,-98,-88,-80,
-76,-75,-77,-79,-80,-81,-81,-80,
-79,-78,-77,-77,-77,-76,-76,-76,
-76,-76,-77,-78,-80,-81,-82,-82,
-83,-83,-82,-82,-81,-80,-80,-80,
-80,-80,-80,-80,-80,-81,-81,-81,
-82,-82,-82,-82,-82,-82,-82,-82,
-82,-83,-83,-83,-84,-84,-84,-84,
-84,-83,-82,-81,-81,-80,-80,-80,
-80,-80,-79,-79,-79,-79,-80,-80,
-81,-82,-82,-82,-82,-82,-83,-83,
-84,-84,-84,-85,-86,-87,-87,-88,
-88,-88,-88,-87,-86,-86,-85,-86,
-86,-86,-85,-84,-83,-82,-81,-79,
-78,-77,-76,-75,-75,-74,-73,-72,
-71,-70,-69,-69,-68,-68,-67,-67,
-67,-66,-66,-66,-65,-65,-65,-64,
-64,-64,-64,-64,-64,-64,-65,-65,
-66,-67,-69,-69,-70,-70,-69,-69,
-68,-68,-68,-69,-70,-71,-72,-72,
-73,-73,-72,-72,-71,-71,-71,-72,
-73,-75,-76,-76,-76,-76,-75,-74,
-74,-74,-75,-77,-79,-80,-80,-80,
-79,-78,-77,-76,-76,-77,-77,-78,
-79,-80,-80,-80,-80,-79,-79,-78,
-78,-78,-78,-78,-78,-79,-79,-80,
-81,-81,-81,-81,-81,-81,-81,-80,
-80,-79,-77,-76,-73,-71,-70,-68,
-67,-67,-67,-66,-66,-65,-64,-63,
-62,-61,-62,-62,-64,-65,-66,-67,
-67,-68,-67,-67,-66,-65,-64,-64,
-65,-68,-71,-75,-78,-82,-84,-86,
-86,-87,-86,-86,-86,-85,-85,-85,
-85,-85,-85,-85,-85,-85,-85,-86,
-87,-88,-90,-91,-92,-92,-92,-91,
-90,-91,-93,-98,-105,-115,-124,-130,
-130,-120,-97,-60,-12,41,90,125,
137,123,86,33,-22,-71,-105,-121,
-123,-116,-106,-97,-93,-92,-94,-96,
-98,-99,-98,-97,-96,-95,-95,-95,
-96,-97,-98,-98,-98,-98,-98,-98,
-98,-98,-98,-98,-99,-99,-99,-99,
-98,-98,-98,-98,-98,-97,-97,-97,
-98,-98,-98,-98,-98,-98,-98,-99,
-99,-99,-100,-100,-100,-100,-99,-99,
-98,-98,-98,-97,-97,-97,-96,-96,
-95,-94,-94,-94,-93,-94,-94,-95,
-96,-97,-99,-100,-100,-101,-102,-103,
-104,-105,-106,-106,-107,-107,-108,-108,
-108,-108,-108,-108,-108,-108,-107,-107,
-107,-106,-105,-104,-102,-100,-98,-96,
-94,-91,-90,-88,-86,-85,-84,-83,
-82,-81,-80,-79,-78,-78,-78,-77,
-77,-77,-76,-76,-76,-76,-76,-76,
-76,-77,-78,-78,-79,-79,-78,-78,
-78,-79,-79,-79,-79,-79,-79,-79,
-79,-79,-78,-78,-78,-78,-79,-79,
-79,-80,-80,-81,-82,-82,-82,-82,
-82,-82,-82,-82,-82,-82,-82,-82,
-82,-83,-83,-82,-82,-82,-81,-81,
-81,-81,-81,-81,-80,-79,-79,-78,
-78,-78,-79,-79,-80,-81,-81,-81,
-81,-80,-80,-79,-79,-79,-79,-80,
-80,-80,-80,-80,-80,-79,-79,-78,
-78,-78,-77,-76,-75,-73,-72,-70,
-68,-67,-66,-65,-65,-64,-63,-61,
-60,-58,-57,-56,-56,-56,-56,-57,
-58,-58,-59,-59,-59,-59,-59,-57,
-56,-54,-53,-54,-55,-57,-60,-64,
-67,-69,-72,-74,-75,-76,-76,-77,
-77,-77,-77,-77,-78,-78,-78,-78,
-78,-78,-78,-78,-78,-78,-78,-77,
-77,-77,-77,-77,-79,-83,-88,-95,
-103,-109,-114,-114,-110,-100,-85,-63,
-37,-4,32,74,115,150,173,177,
160,122,69,11,-40,-78,-100,-106,
-101,-92,-84,-78,-77,-78,-81,-83,
-85,-85,-85,-84,-84,-83,-83,-83,
-84,-84,-84,-84,-84,-84,-84,-83,
-83,-83,-83,-83,-83,-84,-84,-84,
-85,-85,-84,-84,-83,-83,-83,-82,
-82,-83,-83,-83,-83,-83,-83,-83,
-83,-82,-82,-82,-82,-81,-81,-80,
-80,-79,-79,-80,-80,-80,-81,-81,
-81,-81,-81,-81,-81,-81,-81,-80,
-80,-81,-81,-81,-82,-83,-85,-86,
-87,-87,-88,-87,-87,-87,-86,-86,
-86,-87,-87,-88,-89,-89,-89,-87,
-86,-84,-81,-79,-77,-75,-73,-72,
-70,-68,-66,-64,-63,-62,-61,-60,
-59,-59,-59,-58,-58,-58,-58,-58,
-57,-57,-56,-56,-55,-55,-55,-55,
-56,-56,-56,-57,-57,-58,-58,-59,
-59,-59,-59,-59,-59,-59,-59,-59,
-59,-59,-59,-59,-59,-59,-60,-60,
-61,-62,-63,-64,-64,-64,-64,-64,
-64,-64,-64,-64,-64,-64,-64,-64,
-64,-64,-64,-63,-63,-63,-62,-63,
-63,-63,-64,-64,-65,-65,-64,-64,
-64,-64,-65,-64,-64,-64,-63,-63,
-63,-63,-64,-64,-64,-64,-64,-63,
-63,-62,-62,-62,-62,-63,-63,-63,
-62,-61,-59,-57,-55,-53,-51,-50,
-50,-49,-48,-48,-47,-45,-44,-43,
-42,-41,-41,-40,-41,-41,-42,-43,
-44,-45,-46,-46,-46,-45,-44,-42,
-41,-41,-42,-44,-47,-51,-54,-57,
-60,-61,-62,-63,-63,-63,-64,-64,
-64,-64,-65,-65,-66,-67,-67,-68,
-68,-68,-68,-68,-68,-68,-68,-68,
-69,-70,-73,-78,-84,-91,-99,-107,
-111,-109,-99,-76,-41,4,57,109,
151,173,169,139,89,29,-26,-69,
-95,-102,-98,-87,-77,-71,-69,-70,
-72,-75,-76,-76,-75,-74,-74,-74,
-74,-75,-76,-76,-76,-76,-75,-75,
-75,-75,-75,-76,-76,-76,-75,-75,
-75,-74,-74,-73,-73,-72,-72,-72,
-72,-72,-72,-72,-72,-72,-72,-73,
-73,-73,-73,-74,-74,-74,-74,-74,
-74,-74,-74,-74,-74,-74,-74,-74,
-74,-73,-73,-72,-72,-72,-72,-72,
-73,-73,-73,-74,-74,-74,-74,-75,
-75,-75,-75,-75,-75,-75,-75,-75,
-75,-74,-74,-73,-72,-71,-70,-68,
-67,-66,-65,-64,-63,-61,-60,-59,
-58,-57,-56,-55,-54,-53,-52,-51,
-51,-51,-52,-52,-53,-53,-52,-51,
-50,-49,-49,-48,-49,-49,-50,-51,
-51,-52,-53,-54,-54,-54,-54,-54,
-54,-54,-54,-54,-54,-54,-55,-55,
-55,-55,-55,-55,-55,-55,-55,-55,
-55,-55,-55,-56,-56,-56,-57,-58,
-58,-59,-59,-59,-59,-59,-60,-60,
-60,-60,-60,-60,-60,-60,-60,-60,
-59,-58,-58,-57,-57,-57,-57,-58,
-58,-59,-59,-59,-59,-59,-59,-59,
-59,-59,-59,-59,-58,-58,-56,-55,
-52,-50,-48,-47,-45,-44,-43,-42,
-40,-39,-37,-35,-34,-34,-35,-36,
-38,-40,-41,-42,-42,-41,-40,-38,
-37,-37,-38,-40,-44,-48,-52,-55,
-58,-59,-60,-60,-61,-61,-61,-61,
-62,-62,-63,-64,-64,-65,-65,-65,
-64,-64,-64,-63,-63,-63,-63,-63,
-63,-63,-64,-66,-69,-74,-80,-89,
-98,-106,-111,-109,-96,-70,-31,17,
70,117,147,154,134,93,38,-16,
-61,-89,-99,-96,-86,-76,-69,-66,
-66,-69,-71,-72,-73,-72,-72,-71,
-71,-72,-73,-74,-75,-75,-75,-75,
-74,-74,-73,-73,-74,-74,-74,-75,
-75,-76,-76,-76,-75,-75,-74,-73,
-72,-72,-73,-74,-75,-77,-78,-79,
-80,-80,-80,-79,-79,-78,-77,-76,
-75,-75,-75,-75,-75,-75,-75,-76,
-76,-76,-77,-77,-77,-78,-78,-78,
-78,-78,-78,-78,-78,-79,-80,-81,
-81,-82,-82,-81,-81,-81,-80,-80,
-80,-80,-80,-81,-82,-82,-83,-83,
-82,-81,-79,-77,-76,-74,-73,-72,
-71,-69,-68,-66,-65,-64,-63,-62,
-62,-62,-62,-62,-62,-62,-62,-62,
-62,-63,-63,-63,-64,-64,-65,-66,
-67,-68,-68,-68,-67,-66,-66,-66,
-66,-66,-67,-68,-69,-69,-70,-70,
-70,-70,-70,-71,-71,-72,-73,-74,
-74,-74,-74,-74,-73,-73,-73,-73,
-73,-73,-73,-73,-73,-73,-73,-74,
-75,-75,-76,-76,-76,-76,-75,-75,
-75,-74,-74,-74,-74,-74,-75,-75,
-75,-74,-74,-73,-72,-72,-71,-71,
-70,-69,-69,-67,-66,-65,-64,-63,
-62,-61,-60,-58,-56,-55,-53,-53,
-53,-53,-54,-55,-57,-58,-59,-59,
-59,-58,-56,-55,-54,-55,-57,-61,
-65,-69,-73,-76,-77,-78,-78,-78,
-78,-78,-78,-79,-79,-79,-80,-80,
-81,-81,-82,-83,-83,-83,-82,-82,
-81,-81,-83,-85,-90,-97,-105,-114,
-121,-122,-115,-97,-64,-20,31,83,
124,145,141,111,62,4,-48,-89,
-111,-117,-111,-100,-90,-83,-80,-81,
-84,-87,-89,-90,-89,-88,-88,-87,
-87,-87,-88,-88,-88,-88,-88,-88,
-88,-88,-88,-88,-88,-89,-89,-89,
-89,-89,-89,-90,-90,-91,-91,-91,
-90,-89,-88,-87,-87,-86,-86,-86,
-86,-87,-87,-88,-89,-89,-90,-90,
-91,-90,-90,-89,-88,-88,-87,-88,
-88,-89,-90,-91,-91,-91,-90,-89,
-88,-87,-86,-86,-87,-88,-89,-91,
-92,-93,-95,-96,-97,-98,-98,-99,
-99,-100,-100,-100,-101,-101,-101,-100,
-100,-98,-97,-94,-92,-89,-86,-84,
-81,-79,-77,-75,-74,-72,-71,-70,
-69,-68,-67,-67,-67,-67,-67,-67,
-67,-67,-67,-67,-67,-66,-66,-66,
-65,-66,-66,-66,-66,-66,-66,-66,
-67,-67,-68,-68,-69,-69,-69,-70,
-70,-70,-70,-70,-70,-70,-70,-70,
-70,-70,-71,-71,-71,-71,-71,-71,
-71,-71,-71,-71,-71,-72,-72,-73,
-73,-73,-73,-73,-73,-73,-72,-72,
-72,-72,-72,-72,-72,-72,-72,-71,
-71,-70,-70,-69,-69,-69,-69,-69,
-68,-68,-68,-68,-68,-68,-68,-68,
-67,-66,-64,-62,-59,-57,-56,-55,
-54,-53,-52,-50,-48,-46,-44,-42,
-42,-42,-43,-43,-45,-46,-47,-47,
-48,-49,-50,-50,-50,-49,-48,-47,
-48,-50,-52,-56,-59,-63,-66,-68,
-69,-70,-70,-70,-69,-69,-69,-69,
-69,-70,-70,-71,-72,-72,-72,-72,
-72,-72,-72,-72,-71,-71,-71,-71,
-72,-73,-76,-80,-85,-92,-99,-106,
-110,-110,-102,-85,-55,-13,36,88,
134,164,170,150,107,50,-8,-57,
-89,-103,-102,-93,-82,-73,-69,-70,
-72,-76,-78,-80,-80,-80,-79,-79,
-79,-79,-80,-80,-80,-80,-79,-79,
-78,-78,-78,-77,-77,-76,-76,-76,
-76,-76,-76,-76,-76,-76,-76,-76,
-77,-77,-77,-77,-77,-77,-77,-77,
-77,-78,-78,-78,-77,-77,-77,-77,
-77,-76,-76,-76,-75,-75,-74,-74,
-75,-75,-76,-76,-76,-77,-77,-77,
-76,-76,-75,-75,-75,-76,-76,-77,
-78,-78,-79,-79,-80,-80,-80,-80,
-81,-81,-81,-81,-81,-80,-80,-80,
-79,-79,-79,-79,-78,-77,-75,-72,
-70,-67,-65,-63,-62,-61,-60,-59,
-58,-57,-57,-56,-56,-55,-55,-54,
-54,-53,-53,-53,-53,-54,-54,-55,
-56,-56,-57,-57,-57,-57,-57,-57,
-57,-57,-57,-57,-57,-57,-56,-56,
-56,-56,-57,-57,-57,-57,-58,-58,
-58,-58,-58,-58,-59,-59,-60,-61,
-62,-62,-63,-63,-64,-64,-65,-65,
-65,-65,-65,-66,-66,-66,-65,-65,
-64,-64,-64,-64,-64,-65,-65,-65,
-65,-64,-64,-64,-64,-64,-64,-65,
-65,-65,-65,-65,-66,-65,-65,-64,
-64,-63,-62,-61,-61,-61,-62,-62,
-61,-60,-58,-56,-53,-52,-50,-49,
-48,-47,-46,-45,-44,-43,-42,-41,
-41,-41,-42,-42,-43,-43,-44,-44,
-43,-42,-41,-41,-42,-44,-48,-51,
-55,-58,-60,-62,-63,-63,-63,-64,
-64,-65,-65,-66,-67,-68,-68,-69,
-70,-70,-70,-70,-70,-70,-70,-70,
-69,-69,-68,-68,-70,-72,-76,-82,
-89,-96,-102,-105,-104,-97,-83,-62,
-34,0,41,86,129,166,189,193,
173,132,76,16,-37,-75,-95,-100,
-94,-84,-76,-71,-70,-72,-74,-76,
-77,-77,-76,-76,-75,-75,-76,-76,
-77,-77,-78,-79,-79,-80,-80,-80,
-80,-80,-79,-79,-79,-78,-78,-78,
-78,-78,-78,-78,-77,-77,-76,-76,
-75,-75,-75,-75,-76,-76,-77,-77,
-78,-78,-78,-78,-78,-78,-78,-77,
-77,-77,-77,-76,-76,-75,-74,-74,
-74,-73,-74,-74,-74,-75,-75,-76,
-76,-77,-77,-77,-77,-77,-77,-77,
-77,-78,-78,-78,-78,-78,-78,-79,
-79,-79,-79,-79,-79,-78,-77,-77,
-76,-75,-74,-73,-72,-71,-70,-69,
-68,-66,-65,-64,-63,-63,-62,-61,
-61,-60,-59,-59,-58,-58,-58,-58,
-58,-58,-58,-58,-58,-57,-57,-57,
-57,-57,-57,-57,-58,-59,-60,-61,
-62,-63,-63,-63,-62,-62,-61,-61,
-61,-61,-61,-62,-62,-63,-64,-64,
-65,-65,-66,-66,-67,-67,-66,-66,
-66,-66,-66,-66,-66,-66,-67,-67,
-68,-69,-69,-70,-70,-70,-70,-70,
-70,-70,-70,-70,-70,-70,-70,-70,
-70,-69,-68,-68,-68,-68,-68,-68,
-68,-68,-68,-68,-67,-67,-67,-67,
-67,-68,-69,-70,-70,-70,-69,-68,
-65,-62,-60,-57,-56,-55,-55,-55,
-54,-53,-51,-49,-47,-46,-45,-45,
-46,-47,-49,-51,-52,-53,-53,-52,
-51,-50,-48,-48,-49,-51,-55,-60,
-65,-69,-71,-72,-72,-72,-71,-71,
-70,-70,-70,-71,-71,-72,-74,-75,
-77,-78,-80,-80,-80,-80,-79,-79,
-78,-78,-78,-79,-79,-79,-79,-80,
-82,-85,-90,-96,-104,-112,-119,-122,
-116,-99,-69,-26,24,74,115,136,
132,103,55,0,-51,-88,-109,-113,
-107,-97,-87,-82,-80,-81,-84,-86,
-88,-88,-88,-88,-89,-89,-89,-88,
-88,-88,-88,-88,-88,-88,-88,-87,
-87,-87,-87,-87,-88,-88,-89,-90,
-90,-90,-90,-90,-89,-89,-89,-89,
-89,-90,-90,-90,-90,-90,-89,-89,
-89,-89,-89,-89,-89,-89,-89,-89,
-88,-88,-87,-87,-87,-87,-88,-89,
-89,-90,-90,-89,-89,-88,-87,-86,
-86,-87,-87,-88,-90,-91,-92,-93,
-93,-94,-94,-94,-94,-94,-95,-95,
-96,-97,-98,-98,-98,-98,-97,-96,
-94,-93,-91,-88,-86,-84,-82,-81,
-81,-80,-79,-78,-77,-76,-75,-75,
-74,-74,-74,-73,-73,-73,-72,-72,
-72,-72,-72,-72,-72,-72,-72,-72,
-72,-72,-72,-73,-73,-73,-73,-73,
-73,-73,-73,-73,-73,-73,-73,-74,
-74,-75,-75,-76,-77,-78,-79,-79,
-80,-80,-80,-81,-82,-83,-84,-85,
-85,-84,-83,-82,-82,-81,-81,-81,
-81,-82,-83,-84,-85,-85,-86,-86,
-86,-85,-84,-83,-82,-82,-82,-82,
-82,-82,-83,-83,-83,-84,-85,-85,
-86,-86,-86,-85,-85,-84,-83,-83,
-82,-82,-81,-80,-78,-77,-75,-74,
-73,-72,-72,-71,-69,-68,-66,-65,
-64,-63,-63,-63,-63,-64,-64,-64,
-65,-66,-67,-68,-69,-70,-70,-70,
-69,-69,-69,-70,-72,-74,-77,-81,
-83,-86,-87,-88,-88,-88,-88,-88,
-88,-88,-88,-88,-89,-90,-90,-91,
-91,-92,-92,-92,-92,-92,-92,-92,
-93,-94,-96,-99,-103,-109,-116,-122,
-127,-127,-120,-103,-74,-33,16,67,
112,139,143,121,77,21,-34,-80,
-110,-123,-123,-114,-104,-96,-92,-91,
-93,-95,-96,-97,-97,-96,-96,-95,
-94,-94,-94,-94,-93,-93,-94,-94,
-94,-94,-94,-94,-95,-95,-95,-96,
-96,-96,-96,-97,-97,-97,-97,-97,
-97,-97,-96,-96,-96,-96,-96,-96,
-95,-95,-95,-95,-95,-96,-96,-95,
-95,-94,-94,-94,-94,-94,-94,-94,
-94,-94,-94,-94,-94,-93,-93,-93,
-92,-92,-92,-92,-93,-93,-93,-94,
-95,-95,-96,-96,-97,-97,-98,-98,
-98,-99,-99,-100,-100,-100,-99,-99,
-99,-100,-100,-100,-100,-99,-98,-97,
-95,-92,-90,-88,-86,-84,-81,-79,
-77,-75,-74,-72,-71,-71,-70,-69,
-69,-68,-68,-67,-67,-67,-66,-66,
-66,-66,-66,-65,-65,-65,-65,-65,
-65,-66,-67,-67,-68,-68,-68,-68,
-68,-68,-69,-69,-70,-70,-70,-70,
-70,-70,-70,-70,-70,-71,-71,-71,
-71,-71,-70,-70,-70,-71,-72,-73,
-74,-75,-75,-75,-75,-74,-74,-74,
-74,-74,-74,-74,-74,-74,-74,-74,
-74,-74,-73,-73,-73,-72,-72,-72,
-72,-72,-72,-72,-72,-72,-72,-72,
-72,-73,-73,-73,-73,-73,-73,-73,
-73,-73,-73,-74,-74,-73,-72,-71,
-68,-65,-62,-60,-58,-56,-56,-55,
-55,-54,-53,-52,-51,-51,-51,-51,
-52,-53,-54,-55,-55,-56,-55,-54,
-52,-51,-50,-50,-51,-54,-58,-61,
-65,-67,-69,-70,-71,-72,-73,-73,
-74,-74,-74,-74,-74,-75,-75,-76,
-76,-76,-76,-76,-76,-76,-76,-76,
-76,-76,-77,-79,-81,-85,-91,-98,
-106,-112,-116,-112,-98,-71,-31,19,
74,124,160,171,155,113,55,-5,
-58,-93,-109,-108,-99,-86,-77,-73,
-73,-76,-80,-83,-84,-85,-85,-84,
-84,-84,-84,-84,-84,-84,-83,-83,
-83,-83,-83,-84,-84,-84,-84,-84,
-83,-82,-82,-82,-81,-81,-81,-81,
-81,-80,-80,-80,-80,-79,-79,-79,
-79,-78,-78,-78,-78,-79,-80,-80,
-81,-81,-81,-81,-81,-80,-80,-79,
-79,-78,-78,-78,-77,-77,-76,-76,
-76,-76,-76,-76,-76,-76,-77,-77,
-77,-78,-78,-79,-79,-80,-80,-80,
-80,-80,-79,-79,-79,-79,-79,-78,
-78,-77,-75,-74,-73,-71,-70,-68,
-66,-64,-63,-62,-61,-61,-60,-60,
-60,-59,-59,-59,-59,-59,-59,-59,
-59,-59,-59,-58,-58,-57,-56,-56,
-56,-56,-56,-57,-57,-58,-58,-58,
-58,-58,-59,-59,-59,-60,-61,-61,
-61,-61,-61,-61,-61,-61,-62,-62,
-62,-62,-63,-63,-64,-64,-64,-65,
-65,-66,-66,-66,-66,-67,-67,-67,
-68,-68,-68,-67,-67,-66,-66,-65,
-65,-65,-65,-66,-66,-66,-65,-65,
-64,-64,-64,-64,-64,-65,-65,-66,
-67,-67,-67,-67,-67,-67,-66,-66,
-66,-65,-65,-65,-65,-64,-62,-60,
-58,-56,-54,-52,-51,-50,-49,-48,
-47,-46,-45,-44,-43,-43,-43,-44,
-45,-45,-47,-48,-49,-49,-50,-50,
-49,-48,-47,-47,-47,-49,-51,-55,
-58,-61,-64,-65,-67,-67,-68,-69,
-69,-70,-71,-71,-72,-72,-72,-72,
-72,-72,-71,-71,-71,-70,-70,-70,
-71,-71,-72,-75,-78,-83,-90,-98,
-106,-113,-115,-111,-97,-70,-31,17,
71,119,153,163,146,104,48,-10,
-60,-92,-106,-105,-96,-84,-76,-72,
-71,-74,-76,-78,-79,-79,-78,-78,
-77,-77,-77,-77,-77,-77,-77,-77,
-77,-78,-78,-78,-79,-79,-78,-78,
-78,-77,-77,-77,-76,-76,-76,-76,
-77,-77,-77,-78,-78,-78,-78,-78,
-78,-77,-77,-77,-77,-77,-76,-76,
-75,-75,-74,-74,-74,-74,-74,-74,
-74,-74,-74,-75,-75,-76,-76,-76,
-76,-75,-75,-75,-75,-76,-76,-76,
-75,-75,-76,-76,-77,-77,-77,-77,
-76,-76,-76,-76,-76,-77,-77,-78,
-78,-78,-77,-75,-73,-72,-70,-69,
-68,-67,-65,-64,-63,-61,-60,-59,
-58,-57,-57,-57,-57,-57,-57,-57,
-57,-58,-58,-58,-58,-58,-58,-58,
-58,-58,-59,-59,-59,-60,-60,-61,
-61,-61,-61,-61,-61,-61,-61,-61,
-62,-63,-64,-64,-65,-66,-67,-67,
-68,-68,-69,-69,-68,-68,-68,-67,
-68,-68,-69,-70,-71,-71,-71,-70,
-70,-69,-69,-69,-70,-71,-72,-73,
-73,-74,-74,-74,-74,-74,-74,-73,
-72,-72,-71,-71,-70,-70,-70,-71,
-71,-71,-71,-72,-72,-73,-73,-73,
-73,-73,-73,-72,-70,-68,-66,-64,
-63,-62,-61,-60,-59,-58,-56,-54,
-52,-50,-50,-50,-50,-51,-52,-53,
-55,-57,-58,-59,-59,-58,-56,-55,
-54,-54,-56,-59,-63,-67,-71,-74,
-75,-76,-76,-76,-75,-75,-75,-76,
-76,-77,-79,-80,-80,-81,-82,-82,
-83,-84,-84,-83,-83,-82,-82,-83,
-85,-87,-92,-98,-105,-113,-119,-120,
-114,-97,-70,-31,15,66,114,152,
172,170,146,105,52,-2,-50,-87,
-109,-117,-115,-108,-100,-93,-89,-88,
-89,-90,-91,-91,-91,-91,-91,-91,
-91,-91,-91,-91,-91,-91,-91,-92,
-92,-93,-93,-92,-92,-91,-91,-91,
-92,-93,-93,-93,-93,-92,-91,-91,
-90,-91,-91,-92,-93,-94,-94,-95,
-95,-95,-95,-95,-95,-94,-94,-94,
-94,-94,-94,-94,-94,-94,-94,-93,
-93,-92,-92,-93,-93,-94,-94,-94,
-94,-93,-93,-93,-94,-95,-97,-99,
-100,-101,-102,-103,-103,-102,-102,-102,
-102,-102,-101,-100,-99,-97,-95,-92,
-90,-88,-86,-85,-84,-83,-82,-81,
-80,-79,-78,-78,-77,-76,-75,-75,
-74,-74,-74,-74,-74,-74,-74,-74,
-74,-74,-74,-74,-74,-74,-75,-75,
-76,-76,-76,-76,-77,-77,-78,-79,
-79,-80,-80,-81,-81,-81,-81,-81,
-80,-80,-79,-79,-79,-80,-81,-83,
-83,-84,-84,-83,-83,-83,-83,-83,
-84,-84,-84,-84,-84,-83,-83,-83,
-83,-83,-83,-83,-83,-83,-83,-83,
-83,-83,-84,-84,-85,-86,-86,-87,
-87,-87,-86,-86,-85,-85,-84,-83,
-81,-80,-78,-76,-74,-73,-71,-69,
-68,-67,-66,-65,-64,-64,-64,-65,
-66,-67,-68,-70,-71,-72,-73,-72,
-71,-69,-67,-66,-66,-68,-71,-74,
-78,-81,-83,-85,-87,-88,-88,-89,
-89,-89,-89,-89,-89,-89,-90,-90,
-91,-92,-92,-92,-92,-92,-92,-92,
-91,-91,-92,-92,-94,-96,-100,-106,
-113,-121,-127,-129,-122,-105,-75,-33,
17,70,114,139,140,115,68,11,
-43,-86,-112,-121,-117,-107,-97,-90,
-88,-89,-92,-95,-96,-97,-96,-95,
-94,-93,-93,-94,-94,-94,-95,-95,
-95,-95,-94,-94,-93,-92,-92,-91,
-91,-91,-92,-92,-92,-92,-93,-93,
-93,-93,-93,-93,-93,-93,-93,-93,
-94,-95,-95,-96,-96,-96,-96,-95,
-95,-94,-94,-93,-93,-92,-92,-92,
-92,-92,-92,-93,-93,-93,-94,-94,
-94,-94,-94,-94,-95,-95,-96,-97,
-98,-99,-100,-100,-100,-100,-100,-100,
-99,-99,-99,-99,-99,-98,-97,-96,
-94,-92,-91,-89,-87,-85,-83,-81,
-78,-77,-75,-74,-73,-73,-72,-72,
-71,-71,-70,-69,-69,-68,-68,-68,
-67,-67,-68,-68,-69,-70,-71,-71,
-72,-73,-73,-73,-73,-73,-73,-73,
-73,-73,-73,-73,-73,-72,-72,-73,
-73,-74,-75,-75,-76,-76,-76,-77,
-77,-77,-77,-77,-77,-78,-78,-78,
-79,-79,-78,-78,-77,-77,-77,-76,
-77,-77,-78,-79,-79,-79,-79,-79,
-79,-79,-78,-78,-78,-78,-79,-79,
-79,-79,-79,-78,-78,-77,-77,-76,
-77,-77,-77,-78,-78,-78,-77,-77,
-77,-77,-77,-76,-75,-73,-72,-69,
-67,-65,-64,-62,-61,-60,-59,-58,
-57,-56,-56,-56,-56,-57,-58,-59,
-60,-61,-61,-61,-60,-59,-57,-57,
-57,-59,-62,-66,-69,-73,-76,-78,
-79,-80,-81,-82,-82,-83,-83,-83,
-84,-84,-84,-84,-84,-84,-84,-84,
-84,-85,-85,-85,-85,-85,-85,-85,
-85,-86,-88,-92,-97,-103,-110,-117,
-122,-123,-117,-100,-72,-31,18,71,
119,151,159,140,97,39,-19,-69,
-101,-115,-114,-105,-95,-87,-84,-84,
-87,-90,-92,-92,-92,-92,-91,-91,
-91,-92,-92,-92,-93,-93,-93,-93,
-93,-92,-92,-92,-92,-91,-91,-91,
-91,-90,-90,-89,-89,-89,-89,-89,
-89,-89,-89,-89,-90,-90,-90,-91,
-91,-92,-91,-91,-91,-90,-89,-89,
-89,-89,-89,-90,-90,-89,-89,-90,
-90,-90,-90,-91,-91,-91,-91,-90,
-90,-90,-90,-91,-91,-91,-90,-90,
-90,-90,-90,-91,-91,-91,-92,-91,
-91,-91,-90,-90,-90,-90,-91,-92,
-92,-92,-92,-91,-90,-88,-86,-85,
-83,-82,-81,-80,-79,-77,-76,-75,
-74,-73,-72,-71,-71,-70,-70,-70,
-70,-71,-71,-71,-72,-72,-72,-72,
-73,-73,-73,-73,-74,-73,-73,-73,
-73,-73,-73,-73,-73,-74,-75,-75,
-76,-77,-77,-77,-77,-77,-77,-78,
-78,-78,-79,-79,-79,-79,-79,-79,
-80,-80,-80,-80,-80,-81,-81,-80,
-80,-80,-80,-80,-81,-81,-82,-82,
-83,-84,-84,-84,-84,-84,-84,-84,
-84,-84,-85,-85,-85,-85,-85,-84,
-83,-83,-82,-82,-82,-82,-82,-82,
-83,-83,-84,-84,-84,-84,-84,-83,
-83,-83,-83,-83,-82,-81,-80,-78,
-76,-74,-73,-72,-71,-70,-69,-68,
-66,-64,-63,-61,-60,-60,-60,-60,
-61,-62,-63,-63,-64,-65,-65,-65,
-65,-64,-63,-62,-62,-64,-66,-69,
-73,-76,-78,-80,-81,-82,-83,-84,
-84,-85,-85,-85,-84,-84,-85,-85,
-86,-87,-87,-88,-88,-88,-88,-88,
-89,-89,-89,-88,-88,-87,-87,-89,
-91,-95,-101,-107,-114,-120,-126,-128,
-125,-115,-96,-68,-29,16,65,108,
138,145,129,90,37,-18,-67,-101,
-117,-118,-110,-100,-91,-87,-86,-88,
-91,-93,-94,-95,-94,-94,-93,-93,
-93,-93,-93,-93,-94,-94,-94,-94,
-94,-94,-93,-93,-92,-92,-92,-92,
-92,-92,-92,-92,-91,-91,-91,-91,
-91,-91,-91,-91,-91,-91,-91,-91,
-92,-92,-92,-92,-92,-92,-92,-92,
-92,-92,-92,-92,-92,-92,-92,-92,
-92,-92,-92,-91,-91,-90,-90,-90,
-90,-90,-89,-89,-89,-89,-89,-89,
-90,-90,-91,-92,-92,-93,-93,-93,
-93,-93,-93,-93,-92,-92,-92,-93,
-93,-93,-93,-92,-92,-91,-90,-89,
-88,-87,-87,-86,-85,-84,-83,-82,
-81,-80,-80,-79,-79,-79,-78,-78,
-78,-78,-77,-76,-75,-75,-74,-74,
-74,-74,-74,-74,-74,-73,-73,-73,
-74,-74,-75,-76,-76,-76,-76,-76,
-76,-77,-77,-78,-79,-80,-80,-81,
-81,-80,-80,-80,-80,-80,-80,-81,
-81,-81,-82,-82,-82,-82,-83,-84,
-85,-86,-86,-87,-87,-87,-87,-87,
-88,-88,-88,-89,-90,-90,-89,-89,
-88,-88,-87,-87,-87,-87,-88,-89,
-89,-90,-90,-90,-90,-90,-90,-90,
-91,-91,-91,-91,-91,-91,-90,-90,
-90,-90,-90,-89,-89,-88,-87,-86,
-85,-83,-81,-80,-78,-77,-77,-77,
-78,-78,-79,-78,-76,-74,-72,-70,
-69,-69,-69,-70,-71,-72,-73,-74,
-75,-74,-74,-72,-71,-70,-70,-71,
-73,-77,-81,-85,-89,-91,-93,-94,
-94,-95,-95,-95,-95,-95,-96,-96,
-97,-98,-98,-98,-99,-99,-99,-99,
-99,-98,-97,-96,-95,-95,-96,-98,
-102,-107,-113,-121,-129,-136,-139,-138,
-127,-105,-71,-26,23,71,108,125,
118,87,40,-14,-64,-103,-124,-131,
-127,-118,-109,-103,-100,-100,-101,-103,
-104,-104,-104,-104,-105,-106,-107,-107,
-107,-107,-106,-106,-105,-106,-106,-107,
-108,-108,-108,-108,-107,-106,-105,-105,
-105,-105,-105,-105,-106,-106,-106,-107,
-107,-107,-108,-108,-108,-109,-108,-108,
-108,-108,-108,-107,-107,-106,-106,-105,
-105,-106,-106,-107,-107,-107,-106,-106,
-105,-105,-105,-105,-106,-106,-106,-107,
-107,-107,-107,-108,-108,-109,-109,-109,
-109,-108,-108,-108,-108,-108,-109,-109,
-110,-111,-112,-112,-113,-113,-113,-114,
-114,-115,-115,-115,-114,-113,-111,-109,
-107,-105,-103,-101,-99,-96,-94,-93,
-92,-91,-90,-90,-89,-89,-88,-88,
-87,-87,-87,-88,-88,-88,-89,-89,
-90,-90,-91,-91,-90,-89,-88,-87,
-86,-86,-86,-86,-87,-88,-89,-90,
-90,-90,-90,-90,-90,-89,-89,-89,
-89,-89,-89,-89,-89,-90,-91,-92,
-93,-93,-94,-95,-96,-97,-97,-97,
-97,-97,-97,-96,-96,-96,-96,-96,
-96,-95,-95,-95,-95,-95,-95,-95,
-95,-95,-95,-95,-95,-94,-95,-95,
-95,-96,-97,-98,-98,-98,-97,-97,
-97,-97,-97,-97,-97,-97,-97,-96,
-96,-96,-95,-94,-93,-91,-89,-87,
-85,-84,-83,-83,-82,-81,-80,-79,
-77,-76,-75,-75,-75,-76,-77,-78,
-78,-79,-80,-80,-80,-80,-79,-78,
-78,-79,-81,-83,-86,-88,-91,-92,
-93,-94,-95,-96,-98,-99,-101,-101,
-102,-101,-101,-100,-100,-100,-100,-101,
-101,-101,-100,-100,-99,-99,-99,-99,
-100,-101,-103,-106,-110,-115,-121,-128,
-134,-137,-135,-126,-105,-73,-30,20,
71,113,136,134,106,57,-1,-57,
-101,-127,-135,-131,-121,-110,-102,-99,
-100,-102,-104,-105,-106,-105,-104,-103,
-103,-102,-102,-102,-102,-102,-102,-102,
-103,-103,-103,-102,-102,-101,-101,-100,
-100,-100,-101,-102,-103,-103,-103,-103,
-103,-103,-103,-102,-102,-102,-101,-101,
-101,-100,-100,-100,-99,-99,-98,-98,
-98,-98,-97,-97,-97,-97,-97,-97,
-97,-97,-97,-98,-98,-98,-98,-99,
-99,-99,-99,-100,-100,-101,-102,-102,
-103,-103,-103,-104,-104,-104,-104,-104,
-105,-105,-105,-106,-106,-106,-106,-106,
-105,-104,-103,-100,-98,-95,-93,-91,
-89,-87,-86,-84,-83,-82,-81,-79,
-78,-77,-76,-75,-74,-74,-74,-74,
-74,-75,-75,-74,-74,-73,-73,-72,
-73,-73,-74,-74,-75,-75,-75,-75,
-75,-75,-75,-75,-75,-75,-75,-75,
-75,-75,-75,-75,-75,-75,-75,-75,
-75,-75,-75,-75,-75,-75,-75,-75,
-75,-76,-76,-76,-77,-77,-77,-77,
-77,-77,-77,-78,-78,-78,-79,-79,
-79,-78,-78,-78,-78,-77,-77,-77,
-77,-77,-77,-77,-77,-77,-77,-77,
-77,-77,-77,-76,-76,-76,-76,-76,
-76,-76,-75,-75,-74,-73,-73,-72,
-72,-72,-72,-71,-70,-68,-66,-64,
-63,-62,-61,-60,-59,-58,-57,-56,
-55,-55,-54,-54,-54,-53,-53,-54,
-54,-55,-55,-56,-56,-56,-55,-54,
-53,-53,-53,-55,-58,-62,-67,-70,
-73,-75,-77,-77,-77,-77,-77,-76,
-76,-76,-76,-76,-76,-76,-77,-78,
-78,-79,-79,-79,-79,-79,-79,-81,
-84,-89,-96,-103,-111,-116,-117,-112,
-96,-68,-28,21,74,121,152,159,
138,93,35,-22,-70,-99,-109,-106,
-95,-85,-78,-75,-77,-80,-83,-85,
-85,-85,-84,-83,-83,-83,-83,-83,
-83,-83,-83,-83,-84,-84,-84,-85,
-85,-85,-85,-84,-84,-83,-83,-82,
-82,-81,-81,-81,-80,-80,-80,-80,
-81,-81,-81,-82,-82,-82,-82,-81,
-81,-81,-80,-80,-80,-81,-81,-80,
-80,-80,-80,-79,-79,-79,-79,-80,
-80,-80,-80,-81,-81,-81,-81,-81,
-82,-82,-83,-83,-83,-83,-82,-82,
-81,-80,-80,-79,-79,-79,-79,-80,
-80,-80,-80,-80,-80,-79,-79,-78,
-77,-76,-75,-73,-72,-70,-68,-67,
-65,-64,-64,-63,-63,-62,-62,-62,
-62,-61,-61,-61,-61,-61,-61,-61,
-62,-62,-62,-63,-63,-63,-63,-63,
-64,-64,-64,-65,-65,-65,-65,-65,
-65,-65,-65,-64,-64,-64,-64,-65,
-65,-65,-66,-67,-67,-68,-68,-68,
-68,-69,-69,-69,-69,-69,-69,-69,
-69,-69,-70,-70,-71,-71,-71,-71,
-72,-71,-71,-71,-70,-69,-69,-68,
-68,-68,-69,-70,-70,-70,-71,-70,
-70,-70,-69,-68,-68,-68,-68,-68,
-69,-69,-69,-69,-69,-69,-68,-68,
-67,-67,-66,-65,-63,-62,-60,-58,
-57,-55,-54,-53,-52,-51,-49,-48,
-47,-46,-46,-47,-48,-49,-50,-51,
-51,-52,-51,-50,-49,-49,-49,-51,
-54,-58,-61,-65,-68,-69,-71,-71,
-71,-71,-71,-71,-72,-73,-73,-74,
-74,-75,-75,-75,-75,-75,-75,-75,
-75,-75,-75,-75,-76,-77,-80,-85,
-92,-100,-110,-118,-121,-115,-97,-64,
-19,33,85,125,143,135,101,49,
-7,-57,-91,-108,-108,-99,-88,-79,
-75,-75,-77,-81,-83,-85,-85,-84,
-83,-83,-82,-82,-82,-82,-82,-83,
-83,-83,-83,-83,-83,-83,-82,-81,
-80,-80,-80,-81,-81,-82,-82,-82,
-82,-82,-82,-82,-82,-83,-83,-83,
-84,-84,-84,-85,-85,-85,-85,-85,
-84,-83,-83,-83,-83,-83,-83,-83,
-83,-83,-83,-82,-82,-82,-82,-82,
-82,-82,-82,-82,-82,-82,-82,-83,
-83,-83,-84,-84,-84,-84,-84,-84,
-85,-85,-85,-85,-86,-86,-86,-86,
-86,-86,-85,-84,-83,-81,-79,-77,
-76,-75,-74,-74,-73,-72,-72,-71,
-70,-69,-69,-68,-68,-68,-68,-68,
-68,-68,-68,-69,-69,-70,-71,-72,
-72,-73,-73,-73,-72,-72,-72,-73,
-73,-74,-74,-74,-74,-74,-74,-74,
-74,-74,-75,-75,-76,-77,-77,-77,
-78,-78,-79,-79,-80,-80,-80,-80,
-80,-80,-81,-81,-82,-82,-82,-82,
-82,-82,-81,-81,-81,-81,-81,-81,
-81,-81,-81,-82,-82,-82,-83,-83,
-83,-83,-83,-83,-84,-84,-84,-85,
-84,-84,-83,-83,-82,-82,-82,-82,
-81,-80,-79,-77,-76,-75,-73,-72,
-71,-70,-69,-67,-65,-64,-63,-63,
-63,-64,-65,-66,-67,-67,-67,-67,
-68,-68,-69,-70,-70,-69,-68,-66,
-65,-66,-67,-70,-74,-77,-81,-85,
-87,-89,-90,-91,-91,-92,-91,-91,
-91,-91,-91,-91,-92,-92,-93,-93,
-93,-93,-93,-93,-92,-92,-93,-94,
-97,-102,-108,-115,-122,-128,-129,-124,
-111,-88,-54,-11,37,87,131,162,
172,160,126,75,16,-39,-83,-112,
-123,-122,-115,-105,-98,-95,-96,-98,
-101,-103,-104,-103,-102,-100,-99,-98,
-98,-98,-99,-99,-100,-101,-101,-102,
-103,-103,-103,-103,-103,-103,-103,-103,
-103,-103,-103,-102,-102,-102,-101,-101,
-100,-99,-99,-99,-99,-100,-101,-102,
-102,-103,-103,-103,-103,-104,-104,-105,
-105,-105,-105,-105,-104,-103,-103,-102,
-101,-101,-101,-101,-102,-103,-104,-105,
-106,-106,-106,-106,-107,-107,-108,-109,
-110,-111,-112,-113,-113,-113,-113,-113,
-113,-113,-113,-113,-113,-112,-111,-110,
-108,-106,-104,-101,-99,-96,-94,-92,
-91,-90,-89,-89,-89,-88,-88,-87,
-87,-86,-85,-85,-84,-84,-84,-85,
-85,-86,-86,-86,-86,-85,-85,-85,
-85,-86,-86,-86,-87,-87,-87,-87,
-87,-87,-87,-87,-87,-87,-86,-86,
-86,-86,-86,-86,-87,-88,-89,-90,
-91,-91,-91,-91,-90,-90,-90,-91,
-92,-93,-93,-93,-93,-93,-92,-91,
-91,-90,-90,-90,-90,-91,-91,-92,
-92,-92,-92,-92,-92,-92,-92,-91,
-91,-90,-90,-90,-89,-89,-89,-89,
-90,-90,-89,-89,-89,-88,-87,-85,
-84,-82,-81,-79,-78,-77,-76,-76,
-75,-73,-72,-71,-70,-69,-68,-67,
-67,-68,-68,-68,-69,-70,-71,-72,
-72,-72,-71,-70,-67,-65,-64,-64,
-66,-69,-73,-77,-80,-83,-86,-88,
-89,-90,-91,-91,-91,-91,-91,-91,
-91,-91,-91,-90,-90,-91,-91,-91,
-91,-91,-90,-89,-89,-90,-92,-95,
-101,-108,-115,-122,-127,-128,-123,-110,
-87,-53,-10,39,90,135,166,177,
165,131,80,22,-34,-79,-109,-123,
-124,-117,-108,-100,-95,-94,-95,-97,
-99,-100,-100,-100,-99,-99,-99,-99,
-99,-99,-99,-98,-98,-98,-98,-98,
-97,-97,-97,-97,-97,-97,-97,-97,
-97,-97,-97,-97,-97,-97,-97,-97,
-97,-97,-97,-97,-96,-96,-95,-95,
-94,-94,-94,-95,-95,-96,-96,-96,
-96,-96,-96,-96,-96,-96,-96,-96,
-96,-96,-96,-96,-96,-95,-95,-95,
-94,-94,-94,-95,-95,-96,-96,-97,
-97,-98,-99,-100,-100,-101,-101,-101,
-101,-100,-100,-99,-98,-96,-94,-93,
-91,-89,-87,-84,-82,-80,-78,-76,
-75,-75,-74,-74,-74,-74,-74,-75,
-75,-75,-75,-75,-75,-75,-75,-74,
-74,-74,-75,-75,-75,-75,-75,-74,
-73,-73,-73,-73,-74,-74,-75,-75,
-75,-75,-75,-75,-75,-76,-77,-77,
-78,-78,-78,-79,-79,-79,-79,-79,
-79,-79,-79,-80,-80,-80,-81,-81,
-81,-81,-81,-82,-82,-83,-83,-84,
-84,-84,-83,-83,-83,-83,-83,-83,
-83,-83,-83,-83,-82,-82,-82,-81,
-81,-81,-80,-80,-79,-79,-79,-79,
-79,-79,-79,-80,-80,-81,-82,-82,
-82,-82,-81,-80,-78,-77,-75,-73,
-71,-69,-68,-66,-66,-65,-64,-62,
-61,-59,-58,-57,-57,-58,-59,-60,
-61,-62,-63,-64,-63,-63,-61,-60,
-60,-60,-62,-65,-68,-72,-75,-77,
-79,-80,-81,-81,-82,-83,-83,-84,
-84,-84,-84,-84,-84,-84,-84,-84,
-84,-85,-85,-86,-86,-86,-86,-87,
-88,-89,-91,-94,-98,-103,-110,-116,
-120,-121,-116,-102,-76,-39,7,60,
111,150,170,165,135,85,26,-31,
-76,-105,-116,-114,-105,-95,-87,-84,
-84,-86,-88,-89,-90,-89,-88,-87,
-87,-87,-87,-87,-88,-89,-89,-90,
-90,-90,-89,-89,-89,-88,-88,-88,
-88,-88,-88,-88,-88,-87,-87,-86,
-86,-86,-85,-85,-85,-84,-84,-84,
-84,-85,-85,-86,-86,-86,-86,-86,
-86,-86,-86,-86,-86,-86,-86,-86,
-85,-85,-85,-85,-85,-85,-84,-84,
-83,-83,-82,-82,-81,-81,-82,-82,
-83,-84,-84,-85,-85,-85,-85,-85,
-85,-85,-85,-86,-86,-86,-86,-86,
-85,-84,-83,-81,-79,-78,-77,-76,
-75,-75,-74,-73,-72,-71,-70,-69,
-68,-67,-67,-67,-66,-65,-65,-65,
-64,-64,-64,-64,-63,-63,-62,-62,
-61,-61,-61,-61,-62,-62,-63,-64,
-64,-65,-65,-65,-66,-66,-66,-67,
-67,-67,-67,-67,-67,-66,-66,-66,
-66,-66,-67,-67,-68,-68,-69,-69,
-70,-70,-71,-71,-71,-71,-71,-71,
-71,-71,-71,-71,-72,-73,-74,-74,
-74,-73,-72,-71,-71,-70,-70,-70,
-69,-69,-69,-69,-70,-70,-71,-71,
-72,-72,-73,-73,-73,-72,-72,-72,
-71,-71,-71,-70,-70,-70,-70,-70,
-70,-70,-69,-69,-68,-66,-64,-62,
-60,-59,-58,-58,-57,-57,-56,-55,
-53,-51,-50,-50,-49,-50,-50,-51,
-52,-52,-53,-53,-53,-53,-53,-53,
-53,-53,-53,-54,-54,-54,-56,-58,
-60,-63,-66,-68,-70,-72,-73,-74,
-75,-75,-75,-75,-75,-75,-75,-76,
-76,-77,-78,-79,-80,-81,-82,-82,
-83,-82,-82,-82,-82,-83,-85,-88,
-93,-99,-106,-113,-119,-121,-119,-108,
-87,-56,-14,33,81,119,140,138,
113,69,16,-36,-78,-106,-118,-117,
-109,-99,-91,-87,-86,-87,-88,-90,
-91,-90,-90,-89,-89,-89,-89,-89,
-90,-90,-91,-91,-91,-91,-91,-90,
-89,-89,-88,-87,-87,-87,-87,-87,
-88,-88,-89,-89,-89,-90,-90,-90,
-91,-92,-92,-92,-92,-92,-91,-90,
-90,-89,-88,-88,-88,-88,-87,-87,
-87,-87,-88,-89,-90,-91,-91,-92,
-91,-91,-90,-90,-90,-91,-91,-91,
-91,-90,-89,-89,-88,-88,-89,-90,
-91,-92,-92,-93,-93,-94,-94,-95,
-96,-96,-96,-96,-96,-96,-96,-96,
-96,-96,-95,-94,-93,-92,-90,-89,
-88,-87,-86,-84,-82,-81,-79,-78,
-77,-75,-75,-74,-74,-74,-74,-74,
-74,-75,-75,-75,-74,-74,-74,-73,
-73,-73,-73,-73,-73,-74,-75,-76,
-77,-77,-77,-77,-77,-77,-77,-77,
-77,-77,-77,-77,-77,-77,-77,-77,
-78,-78,-79,-79,-80,-80,-80,-80,
-80,-80,-80,-80,-80,-81,-81,-82,
-82,-83,-84,-85,-85,-86,-86,-86,
-86,-86,-85,-85,-85,-85,-85,-85,
-84,-84,-84,-84,-84,-84,-85,-85,
-85,-85,-84,-84,-84,-84,-85,-85,
-86,-87,-87,-87,-87,-86,-85,-84,
-84,-83,-83,-83,-82,-81,-80,-78,
-76,-75,-74,-74,-74,-74,-74,-72,
-70,-68,-65,-64,-63,-63,-63,-65,
-66,-67,-67,-68,-68,-68,-68,-67,
-67,-67,-67,-68,-70,-72,-75,-78,
-81,-83,-85,-86,-87,-88,-88,-88,
-88,-89,-89,-89,-88,-88,-87,-87,
-87,-87,-88,-89,-90,-91,-91,-91,
-91,-90,-89,-89,-89,-91,-95,-100,
-106,-113,-120,-125,-127,-124,-114,-98,
-73,-40,-1,42,88,129,160,174,
167,140,94,39,-16,-64,-98,-115,
-119,-114,-106,-99,-94,-93,-94,-96,
-97,-97,-97,-97,-96,-95,-95,-95,
-96,-96,-96,-96,-96,-96,-96,-96,
-96,-97,-97,-97,-97,-96,-96,-96,
-96,-96,-96,-97,-97,-98,-98,-98,
-97,-97,-97,-96,-96,-96,-96,-96,
-96,-96,-96,-96,-96,-96,-96,-96,
-96,-96,-96,-95,-95,-95,-95,-95,
-95,-95,-94,-94,-94,-94,-94,-94,
-94,-94,-94,-95,-95,-96,-96,-97,
-97,-97,-98,-98,-99,-99,-100,-101,
-102,-102,-103,-103,-104,-104,-104,-105,
-105,-105,-105,-104,-104,-103,-101,-99,
-97,-94,-91,-89,-86,-84,-82,-80,
-79,-78,-76,-75,-74,-73,-72,-72,
-71,-71,-71,-71,-71,-71,-71,-70,
-70,-70,-70,-70,-70,-69,-69,-68,
-68,-67,-67,-67,-67,-68,-68,-69,
-70,-71,-71,-72,-72,-72,-71,-71,
-71,-71,-71,-71,-71,-71,-71,-72,
-72,-73,-73,-73,-72,-72,-72,-72,
-72,-73,-73,-74,-74,-74,-74,-73,
-73,-73,-73,-73,-73,-73,-73,-73,
-73,-72,-72,-71,-71,-71,-70,-70,
-69,-69,-69,-68,-68,-68,-68,-68,
-68,-68,-68,-69,-69,-69,-69,-69,
-69,-69,-70,-70,-70,-70,-69,-68,
-67,-65,-62,-60,-58,-56,-54,-53,
-51,-50,-49,-48,-47,-47,-47,-47,
-48,-48,-49,-50,-51,-52,-52,-52,
-51,-49,-48,-47,-47,-49,-52,-55,
-60,-64,-67,-69,-71,-71,-72,-71,
-71,-71,-71,-71,-71,-70,-70,-70,
-70,-71,-71,-72,-72,-72,-72,-71,
-71,-71,-71,-72,-73,-76,-80,-86,
-93,-100,-107,-112,-111,-103,-83,-50,
-5,48,101,144,166,162,131,80,
20,-35,-76,-98,-103,-96,-86,-77,
-72,-72,-75,-79,-82,-83,-83,-82,
-81,-80,-79,-80,-80,-81,-81,-81,
-81,-80,-80,-79,-78,-77,-76,-76,
-76,-77,-78,-78,-79,-80,-80,-80,
-81,-81,-81,-81,-82,-82,-82,-81,
-81,-81,-80,-80,-80,-79,-79,-79,
-78,-78,-78,-78,-78,-78,-78,-79,
-79,-79,-79,-79,-79,-79,-79,-79,
-79,-79,-79,-79,-79,-79,-79,-79,
-79,-79,-79,-80,-80,-81,-81,-82,
-82,-82,-82,-82,-82,-82,-82,-82,
-82,-82,-82,-82,-81,-79,-78,-76,
-75,-73,-72,-71,-70,-69,-67,-65,
-63,-62,-61,-60,-60,-60,-59,-59,
-58,-58,-57,-57,-57,-57,-57,-57,
-57,-57,-57,-58,-58,-58,-58,-58,
-57,-57,-57,-56,-57,-57,-58,-58,
-59,-60,-60,-61,-61,-61,-61,-62,
-62,-62,-62,-62,-62,-62,-62,-62,
-62,-63,-63,-64,-65,-65,-66,-66,
-67,-66,-66,-66,-66,-65,-65,-65,
-66,-66,-67,-67,-68,-68,-68,-68,
-67,-67,-66,-66,-66,-66,-65,-65,
-65,-64,-64,-63,-63,-63,-64,-64,
-65,-65,-65,-65,-65,-64,-64,-64,
-64,-64,-64,-64,-63,-61,-59,-56,
-54,-52,-50,-49,-48,-47,-46,-45,
-44,-43,-43,-43,-43,-44,-45,-47,
-47,-48,-48,-47,-46,-45,-44,-44,
-45,-47,-49,-52,-55,-57,-60,-62,
-64,-66,-67,-68,-68,-68,-68,-68,
-69,-69,-70,-71,-72,-72,-72,-72,
-71,-70,-69,-69,-69,-71,-75,-81,
-88,-96,-102,-107,-109,-107,-100,-87,
-67,-39,-2,41,88,131,162,171,
156,118,64,6,-45,-80,-98,-100,
-93,-83,-75,-71,-72,-74,-77,-80,
-80,-80,-79,-78,-78,-78,-77,-77,
-77,-77,-77,-77,-77,-77,-77,-77,
-77,-78,-78,-77,-77,-77,-77,-77,
-77,-77,-78,-78,-78,-78,-77,-77,
-76,-76,-76,-76,-76,-76,-76,-76,
-76,-75,-75,-75,-75,-75,-76,-76,
-77,-78,-78,-79,-79,-79,-79,-79,
-78,-78,-77,-76,-76,-76,-76,-76,
-77,-77,-77,-77,-77,-77,-77,-77,
-78,-78,-79,-80,-81,-82,-82,-82,
-81,-80,-79,-78,-77,-76,-74,-73,
-71,-70,-68,-66,-64,-62,-61,-59,
-58,-57,-57,-57,-57,-58,-59,-59,
-60,-60,-60,-60,-60,-59,-59,-59,
-59,-59,-60,-60,-60,-60,-60,-60,
-61,-61,-62,-62,-63,-63,-63,-63,
-62,-62,-62,-63,-63,-63,-64,-64,
-65,-65,-65,-65,-65,-66,-66,-67,
-67,-67,-67,-67,-67,-67,-67,-68,
-69,-69,-70,-69,-69,-68,-68,-67,
-68,-68,-68,-69,-69,-69,-69,-69,
-69,-69,-69,-69,-69,-69,-69,-69,
-69,-69,-69,-68,-67,-67,-66,-66,
-67,-67,-68,-69,-69,-69,-69,-67,
-66,-64,-62,-60,-58,-57,-56,-55,
-54,-52,-50,-49,-48,-47,-47,-47,
-48,-49,-51,-52,-52,-53,-53,-52,
-51,-51,-53,-55,-59,-63,-67,-71,
-73,-74,-74,-74,-74,-73,-73,-73,
-73,-73,-74,-75,-76,-77,-78,-78,
-78,-78,-78,-78,-79,-79,-80,-80,
-80,-81,-82,-85,-90,-96,-104,-113,
-118,-119,-110,-89,-55,-10,39,87,
122,135,124,88,38,-16,-63,-96,
-112,-113,-106,-95,-87,-82,-80,-81,
-83,-85,-86,-86,-85,-85,-84,-85,
-85,-86,-87,-87,-88,-88,-88,-87,
-87,-87,-87,-87,-86,-86,-86,-86,
-86,-86,-86,-87,-87,-87,-87,-87,
-88,-88,-88,-89,-89,-90,-90,-89,
-89,-89,-88,-88,-88,-88,-88,-88,
-88,-87,-87,-86,-86,-86,-86,-86,
-86,-86,-86,-87,-87,-88,-88,-89,
-90,-90,-91,-91,-91,-91,-91,-91,
-91,-91,-92,-92,-92,-93,-93,-94,
-95,-95,-96,-97,-97,-97,-97,-96,
-95,-93,-92,-91,-89,-88,-86,-84,
-82,-80,-78,-77,-76,-76,-75,-74,
-74,-73,-72,-72,-71,-70,-70,-69,
-69,-69,-68,-69,-69,-70,-70,-71,
-73,-74,-75,-75,-76,-76,-76,-76,
-75,-75,-75,-75,-76,-76,-76,-75,
-75,-74,-74,-74,-74,-75,-76,-76,
-77,-77,-77,-77,-78,-79,-80,-81,
-81,-81,-81,-81,-81,-81,-82,-83,
-83,-83,-83,-82,-81,-80,-79,-80,
-80,-81,-81,-81,-81,-81,-81,-80,
-80,-80,-80,-80,-80,-80,-80,-81,
-81,-81,-82,-82,-83,-83,-83,-82,
-82,-81,-81,-79,-78,-76,-74,-73,
-72,-71,-71,-69,-68,-66,-64,-63,
-61,-61,-62,-63,-64,-65,-66,-66,
-67,-67,-67,-66,-65,-64,-64,-65,
-67,-70,-73,-77,-79,-82,-83,-85,
-85,-86,-86,-86,-87,-87,-87,-87,
-87,-88,-88,-88,-88,-87,-87,-87,
-87,-88,-89,-92,-95,-98,-103,-109,
-115,-122,-127,-128,-123,-108,-82,-43,
5,57,103,135,143,125,83,28,
-28,-76,-109,-124,-124,-116,-105,-96,
-90,-89,-90,-93,-95,-97,-97,-97,
-97,-97,-96,-96,-96,-96,-96,-96,
-96,-96,-95,-94,-94,-93,-93,-92,
-92,-93,-93,-93,-93,-93,-93,-93,
-94,-94,-94,-94,-94,-94,-94,-94,
-94,-94,-94,-94,-94,-95,-95,-94,
-94,-93,-92,-91,-90,-90,-90,-90,
-90,-90,-90,-91,-91,-91,-91,-92,
-92,-91,-91,-91,-91,-92,-92,-93,
-93,-94,-94,-95,-96,-97,-98,-99,
-99,-100,-100,-100,-99,-98,-98,-98,
-97,-97,-97,-96,-95,-93,-91,-89,
-86,-84,-82,-79,-77,-75,-73,-71,
-70,-69,-68,-68,-67,-67,-67,-67,
-67,-68,-68,-67,-67,-67,-66,-66,
-67,-68,-69,-70,-70,-70,-70,-70,
-69,-69,-68,-68,-68,-68,-68,-68,
-68,-67,-68,-68,-69,-69,-70,-70,
-70,-71,-71,-71,-72,-72,-72,-72,
-71,-71,-71,-71,-72,-72,-73,-73,
-73,-72,-72,-72,-72,-72,-72,-72,
-72,-72,-72,-72,-73,-73,-73,-73,
-73,-73,-73,-73,-73,-73,-73,-73,
-73,-73,-73,-73,-73,-73,-73,-73,
-73,-73,-72,-72,-71,-70,-70,-69,
-69,-69,-70,-70,-70,-70,-70,-70,
-69,-68,-67,-64,-62,-61,-59,-58,
-58,-57,-56,-55,-54,-52,-50,-49,
-48,-47,-47,-48,-49,-50,-51,-53,
-54,-55,-55,-55,-53,-52,-50,-49,
-50,-52,-55,-58,-62,-64,-67,-69,
-70,-72,-73,-74,-75,-75,-76,-76,
-76,-76,-76,-76,-76,-76,-76,-76,
-76,-76,-76,-76,-76,-75,-75,-75,
-75,-77,-79,-83,-87,-93,-99,-106,
-111,-114,-112,-100,-77,-42,4,57,
109,149,170,164,133,82,23,-32,
-75,-100,-107,-102,-91,-81,-75,-74,
-76,-79,-83,-85,-86,-86,-86,-86,
-86,-86,-87,-87,-86,-86,-85,-85,
-84,-84,-84,-83,-83,-83,-83,-83,
-83,-83,-83,-83,-83,-83,-83,-83,
-83,-83,-83,-83,-83,-84,-84,-84,
-84,-83,-83,-83,-82,-82,-81,-81,
-81,-81,-81,-81,-82,-82,-82,-82,
-82,-82,-82,-81,-81,-81,-81,-81,
-82,-82,-82,-82,-81,-81,-81,-81,
-81,-81,-82,-82,-83,-83,-84,-85,
-85,-86,-86,-85,-85,-85,-84,-84,
-84,-84,-84,-83,-82,-81,-79,-77,
-74,-72,-69,-67,-66,-65,-63,-62,
-62,-61,-61,-61,-60,-60,-59,-59,
-59,-59,-59,-59,-60,-60,-60,-59,
-59,-59,-60,-60,-61,-62,-62,-62,
-62,-62,-61,-61,-61,-62,-62,-63,
-63,-63,-63,-63,-63,-63,-63,-63,
-63,-64,-64,-64,-65,-66,-66,-67,
-67,-67,-67,-66,-66,-66,-66,-66,
-67,-67,-68,-68,-68,-68,-68,-69,
-69,-69,-69,-68,-68,-67,-67,-67,
-66,-67,-67,-67,-68,-67,-67,-66,
-66,-65,-65,-65,-65,-66,-66,-67,
-67,-67,-67,-67,-67,-68,-68,-68,
-68,-68,-68,-68,-67,-67,-67,-67,
-67,-66,-66,-66,-65,-63,-62,-60,
-58,-57,-55,-54,-53,-53,-52,-50,
-49,-47,-45,-44,-43,-42,-42,-43,
-44,-45,-46,-48,-49,-50,-50,-50,
-48,-46,-44,-43,-43,-44,-47,-51,
-55,-58,-61,-64,-65,-66,-67,-67,
-67,-67,-67,-67,-67,-67,-68,-69,
-70,-71,-71,-72,-72,-72,-71,-71,
-71,-71,-72,-74,-77,-81,-85,-89,
-94,-99,-104,-109,-112,-114,-112,-106,
-94,-73,-42,-2,45,92,132,155,
154,128,82,25,-27,-69,-93,-100,
-96,-86,-76,-70,-68,-69,-71,-74,
-75,-76,-75,-75,-75,-75,-75,-76,
-76,-76,-76,-76,-76,-76,-76,-75,
-75,-75,-75,-75,-75,-75,-75,-75,
-75,-75,-75,-74,-74,-74,-73,-73,
-73,-73,-73,-73,-74,-74,-74,-74,
-74,-74,-74,-74,-74,-74,-74,-74,
-74,-73,-73,-73,-72,-72,-72,-71,
-71,-71,-72,-72,-72,-72,-72,-72,
-71,-72,-72,-72,-73,-73,-74,-74,
-74,-74,-74,-74,-74,-74,-74,-74,
-73,-73,-72,-71,-70,-70,-69,-69,
-69,-69,-69,-68,-68,-68,-67,-66,
-65,-64,-62,-60,-59,-58,-57,-56,
-55,-54,-54,-53,-53,-53,-52,-52,
-52,-52,-52,-52,-52,-52,-53,-53,
-53,-53,-53,-53,-53,-53,-54,-54,
-55,-55,-56,-56,-56,-57,-57,-56,
-56,-56,-56,-56,-56,-56,-56,-56,
-56,-56,-56,-56,-57,-57,-58,-58,
-59,-59,-60,-61,-62,-63,-64,-64,
-64,-64,-64,-64,-64,-64,-64,-64,
-64,-64,-64,-64,-63,-63,-63,-62,
-62,-62,-62,-62,-63,-64,-65,-65,
-65,-65,-64,-63,-62,-61,-60,-60,
-60,-61,-61,-62,-62,-62,-62,-61,
-61,-61,-62,-62,-62,-62,-61,-59,
-57,-55,-54,-52,-52,-51,-51,-49,
-48,-46,-44,-43,-42,-42,-42,-43,
-43,-43,-43,-44,-45,-46,-47,-48,
-49,-49,-49,-47,-46,-46,-46,-48,
-51,-55,-59,-62,-65,-67,-67,-66,
-65,-65,-64,-64,-65,-66,-67,-67,
-68,-68,-68,-68,-68,-69,-69,-70,
-70,-70,-70,-70,-70,-71,-73,-76,
-79,-84,-90,-96,-103,-108,-110,-105,
-92,-69,-35,8,56,101,136,151,
144,114,68,15,-34,-73,-96,-105,
-102,-93,-84,-78,-74,-74,-75,-77,
-78,-79,-79,-79,-79,-79,-79,-80,
-80,-80,-80,-80,-80,-80,-80,-80,
-80,-80,-80,-81,-82,-82,-82,-82,
-82,-81,-80,-80,-80,-80,-80,-81,
-81,-81,-81,-81,-81,-81,-80,-80,
-80,-80,-80,-80,-80,-80,-81,-81,
-81,-81,-81,-81,-81,-81,-80,-80,
-80,-80,-80,-80,-80,-80,-80,-80,
-80,-80,-81,-81,-81,-82,-82,-83,
-84,-84,-85,-86,-86,-86,-86,-87,
-87,-88,-89,-90,-91,-91,-91,-91,
-90,-89,-88,-86,-83,-81,-79,-77,
-76,-75,-73,-72,-70,-68,-66,-65,
-64,-64,-64,-64,-64,-64,-64,-63,
-63,-63,-62,-62,-62,-63,-63,-63,
-63,-63,-63,-63,-63,-62,-62,-62,
-62,-62,-62,-62,-62,-63,-63,-64,
-64,-65,-66,-66,-67,-67,-67,-68,
-68,-69,-69,-69,-69,-69,-69,-69,
-69,-69,-69,-69,-69,-69,-69,-69,
-69,-69,-70,-70,-71,-71,-71,-71,
-71,-72,-72,-73,-73,-74,-74,-73,
-73,-72,-71,-71,-71,-71,-71,-71,
-71,-71,-71,-71,-71,-71,-71,-71,
-71,-71,-71,-71,-71,-72,-72,-72,
-73,-73,-73,-72,-71,-70,-69,-67,
-65,-64,-63,-61,-60,-58,-56,-54,
-53,-52,-51,-51,-51,-52,-53,-54,
-55,-55,-55,-56,-56,-56,-56,-55,
-54,-54,-55,-57,-60,-63,-66,-69,
-72,-74,-75,-75,-75,-75,-74,-74,
-74,-75,-75,-76,-76,-77,-77,-78,
-78,-78,-79,-79,-78,-78,-78,-79,
-80,-82,-84,-87,-90,-94,-99,-104,
-109,-114,-116,-116,-111,-100,-81,-54,
-18,25,73,117,150,164,153,120,
70,13,-38,-77,-100,-106,-102,-92,
-83,-77,-75,-76,-79,-81,-82,-83,
-82,-81,-80,-80,-80,-80,-81,-82,
-83,-83,-83,-83,-82,-82,-81,-81,
-80,-80,-80,-80,-80,-80,-79,-79,
-79,-79,-79,-80,-80,-80,-80,-79,
-79,-79,-79,-79,-79,-79,-79,-79,
-79,-78,-78,-77,-77,-77,-77,-77,
-77,-78,-78,-78,-78,-78,-78,-77,
-77,-77,-77,-77,-77,-77,-78,-79,
-80,-80,-81,-82,-82,-83,-83,-83,
-84,-84,-84,-85,-85,-86,-86,-86,
-85,-85,-84,-83,-82,-81,-79,-77,
-75,-73,-70,-67,-65,-63,-61,-60,
-58,-57,-56,-55,-55,-54,-53,-53,
-53,-53,-53,-54,-54,-55,-55,-55,
-55,-55,-55,-55,-55,-55,-54,-54,
-54,-54,-54,-55,-55,-56,-57,-57,
-58,-58,-58,-59,-59,-59,-59,-59,
-59,-59,-60,-60,-61,-62,-62,-62,
-62,-62,-62,-62,-62,-61,-61,-61,
-62,-62,-62,-62,-62,-62,-62,-62,
-62,-62,-62,-62,-62,-63,-63,-64,
-64,-65,-65,-65,-65,-64,-64,-64,
-63,-63,-63,-63,-63,-62,-61,-61,
-60,-60,-60,-60,-60,-61,-61,-61,
-61,-61,-60,-60,-59,-59,-60,-60,
-60,-60,-59,-57,-55,-52,-50,-48,
-46,-45,-44,-44,-43,-42,-41,-39,
-38,-38,-38,-38,-39,-41,-42,-43,
-44,-44,-45,-45,-46,-45,-44,-43,
-41,-41,-41,-43,-46,-50,-54,-57,
-59,-61,-62,-63,-64,-65,-66,-67,
-67,-68,-68,-68,-68,-68,-68,-67,
-67,-67,-66,-67,-67,-67,-67,-67,
-68,-69,-71,-75,-81,-87,-95,-102,
-108,-108,-101,-83,-53,-12,37,89,
134,162,167,146,102,46,-11,-59,
-91,-106,-106,-97,-86,-77,-71,-70,
-71,-74,-76,-77,-78,-79,-79,-79,
-80,-80,-80,-79,-79,-78,-78,-77,
-77,-77,-77,-77,-77,-77,-77,-77,
-77,-77,-77,-77,-76,-76,-76,-77,
-77,-77,-77,-77,-77,-77,-76,-76,
-76,-76,-75,-75,-75,-75,-76,-76,
-76,-76,-76,-76,-75,-75,-74,-74,
-74,-75,-75,-75,-75,-74,-73,-73,
-72,-72,-72,-72,-73,-74,-75,-76,
-76,-77,-78,-79,-79,-79,-80,-80,
-80,-80,-79,-79,-79,-79,-78,-78,
-77,-75,-74,-72,-71,-70,-69,-67,
-66,-65,-63,-61,-59,-57,-56,-55,
-54,-54,-54,-54,-54,-54,-55,-55,
-55,-55,-55,-55,-55,-55,-55,-55,
-56,-56,-56,-57,-57,-57,-58,-58,
-58,-57,-57,-57,-58,-58,-58,-59,
-59,-59,-60,-60,-60,-60,-60,-61,
-61,-61,-62,-62,-62,-63,-64,-64,
-64,-65,-65,-65,-65,-64,-64,-64,
-64,-64,-65,-65,-65,-65,-66,-67,
-68,-69,-69,-69,-69,-68,-67,-66,
-66,-65,-64,-64,-64,-64,-64,-64,
-65,-65,-66,-67,-67,-67,-67,-67,
-67,-67,-67,-66,-66,-64,-63,-60,
-58,-55,-54,-53,-52,-52,-52,-52,
-51,-50,-48,-46,-44,-43,-43,-43,
-44,-46,-47,-49,-50,-52,-53,-53,
-52,-51,-49,-48,-49,-51,-54,-57,
-61,-64,-67,-68,-69,-70,-70,-70,
-71,-72,-73,-73,-74,-75,-76,-76,
-76,-77,-77,-77,-77,-76,-76,-75,
-75,-76,-79,-83,-89,-97,-105,-113,
-120,-125,-126,-125,-121,-116,-110,-101,
-86,-64,-31,10,57,100,131,140,
124,86,35,-19,-65,-95,-108,-108,
-99,-89,-81,-78,-78,-81,-84,-86,
-87,-87,-86,-86,-85,-85,-86,-86,
-87,-87,-86,-85,-85,-84,-84,-85,
-85,-86,-86,-87,-87,-87,-87,-87,
-87,-87,-87,-88,-88,-88,-88,-87,
-87,-86,-85,-85,-84,-84,-84,-85,
-85,-85,-85,-85,-85,-85,-85,-85,
-85,-85,-85,-86,-86,-87,-87,-86,
-86,-86,-86,-86,-86,-86,-86,-86,
-86,-86,-87,-87,-88,-89,-90,-91,
-92,-92,-92,-92,-92,-92,-92,-93,
-92,-92,-91,-90,-88,-86,-85,-84,
-83,-82,-82,-81,-79,-78,-76,-74,
-73,-72,-72,-72,-72,-73,-72,-72,
-71,-70,-69,-68,-68,-69,-70,-71,
-72,-73,-73,-72,-72,-71,-71,-71,
-72,-73,-74,-75,-76,-76,-76,-76,
-76,-76,-76,-76,-76,-76,-76,-76,
-77,-77,-77,-77,-77,-77,-77,-76,
-76,-76,-76,-77,-78,-79,-80,-81,
-82,-82,-81,-80,-80,-80,-80,-80,
-81,-81,-81,-80,-80,-79,-78,-78,
-78,-79,-80,-81,-82,-83,-84,-84,
-84,-83,-83,-82,-82,-82,-81,-81,
-81,-80,-79,-77,-75,-73,-71,-70,
-69,-69,-69,-69,-68,-68,-67,-66,
-64,-63,-62,-61,-61,-62,-63,-64,
-65,-66,-66,-65,-64,-63,-62,-63,
-65,-69,-73,-77,-81,-83,-85,-86,
-86,-86,-86,-87,-87,-88,-89,-89,
-89,-89,-88,-87,-87,-87,-87,-87,
-87,-87,-87,-88,-90,-93,-97,-103,
-110,-118,-125,-128,-123,-108,-79,-37,
13,65,110,138,141,118,74,17,
-38,-84,-114,-127,-126,-118,-107,-98,
-94,-92,-94,-96,-98,-99,-99,-98,
-98,-98,-98,-98,-98,-99,-99,-99,
-99,-98,-98,-97,-97,-97,-96,-96,
-96,-96,-96,-96,-96,-95,-95,-95,
-95,-95,-95,-95,-96,-96,-96,-96,
-96,-96,-96,-95,-95,-95,-95,-94,
-94,-94,-94,-94,-93,-93,-92,-92,
-91,-91,-91,-90,-91,-91,-91,-91,
-92,-92,-92,-93,-94,-95,-96,-97,
-97,-97,-97,-97,-97,-97,-97,-97,
-98,-99,-99,-99,-99,-99,-99,-100,
-100,-100,-100,-99,-97,-96,-93,-91,
-88,-85,-82,-80,-78,-76,-74,-72,
-71,-70,-69,-68,-68,-67,-67,-66,
-66,-66,-66,-66,-67,-67,-67,-68,
-68,-69,-69,-69,-69,-69,-69,-69,
-68,-68,-68,-68,-68,-68,-68,-69,
-69,-69,-69,-69,-69,-69,-70,-71,
-71,-71,-71,-71,-71,-71,-70,-71,
-71,-71,-71,-71,-71,-71,-71,-71,
-71,-71,-71,-71,-71,-72,-72,-72,
-72,-72,-73,-73,-74,-74,-74,-73,
-73,-72,-71,-70,-70,-70,-70,-71,
-71,-71,-71,-71,-70,-70,-69,-68,
-68,-68,-68,-69,-70,-70,-70,-69,
-68,-66,-63,-61,-59,-57,-56,-56,
-55,-55,-54,-54,-53,-52,-51,-50,
-48,-47,-47,-46,-46,-47,-48,-49,
-50,-51,-52,-53,-52,-52,-51,-50,
-50,-51,-53,-56,-60,-63,-66,-68,
-69,-70,-70,-71,-71,-71,-72,-72,
-73,-73,-74,-74,-75,-75,-76,-76,
-76,-76,-76,-75,-75,-76,-78,-81,
-86,-93,-100,-107,-113,-114,-109,-95,
-69,-32,14,65,114,149,163,152,
117,64,6,-47,-85,-106,-110,-103,
-91,-81,-75,-73,-75,-79,-82,-83,
-83,-82,-81,-80,-80,-80,-80,-80,
-80,-79,-79,-79,-79,-80,-80,-80,
-80,-80,-79,-79,-79,-78,-78,-78,
-78,-78,-78,-78,-78,-78,-77,-77,
-77,-76,-76,-76,-76,-76,-76,-76,
-76,-76,-77,-77,-77,-76,-76,-76,
-76,-76,-76,-76,-76,-76,-76,-76,
-76,-76,-76,-76,-76,-76,-76,-76,
-75,-75,-75,-75,-75,-75,-76,-76,
-76,-77,-77,-77,-77,-77,-77,-78,
-78,-78,-78,-78,-79,-79,-79,-79,
-78,-78,-78,-77,-76,-74,-72,-70,
-68,-66,-64,-63,-62,-61,-60,-59,
-59,-58,-57,-57,-56,-56,-56,-56,
-56,-56,-56,-57,-57,-57,-57,-56,
-56,-56,-55,-55,-55,-55,-56,-56,
-57,-57,-58,-58,-58,-58,-58,-58,
-58,-59,-59,-60,-60,-61,-61,-61,
-61,-62,-62,-62,-62,-62,-62,-61,
-61,-61,-60,-60,-61,-61,-61,-62,
-62,-63,-64,-65,-65,-65,-65,-65,
-65,-65,-65,-65,-65,-65,-65,-65,
-64,-64,-64,-64,-64,-64,-64,-64,
-64,-63,-63,-63,-63,-63,-63,-63,
-63,-64,-64,-64,-64,-64,-63,-62,
-61,-60,-58,-56,-53,-51,-50,-49,
-48,-47,-46,-46,-45,-44,-42,-41,
-41,-40,-41,-41,-42,-43,-44,-45,
-45,-46,-46,-46,-45,-44,-43,-42,
-42,-43,-46,-49,-53,-56,-58,-60,
-61,-62,-63,-64,-64,-65,-65,-65,
-65,-65,-65,-66,-66,-66,-66,-66,
-65,-65,-65,-65,-65,-65,-65,-65,
-65,-66,-68,-70,-73,-78,-84,-91,
-98,-104,-106,-104,-93,-72,-40,2,
51,99,138,158,154,127,81,27,
-24,-65,-89,-97,-93,-84,-74,-67,
-64,-64,-66,-68,-70,-71,-71,-71,
-71,-71,-70,-70,-70,-70,-71,-71,
-71,-71,-71,-71,-71,-71,-71,-70,
-70,-70,-69,-69,-69,-69,-69,-69,
-69,-69,-68,-68,-67,-67,-67,-67,
-68,-68,-69,-69,-68,-68,-68,-67,
-67,-67,-68,-68,-68,-68,-68,-67,
-67,-66,-66,-66,-66,-66,-67,-67,
-68,-68,-68,-68,-68,-67,-67,-67,
-67,-67,-67,-67,-67,-67,-68,-68,
-68,-68,-68,-68,-68,-68,-68,-69,
-69,-70,-70,-71,-71,-71,-71,-70,
-70,-69,-68,-67,-66,-64,-62,-60,
-58,-56,-55,-54,-52,-51,-51,-50,
-50,-50,-51,-51,-51,-50,-50,-49,
-48,-48,-48,-49,-49,-50,-51,-52,
-52,-52,-53,-53,-53,-53,-53,-54,
-54,-54,-55,-55,-54,-54,-53,-53,
-53,-53,-53,-54,-54,-55,-55,-56,
-57,-58,-58,-59,-60,-61,-61,-60,
-60,-60,-59,-59,-59,-59,-59,-60,
-61,-61,-62,-62,-62,-62,-62,-62,
-61,-61,-61,-61,-61,-62,-62,-63,
-64,-64,-65,-65,-64,-64,-64,-63,
-63,-63,-63,-63,-64,-64,-64,-65,
-65,-64,-64,-64,-64,-63,-63,-63,
-62,-62,-62,-62,-62,-61,-60,-59,
-57,-55,-54,-53,-52,-52,-52,-52,
-51,-50,-49,-47,-45,-43,-42,-41,
-42,-43,-45,-46,-48,-50,-51,-51,
-51,-50,-49,-47,-45,-45,-46,-49,
-53,-57,-61,-65,-67,-68,-68,-68,
-68,-68,-69,-70,-71,-72,-73,-74,
-74,-74,-74,-74,-74,-73,-73,-73,
-72,-71,-71,-71,-72,-74,-77,-81,
-87,-94,-101,-108,-112,-113,-107,-91,
-65,-27,17,66,110,139,148,132,
95,45,-8,-55,-87,-104,-106,-100,
-92,-84,-79,-78,-79,-81,-82,-82,
-82,-81,-81,-81,-82,-83,-83,-83,
-83,-82,-82,-81,-81,-81,-82,-82,
-83,-83,-83,-83,-83,-83,-83,-83,
-83,-84,-84,-84,-83,-83,-82,-82,
-81,-81,-81,-81,-82,-81,-81,-80,
-80,-80,-80,-80,-80,-81,-81,-82,
-82,-82,-82,-83,-83,-84,-84,-83,
-82,-80,-79,-79,-78,-79,-79,-80,
-81,-82,-83,-83,-83,-83,-82,-82,
-82,-83,-83,-84,-86,-87,-88,-88,
-89,-89,-89,-89,-89,-90,-90,-90,
-90,-90,-90,-89,-89,-88,-87,-87,
-86,-85,-84,-81,-79,-76,-74,-71,
-69,-68,-67,-67,-67,-66,-66,-66,
-66,-65,-65,-65,-64,-64,-64,-63,
-62,-61,-61,-60,-61,-61,-62,-63,
-64,-65,-65,-65,-65,-64,-64,-64,
-64,-64,-64,-64,-65,-65,-66,-66,
-66,-66,-66,-66,-66,-66,-66,-67,
-68,-68,-68,-68,-68,-68,-68,-68,
-68,-68,-68,-69,-69,-70,-71,-71,
-72,-72,-72,-72,-71,-71,-70,-70,
-69,-69,-69,-69,-69,-69,-70,-70,
-71,-71,-71,-71,-71,-71,-70,-70,
-70,-70,-70,-71,-72,-72,-73,-73,
-72,-71,-71,-70,-69,-68,-67,-65,
-63,-61,-60,-58,-57,-56,-55,-54,
-54,-53,-52,-51,-50,-50,-49,-49,
-49,-49,-50,-51,-51,-52,-53,-54,
-55,-56,-56,-56,-55,-54,-54,-55,
-58,-61,-64,-68,-71,-73,-74,-74,
-73,-73,-72,-72,-73,-73,-74,-75,
-76,-77,-78,-78,-78,-78,-78,-77,
-77,-76,-76,-77,-79,-83,-87,-93,
-100,-106,-111,-112,-107,-91,-64,-24,
24,77,126,162,176,165,129,77,
18,-36,-77,-101,-109,-105,-96,-87,
-80,-77,-76,-78,-80,-81,-82,-82,
-82,-82,-82,-81,-81,-80,-80,-79,
-79,-79,-79,-79,-79,-79,-78,-78,
-78,-77,-77,-77,-77,-77,-77,-77,
-77,-77,-78,-78,-79,-79,-79,-79,
-78,-77,-77,-76,-77,-77,-77,-77,
-78,-77,-77,-76,-76,-75,-75,-74,
-75,-75,-75,-76,-76,-75,-75,-75,
-75,-75,-75,-76,-77,-77,-78,-78,
-78,-78,-78,-78,-79,-79,-80,-80,
-81,-82,-82,-82,-82,-82,-82,-83,
-82,-82,-82,-81,-81,-80,-79,-77,
-75,-73,-71,-69,-66,-64,-62,-60,
-58,-56,-55,-54,-53,-52,-52,-52,
-51,-51,-51,-51,-51,-50,-50,-50,
-49,-50,-50,-51,-52,-52,-52,-52,
-52,-52,-52,-52,-52,-52,-52,-52,
-52,-51,-51,-51,-51,-52,-52,-53,
-53,-53,-53,-53,-53,-53,-53,-53,
-54,-55,-55,-56,-56,-57,-58,-58,
-59,-59,-59,-58,-58,-57,-57,-57,
-57,-57,-58,-58,-57,-57,-56,-56,
-55,-55,-55,-56,-56,-56,-57,-57,
-57,-57,-57,-58,-58,-58,-58,-58,
-59,-59,-59,-59,-59,-58,-58,-57,
-57,-56,-56,-56,-56,-56,-56,-56,
-55,-55,-53,-52,-50,-48,-46,-44,
-43,-41,-39,-38,-36,-34,-33,-32,
-32,-32,-33,-34,-35,-36,-37,-38,
-39,-39,-38,-36,-34,-33,-32,-32,
-34,-36,-40,-44,-47,-50,-52,-54,
-56,-57,-57,-57,-57,-58,-58,-58,
-59,-60,-60,-61,-61,-62,-63,-63,
-63,-63,-62,-62,-62,-62,-64,-67,
-73,-80,-88,-96,-101,-100,-92,-74,
-45,-5,42,95,146,190,220,231,
219,185,135,76,17,-32,-69,-89,
-95,-91,-82,-73,-67,-65,-65,-67,
-69,-71,-72,-72,-72,-72,-72,-72,
-72,-71,-71,-71,-71,-71,-71,-72,
-72,-73,-73,-73,-72,-72,-71,-71,
-71,-71,-71,-72,-72,-72,-73,-72,
-72,-72,-72,-71,-72,-72,-72,-73,
-73,-74,-74,-73,-73,-72,-72,-71,
-71,-71,-70,-70,-70,-70,-70,-71,
-71,-72,-72,-73,-74,-74,-74,-74,
-75,-75,-75,-75,-74,-74,-73,-73,
-73,-73,-73,-73,-73,-73,-73,-73,
-73,-73,-72,-72,-70,-69,-67,-65,
-63,-61,-59,-57,-56,-55,-54,-54,
-54,-53,-53,-53,-52,-52,-52,-52,
-53,-53,-53,-54,-54,-54,-54,-53,
-53,-53,-54,-54,-54,-54,-54,-54,
-54,-54,-54,-54,-54,-55,-55,-56,
-56,-57,-58,-58,-59,-59,-59,-59,
-59,-59,-60,-60,-61,-61,-61,-60,
-60,-60,-61,-61,-62,-63,-63,-64,
-64,-64,-64,-64,-64,-64,-64,-64,
-63,-63,-63,-63,-63,-63,-63,-63,
-63,-63,-63,-64,-64,-65,-65,-65,
-65,-65,-65,-65,-64,-64,-63,-63,
-63,-63,-63,-63,-62,-62,-61,-59,
-58,-56,-54,-52,-51,-50,-50,-49,
-48,-46,-45,-43,-42,-41,-41,-42,
-43,-44,-45,-45,-46,-46,-46,-47,
-48,-49,-48,-47,-46,-45,-46,-47,
-50,-53,-57,-60,-62,-64,-65,-65,
-66,-66,-67,-67,-68,-68,-68,-68,
-69,-69,-69,-70,-71,-71,-72,-72,
-73,-73,-74,-75,-76,-79,-83,-89,
-96,-103,-110,-113,-111,-100,-77,-42,
2,53,101,138,155,147,114,64,
7,-43,-81,-101,-105,-99,-88,-79,
-73,-71,-73,-76,-78,-80,-81,-82,
-81,-81,-81,-81,-81,-81,-81,-81,
-82,-82,-82,-83,-83,-83,-83,-82,
-82,-82,-82,-82,-82,-82,-82,-82,
-81,-81,-81,-80,-80,-80,-80,-81,
-81,-82,-82,-83,-83,-83,-83,-84,
-84,-84,-84,-84,-84,-83,-83,-82,
-82,-82,-81,-81,-81,-81,-81,-81,
-81,-82,-82,-82,-82,-82,-82,-82,
-83,-83,-84,-84,-84,-84,-84,-84,
-83,-83,-83,-83,-84,-84,-85,-85,
-85,-84,-82,-81,-79,-78,-76,-75,
-74,-74,-73,-73,-72,-71,-70,-69,
-68,-67,-67,-67,-67,-67,-66,-65,
-64,-64,-64,-64,-65,-66,-67,-68,
-69,-69,-69,-69,-68,-68,-68,-68,
-69,-69,-69,-69,-69,-69,-69,-69,
-69,-69,-70,-71,-72,-73,-73,-74,
-74,-74,-74,-74,-74,-74,-74,-74,
-74,-74,-74,-75,-76,-77,-78,-79,
-79,-80,-80,-80,-80,-80,-80,-80,
-80,-80,-80,-80,-80,-80,-80,-80,
-81,-81,-81,-81,-81,-81,-80,-80,
-79,-78,-78,-78,-79,-79,-80,-80,
-80,-79,-77,-75,-73,-71,-70,-69,
-68,-67,-67,-66,-65,-64,-62,-60,
-59,-58,-58,-58,-59,-60,-62,-63,
-64,-64,-65,-65,-64,-63,-62,-61,
-61,-62,-65,-68,-71,-74,-77,-79,
-80,-82,-83,-83,-84,-84,-84,-83,
-83,-83,-83,-84,-85,-87,-88,-89,
-90,-90,-89,-89,-88,-88,-87,-87,
-87,-87,-88,-89,-92,-96,-102,-108,
-115,-121,-126,-126,-119,-102,-74,-35,
12,63,109,140,148,131,91,37,
-19,-68,-101,-118,-120,-114,-104,-96,
-92,-91,-93,-94,-95,-95,-94,-93,
-92,-92,-92,-93,-94,-94,-94,-95,
-95,-95,-96,-96,-96,-96,-96,-95,
-95,-94,-94,-93,-93,-93,-94,-95,
-95,-95,-95,-94,-94,-94,-94,-95,
-96,-96,-97,-97,-97,-97,-97,-96,
-96,-96,-96,-96,-95,-95,-94,-94,
-94,-93,-93,-94,-94,-94,-94,-94,
-94,-94,-94,-94,-95,-95,-96,-97,
-98,-99,-100,-101,-102,-103,-104,-104,
-105,-105,-105,-105,-105,-104,-103,-102,
-100,-98,-96,-94,-92,-90,-88,-85,
-83,-81,-79,-78,-77,-76,-75,-75,
-74,-74,-73,-72,-72,-72,-71,-71,
-70,-70,-70,-69,-69,-69,-69,-69,
-69,-70,-70,-71,-71,-71,-71,-71,
-71,-72,-72,-73,-73,-73,-73,-73,
-72,-72,-71,-71,-70,-70,-71,-72,
-73,-74,-74,-75,-75,-75,-74,-74,
-75,-75,-76,-76,-76,-77,-76,-76,
-75,-75,-75,-74,-74,-74,-74,-73,
-73,-72,-72,-72,-72,-72,-72,-72,
-72,-72,-71,-71,-71,-71,-72,-73,
-73,-74,-74,-74,-73,-73,-72,-71,
-71,-70,-70,-70,-70,-69,-68,-66,
-64,-62,-61,-59,-57,-56,-55,-53,
-52,-50,-49,-48,-48,-49,-50,-51,
-52,-54,-55,-55,-55,-54,-53,-51,
-50,-48,-48,-50,-53,-56,-60,-64,
-67,-69,-71,-72,-73,-73,-73,-72,
-72,-72,-73,-73,-74,-75,-76,-76,
-76,-75,-75,-74,-74,-74,-75,-75,
-75,-75,-75,-75,-76,-78,-81,-86,
-93,-100,-108,-113,-113,-107,-91,-64,
-25,23,76,124,160,174,162,125,
72,12,-41,-80,-102,-107,-101,-90,
-81,-75,-74,-76,-78,-81,-83,-83,
-83,-82,-82,-82,-82,-82,-82,-82,
-82,-82,-82,-82,-81,-81,-81,-80,
-80,-80,-79,-79,-78,-78,-78,-78,
-78,-78,-79,-79,-79,-80,-80,-80,
-80,-80,-80,-80,-81,-81,-81,-81,
-81,-81,-80,-80,-80,-79,-79,-79,
-79,-78,-78,-78,-78,-77,-77,-77,
-78,-78,-79,-79,-80,-81,-81,-81,
-81,-81,-81,-81,-80,-80,-80,-81,
-81,-82,-82,-83,-83,-83,-82,-82,
-82,-82,-82,-81,-81,-80,-79,-78,
-76,-75,-73,-70,-68,-66,-64,-62,
-60,-59,-58,-57,-57,-56,-56,-56,
-56,-56,-56,-56,-56,-56,-56,-56,
-57,-57,-57,-57,-57,-56,-56,-56,
-57,-58,-58,-59,-60,-60,-60,-60,
-60,-60,-60,-60,-61,-61,-62,-62,
-63,-63,-63,-63,-63,-63,-63,-63,
-63,-63,-64,-64,-65,-65,-65,-66,
-66,-66,-66,-67,-67,-67,-67,-66,
-66,-66,-66,-66,-67,-67,-67,-68,
-67,-67,-67,-67,-67,-67,-68,-68,
-67,-67,-67,-66,-66,-67,-67,-67,
-68,-68,-68,-68,-67,-67,-67,-67,
-66,-66,-65,-64,-62,-60,-58,-56,
-54,-53,-52,-51,-50,-48,-47,-45,
-44,-43,-43,-44,-45,-46,-48,-49,
-50,-50,-50,-49,-48,-46,-45,-45,
-46,-48,-51,-55,-59,-62,-64,-66,
-68,-69,-70,-71,-71,-71,-72,-72,
-72,-72,-72,-72,-72,-72,-72,-72,
-72,-72,-72,-71,-71,-72,-72,-74,
-77,-81,-87,-93,-101,-108,-114,-114,
-106,-88,-57,-14,35,86,130,156,
158,135,91,35,-19,-64,-92,-103,
-101,-93,-83,-77,-74,-75,-78,-81,
-82,-83,-82,-81,-80,-79,-79,-79,
-80,-80,-80,-81,-81,-80,-79,-79,
-78,-78,-78,-79,-79,-79,-79,-79,
-79,-79,-79,-80,-80,-80,-81,-81,
-80,-80,-79,-79,-78,-77,-77,-77,
-77,-77,-78,-79,-79,-79,-78,-78,
-77,-77,-77,-77,-78,-78,-79,-79,
-79,-79,-79,-79,-79,-78,-77,-77,
-76,-76,-77,-77,-78,-78,-78,-79,
-79,-79,-79,-79,-79,-80,-80,-81,
-81,-81,-81,-80,-79,-79,-79,-79,
-80,-80,-80,-80,-79,-77,-75,-74,
-73,-71,-70,-69,-69,-68,-67,-66,
-66,-65,-64,-64,-63,-63,-62,-62,
-62,-63,-63,-64,-64,-64,-64,-64,
-64,-64,-64,-64,-64,-65,-66,-66,
-67,-68,-69,-70,-70,-70,-69,-68,
-68,-68,-68,-69,-69,-70,-70,-71,
-71,-70,-70,-70,-70,-70,-71,-71,
-72,-73,-73,-74,-74,-74,-74,-74,
-74,-74,-74,-74,-75,-76,-76,-77,
-78,-78,-77,-77,-76,-76,-75,-75,
-76,-76,-76,-76,-76,-76,-76,-76,
-76,-76,-77,-77,-77,-77,-77,-76,
-76,-76,-76,-76,-76,-75,-74,-72,
-70,-68,-66,-65,-65,-64,-64,-64,
-63,-62,-61,-60,-59,-57,-56,-56,
-55,-56,-56,-58,-59,-60,-61,-61,
-61,-60,-59,-57,-55,-54,-53,-55,
-59,-63,-68,-73,-76,-78,-79,-79,
-79,-80,-80,-81,-81,-82,-82,-82,
-82,-81,-82,-82,-83,-83,-83,-83,
-83,-82,-81,-81,-81,-81,-81,-82,
-84,-86,-89,-93,-98,-104,-111,-117,
-121,-121,-115,-101,-76,-41,2,50,
95,130,147,141,113,68,14,-37,
-79,-105,-117,-116,-108,-98,-90,-85,
-84,-85,-87,-89,-91,-92,-92,-92,
-91,-91,-90,-89,-89,-89,-89,-89,
-90,-91,-92,-92,-92,-91,-90,-89,
-88,-88,-88,-88,-88,-89,-90,-91,
-91,-91,-91,-91,-90,-89,-89,-89,
-89,-89,-89,-90,-90,-90,-90,-90,
-90,-90,-89,-89,-89,-89,-89,-88,
-88,-88,-88,-88,-88,-88,-88,-88,
-88,-87,-87,-87,-87,-87,-88,-89,
-89,-90,-90,-90,-91,-91,-91,-92,
-92,-93,-93,-94,-94,-94,-94,-95,
-95,-95,-96,-97,-98,-99,-100,-100,
-100,-100,-98,-96,-94,-91,-89,-86,
-83,-81,-79,-77,-75,-73,-71,-70,
-69,-69,-68,-68,-68,-68,-68,-68,
-69,-69,-69,-69,-69,-69,-69,-69,
-69,-69,-69,-68,-68,-67,-67,-67,
-67,-66,-67,-67,-67,-67,-68,-68,
-69,-69,-69,-69,-70,-70,-70,-70,
-70,-70,-70,-70,-70,-70,-70,-70,
-71,-71,-72,-72,-73,-73,-74,-74,
-73,-73,-73,-73,-73,-74,-74,-75,
-75,-76,-76,-75,-75,-74,-74,-73,
-73,-72,-72,-72,-72,-72,-72,-73,
-73,-73,-74,-74,-74,-74,-73,-72,
-72,-71,-71,-71,-71,-71,-71,-71,
-70,-70,-68,-67,-65,-64,-62,-61,
-59,-58,-57,-55,-54,-52,-51,-50,
-50,-50,-50,-50,-51,-52,-53,-54,
-55,-55,-55,-53,-51,-50,-50,-51,
-53,-56,-60,-63,-66,-69,-70,-71,
-72,-73,-73,-73,-73,-72,-72,-72,
-73,-73,-73,-73,-74,-74,-74,-74,
-75,-74,-74,-74,-74,-74,-75,-77,
-80,-84,-89,-94,-100,-105,-111,-115,
-117,-115,-107,-90,-64,-26,19,70,
116,150,162,148,111,59,2,-47,
-82,-99,-102,-96,-87,-79,-75,-74,
-76,-78,-81,-82,-82,-81,-80,-79,
-79,-78,-78,-78,-78,-77,-77,-77,
-78,-78,-78,-79,-79,-79,-79,-78,
-78,-78,-78,-78,-78,-78,-78,-78,
-77,-77,-77,-77,-77,-77,-77,-77,
-78,-78,-78,-78,-77,-77,-77,-77,
-78,-78,-78,-78,-78,-78,-78,-78,
-78,-78,-78,-78,-77,-77,-76,-76,
-75,-75,-75,-75,-75,-75,-75,-76,
-76,-76,-77,-77,-78,-79,-79,-80,
-81,-81,-81,-82,-82,-82,-82,-82,
-81,-81,-80,-80,-79,-78,-77,-76,
-75,-73,-72,-71,-69,-68,-66,-64,
-62,-60,-59,-57,-56,-55,-54,-54,
-54,-54,-53,-53,-53,-53,-53,-53,
-53,-53,-53,-53,-53,-53,-52,-52,
-52,-51,-51,-51,-51,-51,-51,-52,
-52,-53,-53,-53,-54,-54,-54,-55,
-56,-56,-57,-57,-58,-58,-59,-59,
-59,-59,-60,-60,-60,-60,-60,-61,
-61,-61,-61,-62,-62,-62,-62,-62,
-62,-62,-62,-62,-63,-63,-64,-64,
-64,-64,-63,-62,-62,-62,-62,-63,
-63,-64,-64,-64,-64,-64,-63,-63,
-63,-63,-62,-62,-62,-61,-61,-61,
-61,-61,-61,-62,-62,-62,-62,-61,
-59,-57,-55,-52,-50,-48,-47,-46,
-45,-44,-43,-41,-40,-38,-38,-38,
-38,-39,-40,-42,-44,-45,-46,-46,
-46,-45,-43,-42,-42,-43,-45,-49,
-52,-56,-59,-61,-62,-63,-63,-64,
-64,-64,-64,-64,-65,-66,-66,-67,
-68,-68,-68,-69,-69,-70,-70,-70,
-70,-70,-69,-68,-69,-71,-76,-82,
-90,-97,-103,-106,-104,-97,-86,-70,
-51,-27,2,38,79,121,158,183,
187,169,129,74,14,-37,-75,-95,
-99,-93,-83,-74,-69,-67,-69,-72,
-74,-76,-77,-77,-76,-76,-76,-76,
-76,-77,-77,-78,-78,-78,-78,-78,
-78,-77,-77,-77,-76,-76,-76,-75,
-75,-75,-75,-75,-75,-75,-75,-75,
-75,-75,-75,-75,-74,-74,-74,-74,
-74,-74,-74,-74,-74,-73,-73,-73,
-73,-73,-73,-73,-73,-73,-73,-73,
-73,-74,-74,-74,-75,-75,-75,-75,
-75,-74,-74,-74,-74,-74,-75,-75,
-75,-76,-76,-76,-76,-75,-75,-75,
-75,-75,-74,-74,-73,-72,-71,-70,
-69,-67,-66,-64,-62,-61,-59,-58,
-58,-57,-57,-57,-56,-55,-55,-54,
-54,-54,-54,-54,-54,-54,-54,-53,
-53,-53,-53,-53,-54,-54,-55,-55,
-56,-56,-56,-56,-56,-56,-56,-56,
-56,-56,-56,-56,-56,-56,-56,-56,
-57,-57,-57,-58,-59,-60,-61,-61,
-62,-62,-61,-61,-60,-60,-60,-61,
-61,-61,-61,-61,-60,-60,-60,-61,
-61,-61,-62,-62,-62,-63,-63,-63,
-64,-64,-64,-63,-63,-62,-62,-62,
-62,-62,-62,-61,-61,-61,-60,-60,
-60,-60,-61,-61,-61,-61,-61,-61,
-61,-60,-59,-58,-56,-54,-51,-49,
-48,-47,-45,-44,-42,-41,-40,-39,
-39,-38,-38,-39,-40,-40,-41,-42,
-43,-43,-42,-41,-40,-40,-40,-41,
-43,-45,-47,-50,-52,-55,-57,-59,
-60,-62,-63,-64,-65,-65,-65,-66,
-66,-66,-66,-66,-67,-67,-67,-67,
-67,-66,-66,-66,-67,-68,-70,-74,
-79,-86,-95,-104,-111,-112,-103,-81,
-46,1,53,102,137,148,133,94,
41,-14,-60,-90,-103,-101,-92,-82,
-74,-70,-70,-71,-74,-75,-76,-76,
-76,-75,-75,-75,-75,-76,-76,-77,
-77,-78,-78,-77,-77,-77,-77,-77,
-77,-77,-77,-76,-76,-75,-75,-75,
-75,-76,-76,-77,-77,-78,-78,-78,
-79,-79,-79,-78,-78,-78,-77,-77,
-77,-77,-77,-77,-77,-77,-76,-75,
-75,-75,-74,-74,-74,-74,-74,-74,
-75,-75,-76,-76,-77,-78,-78,-78,
-79,-78,-78,-79,-79,-80,-80,-81,
-82,-82,-83,-83,-82,-82,-83,-83,
-84,-84,-84,-83,-81,-79,-77,-76,
-74,-72,-70,-68,-66,-64,-63,-62,
-61,-60,-59,-59,-58,-57,-57,-57,
-58,-58,-57,-57,-57,-57,-58,-59,
-60,-61,-62,-62,-61,-60,-59,-58,
-57,-58,-58,-59,-59,-59,-59,-59,
-59,-59,-60,-60,-61,-62,-63,-63,
-64,-64,-65,-65,-65,-64,-64,-64,
-65,-65,-65,-65,-65,-64,-64,-65,
-66,-67,-68,-68,-68,-68,-67,-66,
-66,-66,-66,-67,-67,-68,-68,-68,
-67,-66,-66,-65,-65,-65,-65,-65,
-65,-65,-65,-65,-66,-66,-67,-67,
-67,-66,-66,-65,-65,-64,-63,-62,
-60,-59,-57,-56,-54,-53,-52,-50,
-49,-47,-46,-44,-44,-43,-44,-45,
-47,-48,-50,-51,-51,-50,-49,-47,
-46,-47,-49,-52,-56,-60,-64,-67,
-68,-69,-68,-68,-67,-67,-67,-67,
-68,-68,-69,-69,-69,-69,-69,-69,
-70,-70,-70,-70,-69,-69,-69,-70,
-72,-75,-80,-86,-94,-101,-107,-109,
-102,-83,-52,-7,44,96,138,160,
156,125,75,18,-34,-74,-95,-100,
-94,-84,-75,-70,-69,-70,-73,-75,
-76,-75,-75,-74,-73,-73,-73,-73,
-73,-73,-73,-73,-73,-73,-73,-73,
-73,-73,-73,-74,-74,-74,-73,-73,
-73,-72,-72,-72,-72,-72,-72,-72,
-72,-71,-71,-71,-71,-71,-71,-72,
-72,-73,-73,-73,-72,-72,-71,-71,
-70,-70,-69,-69,-69,-69,-69,-69,
-69,-70,-71,-71,-72,-72,-73,-73,
-74,-74,-75,-75,-76,-76,-76,-76,
-75,-76,-76,-77,-78,-79,-79,-80,
-79,-79,-78,-76,-74,-72,-69,-67,
-65,-63,-61,-59,-57,-55,-54,-52,
-50,-49,-48,-48,-47,-47,-47,-47,
-47,-46,-46,-46,-46,-46,-46,-46,
-47,-47,-47,-48,-48,-48,-48,-48,
-48,-47,-47,-47,-47,-47,-48,-48,
-48,-48,-49,-49,-49,-49,-49,-49,
-49,-50,-50,-50,-51,-52,-52,-53,
-53,-53,-53,-52,-52,-51,-51,-51,
-50,-50,-51,-51,-51,-51,-51,-51,
-51,-50,-50,-50,-50,-51,-52,-52,
-53,-53,-53,-52,-52,-51,-51,-50,
-50,-50,-50,-50,-50,-50,-49,-49,
-49,-49,-48,-48,-48,-48,-49,-49,
-49,-49,-47,-46,-44,-42,-40,-38,
-37,-36,-34,-32,-31,-30,-29,-28,
-28,-29,-29,-30,-30,-31,-31,-31,
-31,-30,-28,-27,-27,-29,-32,-36,
-40,-45,-48,-51,-52,-52,-51,-51,
-51,-51,-52,-53,-53,-54,-54,-54,
-53,-53,-53,-53,-53,-54,-55,-55,
-56,-58,-60,-63,-66,-71,-76,-82,
-88,-94,-98,-96,-87,-68,-37,5,
56,109,155,184,188,167,122,64,
6,-42,-73,-86,-85,-76,-66,-58,
-55,-56,-58,-61,-63,-64,-64,-63,
-62,-61,-61,-61,-62,-62,-63,-63,
-63,-63,-63,-63,-62,-62,-62,-62,
-62,-61,-61,-61,-60,-60,-60,-59,
-58,-58,-57,-58,-58,-58,-59,-60,
-60,-61,-62,-62,-62,-62,-62,-63,
-63,-64,-64,-63,-63,-62,-61,-61,
-60,-60,-60,-60,-60,-60,-60,-60,
-60,-60,-60,-60,-60,-60,-60,-61,
-61,-62,-62,-62,-62,-62,-62,-62,
-62,-62,-62,-62,-62,-62,-61,-61,
-61,-61,-60,-59,-58,-56,-55,-53,
-52,-50,-49,-47,-45,-44,-42,-41,
-40,-40,-40,-39,-39,-38,-38,-37,
-37,-37,-37,-37,-37,-37,-37,-38,
-38,-39,-39,-39,-39,-39,-39,-40,
-40,-40,-40,-41,-41,-41,-41,-41,
-42,-42,-42,-42,-42,-42,-42,-43,
-43,-44,-44,-44,-44,-44,-44,-44,
-44,-44,-45,-45,-46,-46,-47,-47,
-47,-47,-46,-46,-46,-45,-45,-45,
-45,-45,-46,-46,-46,-47,-47,-47,
-47,-46,-46,-46,-46,-46,-46,-46,
-46,-47,-47,-46,-46,-46,-45,-45,
-45,-45,-44,-44,-44,-44,-44,-44,
-44,-45,-45,-46,-45,-45,-44,-42,
-40,-38,-36,-35,-34,-33,-32,-30,
-29,-27,-25,-23,-22,-21,-21,-22,
-23,-24,-25,-25,-26,-27,-28,-30,
-30,-30,-28,-26,-24,-23,-23,-24,
-27,-31,-35,-39,-41,-43,-44,-45,
-46,-46,-46,-45,-45,-45,-46,-46,
-47,-48,-49,-50,-50,-50,-50,-49,
-49,-49,-49,-49,-50,-52,-55,-59,
-65,-72,-79,-87,-92,-93,-87,-72,
-46,-8,37,88,135,168,180,167,
130,78,21,-28,-63,-81,-83,-76,
-65,-56,-51,-50,-52,-54,-56,-57,
-57,-56,-55,-54,-54,-55,-55,-56,
-57,-57,-57,-57,-58,-58,-58,-59,
-59,-59,-58,-58,-58,-57,-57,-57,
-57,-57,-56,-56,-55,-55,-55,-54,
-55,-55,-55,-56,-56,-57,-57,-57,
-57,-57,-57,-57,-57,-57,-56,-56,
-56,-56,-56,-56,-56,-55,-55,-55,
-55,-55,-56,-56,-56,-55,-55,-54,
-54,-53,-53,-54,-54,-55,-56,-57,
-58,-58,-59,-59,-59,-58,-58,-58,
-58,-58,-58,-58,-58,-58,-58,-58,
-57,-56,-55,-54,-52,-51,-49,-48,
-47,-45,-44,-44,-43,-43,-44,-44,
-44,-43,-42,-41,-40,-39,-38,-38,
-38,-39,-39,-40,-40,-40,-41,-40,
-40,-40,-40,-41,-41,-41,-42,-42,
-42,-42,-43,-43,-44,-45,-46,-47,
-47,-48,-48,-48,-47,-47,-47,-47,
-48,-48,-49,-49,-49,-49,-49,-49,
-49,-50,-51,-52,-53,-54,-54,-54,
-54,-53,-53,-53,-53,-53,-53,-52,
-52,-51,-51,-51,-51,-51,-52,-52,
-52,-52,-52,-52,-52,-53,-53,-54,
-54,-54,-55,-55,-56,-56,-56,-55,
-55,-54,-54,-53,-53,-52,-52,-51,
-51,-50,-49,-48,-48,-47,-46,-45,
-43,-41,-39,-37,-35,-34,-33,-33,
-33,-34,-35,-35,-36,-37,-38,-39,
-39,-40,-40,-39,-38,-36,-35,-35,
-36,-39,-43,-47,-52,-56,-58,-60,
-61,-61,-61,-61,-60,-60,-60,-59,
-59,-59,-59,-59,-60,-60,-61,-62,
-63,-63,-64,-64,-63,-63,-63,-63,
-63,-63,-64,-65,-66,-67,-69,-73,
-78,-85,-92,-98,-102,-100,-91,-73,
-43,-3,44,92,132,156,158,137,
95,42,-10,-54,-83,-95,-95,-88,
-78,-70,-66,-66,-67,-70,-73,-74,
-75,-75,-75,-74,-74,-73,-72,-72,
-72,-73,-74,-75,-76,-76,-76,-76,
-75,-74,-73,-73,-72,-72,-73,-73,
-73,-73,-74,-74,-74,-75,-75,-75,
-76,-76,-76,-76,-76,-75,-74,-73,
-72,-72,-72,-72,-72,-72,-72,-73,
-73,-74,-75,-76,-76,-77,-77,-77,
-78,-78,-77,-77,-76,-75,-74,-74,
-74,-75,-76,-77,-78,-79,-80,-81,
-82,-84,-85,-85,-85,-85,-84,-83,
-82,-83,-83,-84,-84,-84,-84,-83,
-82,-80,-78,-76,-75,-73,-72,-70,
-69,-67,-65,-63,-62,-60,-59,-58,
-57,-55,-55,-54,-53,-53,-53,-53,
-53,-54,-54,-54,-54,-54,-54,-53,
-53,-52,-53,-53,-54,-55,-55,-56,
-57,-58,-59,-59,-60,-60,-59,-59,
-59,-58,-58,-58,-58,-58,-59,-59,
-59,-59,-58,-58,-58,-58,-58,-59,
-59,-60,-60,-61,-62,-62,-62,-63,
-63,-63,-63,-63,-63,-64,-64,-64,
-64,-63,-63,-62,-61,-61,-61,-61,
-61,-62,-63,-63,-64,-64,-65,-65,
-65,-65,-65,-64,-64,-63,-63,-62,
-62,-61,-61,-60,-59,-57,-56,-54,
-52,-51,-50,-50,-49,-48,-47,-46,
-45,-44,-43,-43,-43,-43,-44,-44,
-45,-45,-45,-46,-46,-45,-44,-43,
-42,-41,-41,-42,-45,-48,-52,-56,
-59,-62,-63,-64,-65,-64,-64,-63,
-62,-62,-62,-62,-62,-63,-63,-64,
-64,-65,-65,-65,-65,-65,-65,-64,
-64,-64,-64,-66,-69,-73,-78,-84,
-90,-95,-99,-100,-96,-85,-63,-32,
8,56,104,145,169,170,148,105,
51,-2,-47,-77,-91,-92,-85,-76,
-69,-65,-64,-65,-67,-68,-69,-69,
-69,-68,-68,-68,-68,-68,-68,-68,
-68,-67,-67,-67,-67,-67,-68,-69,
-69,-70,-70,-70,-69,-69,-68,-68,
-68,-68,-68,-68,-68,-68,-68,-68,
-68,-68,-68,-67,-67,-67,-67,-68,
-68,-69,-70,-70,-70,-69,-68,-67,
-67,-66,-67,-67,-67,-67,-66,-66,
-65,-65,-64,-64,-65,-65,-66,-67,
-67,-68,-68,-69,-69,-70,-70,-71,
-71,-72,-72,-72,-73,-73,-73,-72,
-72,-72,-72,-72,-71,-71,-71,-71,
-70,-70,-69,-67,-66,-64,-61,-59,
-56,-54,-52,-51,-49,-48,-48,-47,
-47,-47,-46,-46,-46,-45,-46,-46,
-46,-46,-47,-47,-47,-47,-46,-46,
-45,-45,-45,-45,-45,-45,-46,-47,
-48,-48,-48,-47,-47,-46,-46,-46,
-47,-47,-48,-49,-49,-49,-49,-50,
-50,-50,-51,-51,-51,-51,-52,-52,
-52,-52,-52,-51,-51,-51,-51,-51,
-51,-51,-51,-51,-51,-51,-52,-52,
-52,-53,-53,-53,-53,-54,-54,-54,
-55,-55,-55,-55,-54,-54,-53,-52,
-52,-52,-52,-52,-52,-52,-51,-51,
-51,-51,-51,-51,-51,-51,-51,-51,
-50,-49,-48,-46,-44,-42,-41,-40,
-39,-38,-38,-37,-35,-34,-32,-31,
-30,-29,-29,-29,-29,-30,-30,-31,
-31,-32,-33,-34,-34,-33,-32,-31,
-30,-30,-32,-35,-39,-43,-46,-49,
-51,-52,-53,-53,-53,-53,-52,-53,
-53,-54,-55,-55,-56,-57,-57,-58,
-58,-59,-59,-60,-60,-60,-59,-58,
-57,-56,-57,-58,-61,-64,-69,-74,
-79,-85,-91,-96,-98,-95,-85,-65,
-34,7,57,107,151,178,181,158,
114,57,0,-46,-76,-87,-85,-76,
-65,-58,-55,-55,-58,-61,-63,-65,
-65,-64,-64,-64,-64,-64,-64,-64,
-65,-65,-65,-65,-66,-66,-66,-65,
-65,-64,-64,-64,-63,-63,-63,-63,
-62,-62,-62,-62,-62,-62,-62,-62,
-62,-62,-62,-63,-64,-65,-65,-66,
-66,-66,-66,-65,-64,-64,-63,-62,
-62,-62,-62,-62,-62,-61,-61,-61,
-60,-60,-60,-60,-61,-62,-63,-63,
-64,-63,-63,-63,-63,-63,-63,-63,
-64,-64,-64,-64,-65,-65,-65,-65,
-65,-64,-64,-63,-63,-63,-62,-62,
-62,-61,-60,-58,-57,-56,-55,-54,
-53,-52,-51,-50,-49,-47,-46,-45,
-44,-44,-43,-43,-43,-43,-43,-44,
-44,-44,-44,-44,-44,-44,-44,-45,
-45,-46,-46,-46,-47,-47,-47,-47,
-47,-47,-47,-47,-48,-48,-48,-48,
-49,-49,-50,-50,-50,-51,-51,-52,
-52,-53,-53,-53,-54,-54,-54,-55,
-55,-55,-56,-56,-56,-55,-55,-55,
-54,-55,-55,-55,-55,-55,-55,-55,
-55,-55,-55,-56,-56,-56,-56,-56,
-56,-56,-56,-55,-55,-55,-55,-55,
-55,-55,-55,-56,-56,-56,-55,-54,
-53,-50,-48,-46,-44,-42,-41,-40,
-39,-39,-38,-37,-37,-35,-34,-33,
-33,-32,-32,-32,-33,-33,-34,-35,
-36,-37,-38,-38,-38,-37,-36,-36,
-36,-38,-41,-44,-48,-51,-54,-56,
-58,-58,-58,-58,-58,-58,-59,-59,
-60,-60,-60,-61,-61,-62,-62,-62,
-62,-62,-62,-61,-61,-62,-64,-69,
-75,-83,-90,-97,-101,-101,-97,-90,
-80,-67,-49,-26,4,42,83,123,
153,167,158,127,79,24,-26,-65,
-87,-94,-89,-80,-71,-65,-63,-64,
-66,-68,-68,-69,-68,-68,-68,-68,
-68,-68,-69,-69,-70,-71,-71,-71,
-70,-70,-69,-68,-68,-67,-67,-67,
-68,-68,-68,-68,-68,-68,-69,-69,
-69,-69,-69,-69,-69,-68,-68,-68,
-67,-67,-67,-66,-66,-67,-67,-67,
-67,-67,-68,-68,-69,-69,-69,-69,
-69,-68,-68,-67,-67,-66,-66,-66,
-66,-67,-67,-68,-69,-69,-70,-71,
-72,-72,-72,-72,-72,-73,-73,-73,
-74,-74,-74,-73,-73,-72,-71,-70,
-69,-68,-67,-66,-65,-63,-62,-60,
-58,-56,-54,-53,-52,-52,-52,-53,
-54,-54,-55,-54,-54,-53,-53,-53,
-52,-52,-53,-53,-53,-53,-53,-53,
-54,-54,-54,-55,-56,-57,-58,-59,
-60,-60,-59,-59,-58,-57,-57,-57,
-58,-59,-60,-61,-61,-61,-60,-59,
-59,-59,-59,-60,-61,-61,-62,-62,
-62,-62,-62,-62,-62,-62,-62,-63,
-63,-63,-63,-63,-63,-63,-63,-64,
-64,-65,-65,-65,-65,-65,-65,-64,
-64,-64,-64,-64,-64,-64,-64,-64,
-64,-64,-64,-63,-62,-60,-59,-57,
-56,-55,-53,-52,-51,-49,-47,-46,
-44,-43,-42,-42,-42,-43,-44,-45,
-46,-47,-47,-48,-47,-47,-46,-45,
-44,-45,-47,-49,-52,-55,-57,-59,
-61,-62,-63,-64,-65,-66,-67,-68,
-69,-69,-69,-69,-68,-68,-69,-69,
-69,-70,-70,-70,-70,-70,-70,-70,
-70,-71,-73,-77,-82,-90,-98,-105,
-109,-106,-93,-67,-29,18,70,116,
147,154,136,95,40,-14,-60,-90,
-102,-101,-92,-82,-75,-71,-71,-73,
-75,-76,-77,-76,-75,-75,-75,-75,
-75,-76,-76,-76,-76,-76,-76,-77,
-76,-76,-76,-76,-76,-75,-75,-75,
-74,-74,-73,-73,-73,-73,-74,-74,
-75,-75,-75,-75,-75,-75,-76,-77,
-78,-79,-80,-80,-79,-77,-75,-73,
-72,-71,-71,-71,-72,-72,-73,-73,
-73,-72,-72,-72,-73,-73,-74,-74,
-74,-75,-76,-76,-77,-78,-79,-80,
-80,-81,-81,-81,-81,-81,-81,-82,
-83,-84,-85,-85,-85,-85,-84,-83,
-81,-79,-77,-76,-74,-72,-70,-68,
-65,-63,-61,-59,-57,-55,-54,-53,
-53,-52,-52,-52,-51,-51,-51,-51,
-51,-51,-51,-51,-51,-51,-52,-52,
-52,-52,-52,-52,-52,-52,-52,-52,
-52,-52,-52,-52,-53,-53,-53,-54,
-54,-54,-55,-55,-55,-56,-56,-56,
-57,-57,-57,-56,-56,-56,-56,-56,
-56,-56,-56,-56,-56,-56,-56,-56,
-56,-57,-57,-57,-57,-57,-57,-56,
-56,-55,-55,-54,-54,-54,-53,-53,
-52,-52,-51,-51,-52,-52,-53,-53,
-53,-54,-54,-54,-54,-53,-53,-54,
-54,-54,-53,-52,-50,-48,-47,-45,
-44,-42,-41,-39,-37,-34,-32,-30,
-30,-30,-30,-31,-33,-34,-35,-35,
-36,-35,-35,-33,-32,-32,-33,-34,
-37,-40,-43,-46,-48,-49,-50,-50,
-50,-51,-51,-51,-52,-52,-52,-53,
-53,-54,-54,-55,-55,-55,-55,-54,
-54,-53,-52,-51,-51,-53,-55,-60,
-66,-73,-81,-89,-93,-93,-85,-67,
-39,0,47,100,150,191,215,217,
194,150,92,32,-20,-58,-78,-82,
-77,-67,-59,-54,-54,-55,-58,-60,
-61,-61,-61,-61,-61,-61,-61,-61,
-61,-60,-60,-59,-59,-60,-60,-60,
-61,-60,-60,-60,-59,-58,-58,-58,
-58,-58,-58,-58,-58,-58,-58,-58,
-58,-58,-58,-58,-58,-58,-58,-57,
-57,-56,-56,-55,-55,-55,-54,-54,
-55,-55,-55,-56,-56,-57,-57,-58,
-58,-58,-58,-58,-58,-58,-59,-59,
-60,-61,-61,-62,-62,-62,-62,-62,
-62,-62,-62,-62,-62,-62,-62,-61,
-61,-60,-59,-58,-57,-56,-54,-52,
-51,-49,-48,-46,-45,-43,-42,-41,
-40,-38,-37,-36,-36,-36,-36,-36,
-36,-36,-35,-35,-34,-34,-34,-34,
-34,-34,-34,-34,-34,-34,-34,-34,
-34,-35,-36,-36,-37,-37,-37,-37,
-37,-37,-37,-37,-37,-37,-37,-37,
-37,-38,-38,-39,-40,-40,-41,-42,
-42,-43,-43,-44,-44,-44,-44,-44,
-43,-42,-42,-42,-42,-42,-42,-42,
-43,-43,-43,-43,-43,-43,-43,-43,
-42,-42,-42,-42,-42,-42,-42,-43,
-43,-44,-44,-45,-45,-44,-44,-44,
-43,-43,-43,-42,-42,-41,-41,-41,
-42,-42,-42,-41,-40,-38,-36,-33,
-32,-30,-29,-29,-28,-27,-26,-25,
-23,-22,-21,-21,-21,-21,-22,-23,
-24,-24,-25,-25,-25,-25,-24,-24,
-24,-25,-27,-31,-35,-38,-42,-44,
-45,-46,-46,-46,-45,-45,-45,-45,
-46,-46,-47,-48,-48,-49,-49,-50,
-50,-50,-50,-50,-50,-50,-51,-52,
-54,-57,-61,-65,-71,-77,-83,-89,
-92,-90,-81,-62,-31,10,60,112,
156,182,184,159,113,56,0,-44,
-70,-79,-75,-65,-55,-49,-47,-49,
-53,-56,-58,-58,-58,-57,-56,-55,
-55,-55,-55,-55,-55,-55,-54,-54,
-54,-54,-54,-53,-53,-54,-54,-54,
-54,-55,-55,-55,-55,-55,-54,-54,
-54,-54,-53,-53,-53,-53,-52,-52,
-52,-52,-53,-53,-53,-53,-53,-52,
-52,-52,-52,-52,-52,-52,-53,-53,
-52,-52,-52,-52,-52,-52,-52,-51,
-51,-51,-51,-51,-51,-51,-52,-52,
-53,-53,-53,-53,-53,-53,-53,-54,
-54,-55,-55,-55,-54,-53,-52,-50,
-48,-46,-44,-42,-41,-40,-39,-38,
-37,-36,-35,-34,-33,-33,-32,-32,
-32,-32,-32,-32,-32,-32,-32,-32,
-33,-33,-33,-33,-34,-33,-33,-33,
-33,-34,-34,-34,-35,-36,-36,-37,
-37,-37,-37,-37,-38,-38,-38,-37,
-37,-37,-38,-38,-38,-39,-39,-39,
-39,-39,-39,-40,-41,-41,-42,-42,
-42,-42,-41,-41,-41,-41,-41,-41,
-41,-41,-42,-42,-43,-44,-45,-46,
-46,-45,-45,-44,-43,-43,-43,-43,
-44,-44,-44,-45,-45,-44,-44,-44,
-45,-45,-46,-46,-46,-46,-46,-45,
-45,-44,-43,-43,-42,-41,-39,-38,
-36,-34,-32,-30,-29,-28,-27,-27,
-26,-25,-24,-23,-22,-21,-21,-22,
-23,-24,-25,-25,-26,-26,-26,-25,
-24,-23,-21,-21,-22,-24,-26,-29,
-31,-33,-34,-36,-37,-39,-41,-43,
-44,-45,-46,-47,-47,-47,-48,-48,
-49,-49,-50,-50,-50,-50,-50,-50,
-50,-50,-50,-50,-50,-50,-50,-51,
-53,-57,-62,-68,-76,-84,-91,-94,
-93,-83,-65,-36,1,47,95,139,
172,186,179,151,106,53,1,-41,
-68,-81,-81,-74,-66,-60,-57,-57,
-59,-61,-62,-62,-61,-60,-59,-58,
-57,-57,-57,-58,-58,-59,-59,-60,
-61,-61,-61,-62,-62,-61,-61,-61,
-60,-60,-59,-59,-60,-60,-61,-61,
-62,-63,-63,-64,-64,-64,-63,-63,
-62,-62,-62,-62,-63,-64,-64,-64,
-64,-63,-62,-62,-63,-63,-63,-64,
-64,-63,-63,-62,-62,-61,-61,-61,
-61,-62,-62,-63,-63,-64,-64,-64,
-64,-64,-63,-63,-62,-62,-63,-64,
-64,-65,-66,-66,-66,-67,-67,-67,
-68,-68,-69,-69,-68,-68,-68,-68,
-67,-67,-66,-64,-63,-62,-60,-59,
-57,-55,-53,-52,-50,-48,-47,-47,
-46,-47,-47,-47,-47,-47,-47,-46,
-46,-46,-45,-46,-46,-47,-47,-48,
-49,-49,-49,-50,-49,-49,-49,-48,
-48,-48,-48,-49,-49,-49,-50,-51,
-51,-52,-52,-52,-52,-52,-52,-53,
-53,-54,-54,-55,-55,-54,-54,-54,
-54,-55,-55,-56,-57,-57,-57,-56,
-56,-55,-54,-54,-54,-54,-54,-55,
-55,-56,-57,-58,-59,-59,-60,-60,
-59,-59,-59,-59,-60,-60,-61,-61,
-61,-61,-60,-59,-59,-58,-58,-57,
-57,-57,-57,-57,-57,-57,-58,-58,
-58,-59,-58,-58,-58,-57,-56,-55,
-53,-52,-51,-50,-49,-47,-45,-42,
-40,-38,-38,-38,-38,-39,-40,-41,
-41,-42,-42,-42,-42,-42,-42,-42,
-41,-41,-41,-42,-43,-46,-50,-54,
-57,-60,-63,-64,-65,-65,-65,-66,
-66,-66,-66,-66,-67,-68,-69,-70,
-70,-70,-70,-69,-68,-67,-67,-67,
-67,-67,-68,-68,-69,-69,-69,-70,
-72,-75,-79,-85,-91,-97,-103,-105,
-102,-92,-72,-41,0,47,95,134,
158,158,135,91,38,-15,-59,-88,
-100,-100,-93,-84,-76,-72,-71,-72,
-74,-75,-76,-76,-76,-75,-75,-75,
-75,-75,-75,-74,-74,-74,-74,-75,
-75,-76,-77,-77,-76,-76,-76,-76,
-75,-75,-75,-75,-75,-75,-75,-75,
-75,-76,-76,-76,-76,-75,-75,-74,
-74,-74,-74,-75,-76,-77,-78,-78,
-79,-78,-78,-77,-77,-76,-76,-76,
-76,-76,-75,-75,-74,-75,-75,-76,
-77,-78,-78,-78,-79,-79,-79,-79,
-80,-80,-81,-82,-83,-84,-85,-87,
-88,-88,-88,-88,-87,-87,-87,-86,
-86,-85,-84,-82,-80,-78,-76,-74,
-72,-70,-68,-66,-64,-63,-61,-59,
-58,-57,-57,-56,-56,-55,-55,-54,
-54,-54,-54,-54,-54,-53,-53,-53,
-53,-53,-53,-53,-53,-53,-54,-53,
-53,-53,-53,-53,-53,-54,-55,-56,
-56,-56,-55,-54,-53,-53,-53,-53,
-54,-54,-55,-56,-56,-57,-57,-57,
-57,-57,-57,-58,-58,-58,-58,-58,
-58,-59,-59,-60,-60,-60,-60,-60,
-60,-60,-59,-59,-59,-59,-59,-59,
-59,-59,-59,-59,-59,-59,-59,-58,
-58,-58,-58,-58,-58,-59,-59,-59,
-59,-58,-58,-57,-57,-57,-56,-56,
-56,-55,-55,-53,-52,-50,-48,-47,
-46,-45,-45,-45,-45,-45,-44,-43,
-42,-40,-38,-37,-35,-35,-35,-36,
-37,-38,-39,-40,-41,-41,-41,-40,
-39,-37,-36,-36,-37,-40,-43,-48,
-51,-55,-57,-59,-60,-61,-61,-61,
-61,-60,-60,-60,-60,-60,-60,-60,
-60,-60,-60,-60,-60,-60,-59,-59,
-58,-58,-58,-59,-60,-63,-66,-70,
-75,-81,-87,-94,-98,-100,-95,-81,
-55,-17,31,84,133,168,179,165,
125,70,12,-38,-73,-90,-92,-84,
-73,-65,-61,-60,-62,-65,-67,-69,
-69,-68,-67,-67,-66,-67,-67,-67,
-68,-68,-68,-68,-69,-69,-69,-69,
-69,-68,-67,-67,-66,-66,-65,-65,
-65,-65,-65,-64,-64,-63,-63,-63,
-64,-64,-65,-66,-66,-66,-66,-66,
-66,-66,-66,-66,-66,-66,-66,-66,
-66,-66,-66,-66,-66,-66,-66,-66,
-66,-66,-66,-66,-66,-66,-66,-66,
-66,-67,-68,-68,-69,-69,-69,-68,
-67,-67,-67,-67,-67,-67,-68,-68,
-68,-67,-67,-66,-65,-64,-62,-61,
-59,-58,-56,-54,-53,-52,-51,-50,
-49,-49,-48,-47,-45,-44,-44,-44,
-43,-43,-44,-43,-43,-43,-42,-42,
-42,-42,-42,-43,-43,-43,-44,-44,
-44,-44,-44,-44,-44,-44,-44,-44,
-44,-44,-44,-45,-45,-46,-46,-47,
-47,-48,-49,-49,-49,-50,-50,-50,
-50,-50,-50,-50,-49,-49,-49,-50,
-50,-51,-52,-52,-53,-53,-53,-53,
-52,-52,-52,-51,-51,-51,-51,-51,
-52,-52,-52,-52,-51,-50,-50,-49,
-49,-49,-50,-50,-51,-51,-51,-51,
-51,-50,-50,-49,-49,-48,-48,-47,
-45,-43,-41,-39,-37,-36,-35,-35,
-35,-34,-34,-32,-31,-29,-28,-27,
-26,-26,-27,-28,-30,-31,-33,-34,
-35,-35,-34,-32,-29,-27,-26,-26,
-29,-32,-36,-40,-44,-47,-48,-50,
-50,-51,-51,-52,-52,-53,-53,-54,
-54,-55,-55,-55,-55,-54,-54,-53,
-53,-53,-53,-54,-55,-57,-59,-63,
-68,-75,-82,-89,-95,-96,-90,-74,
-47,-7,41,93,138,169,176,157,
115,60,3,-42,-73,-85,-84,-75,
-64,-56,-53,-53,-55,-58,-61,-62,
-63,-63,-63,-63,-63,-63,-63,-63,
-63,-62,-62,-62,-62,-62,-62,-61,
-61,-61,-61,-61,-61,-61,-61,-61,
-61,-61,-61,-61,-60,-60,-59,-59,
-59,-59,-59,-59,-59,-59,-59,-59,
-59,-59,-59,-59,-59,-59,-59,-59,
-59,-58,-58,-58,-58,-58,-58,-58,
-58,-58,-58,-57,-57,-57,-57,-57,
-57,-57,-57,-58,-59,-60,-60,-61,
-62,-62,-62,-62,-62,-62,-62,-62,
-61,-61,-60,-59,-58,-57,-56,-55,
-55,-54,-53,-51,-49,-48,-46,-45,
-44,-43,-43,-43,-43,-42,-42,-42,
-42,-42,-41,-41,-41,-41,-41,-41,
-41,-41,-41,-42,-42,-42,-42,-42,
-41,-41,-42,-42,-42,-43,-44,-44,
-45,-45,-46,-46,-46,-46,-47,-47,
-47,-47,-47,-47,-47,-48,-48,-49,
-49,-49,-49,-49,-49,-49,-49,-49,
-49,-50,-50,-51,-51,-52,-52,-52,
-52,-52,-51,-51,-51,-51,-51,-51,
-51,-52,-52,-52,-51,-51,-51,-51,
-51,-50,-50,-50,-50,-51,-51,-51,
-51,-51,-51,-51,-50,-50,-49,-47,
-46,-44,-43,-41,-40,-40,-39,-39,
-39,-38,-36,-34,-32,-31,-30,-29,
-29,-30,-30,-31,-32,-34,-35,-36,
-36,-35,-34,-32,-31,-31,-33,-36,
-40,-45,-49,-52,-55,-56,-57,-56,
-56,-55,-54,-54,-54,-55,-57,-58,
-59,-60,-60,-59,-59,-59,-59,-59,
-59,-60,-60,-61,-63,-66,-69,-73,
-78,-84,-89,-95,-100,-103,-104,-100,
-90,-73,-47,-11,31,78,119,146,
152,134,96,45,-7,-50,-79,-92,
-91,-83,-74,-67,-63,-62,-64,-65,
-66,-67,-67,-67,-67,-67,-68,-69,
-69,-69,-69,-68,-68,-67,-67,-67,
-67,-67,-68,-68,-67,-67,-67,-67,
-67,-67,-67,-67,-67,-67,-67,-67,
-67,-67,-68,-68,-68,-67,-67,-66,
-66,-66,-66,-66,-67,-67,-67,-68,
-68,-68,-68,-68,-68,-69,-69,-68,
-68,-67,-66,-65,-65,-66,-66,-67,
-67,-68,-68,-69,-69,-70,-71,-72,
-72,-72,-72,-72,-72,-72,-73,-73,
-74,-74,-73,-72,-71,-69,-66,-64,
-61,-59,-57,-55,-54,-53,-52,-51,
-50,-49,-49,-48,-48,-48,-48,-48,
-49,-49,-49,-49,-50,-51,-51,-52,
-52,-52,-52,-52,-51,-50,-49,-49,
-49,-50,-51,-52,-52,-53,-53,-53,
-53,-53,-53,-54,-54,-55,-55,-56,
-56,-56,-56,-56,-56,-55,-55,-55,
-55,-56,-56,-57,-58,-58,-59,-59,
-60,-59,-59,-59,-59,-59,-59,-58,
-58,-58,-58,-58,-58,-59,-59,-60,
-60,-60,-59,-58,-58,-57,-56,-56,
-56,-57,-57,-58,-59,-60,-60,-59,
-58,-56,-53,-51,-48,-46,-44,-43,
-42,-41,-40,-39,-38,-38,-37,-38,
-38,-38,-38,-37,-37,-37,-38,-39,
-40,-40,-40,-39,-38,-37,-37,-37,
-40,-43,-47,-50,-54,-56,-58,-59,
-60,-61,-62,-62,-62,-62,-62,-61,
-61,-61,-62,-62,-63,-63,-64,-63,
-63,-63,-62,-62,-62,-63,-64,-66,
-70,-74,-80,-87,-93,-98,-99,-92,
-74,-45,-3,45,96,137,161,161,
135,89,34,-19,-61,-86,-95,-91,
-82,-72,-65,-63,-63,-65,-68,-69,
-69,-69,-69,-68,-68,-68,-69,-69,
-69,-68,-68,-67,-67,-66,-66,-67,
-67,-67,-68,-68,-69,-69,-70,-70,
-71,-71,-71,-71,-71,-70,-70,-69,
-69,-69,-69,-69,-69,-70,-70,-70,
-70,-70,-69,-68,-68,-67,-67,-67,
-67,-67,-68,-68,-68,-68,-68,-68,
-69,-69,-69,-69,-69,-69,-69,-69,
-69,-69,-69,-70,-71,-72,-72,-73,
-74,-74,-75,-75,-76,-76,-77,-77,
-77,-77,-77,-76,-74,-72,-70,-67,
-64,-62,-60,-58,-56,-55,-53,-51,
-48,-46,-44,-43,-42,-41,-41,-41,
-41,-41,-41,-41,-41,-42,-42,-42,
-41,-41,-40,-39,-39,-38,-38,-38,
-38,-39,-39,-39,-39,-39,-39,-39,
-39,-39,-39,-39,-40,-40,-41,-42,
-42,-42,-42,-42,-42,-41,-41,-41,
-42,-42,-42,-42,-42,-42,-42,-42,
-43,-43,-44,-44,-43,-43,-42,-42,
-42,-43,-43,-43,-43,-42,-42,-42,
-42,-42,-42,-42,-42,-41,-40,-40,
-40,-40,-40,-40,-40,-41,-41,-41,
-41,-41,-40,-40,-40,-40,-40,-40,
-40,-40,-39,-39,-39,-38,-37,-35,
-33,-31,-29,-27,-26,-25,-24,-23,
-21,-20,-19,-18,-17,-17,-18,-18,
-19,-20,-22,-23,-23,-23,-23,-21,
-20,-19,-18,-18,-20,-24,-27,-31,
-35,-37,-39,-40,-40,-40,-40,-40,
-41,-41,-42,-43,-43,-43,-44,-44,
-44,-44,-44,-43,-43,-42,-42,-42,
-43,-46,-50,-55,-62,-69,-75,-77,
-75,-67,-52,-30,-2,32,71,114,
157,198,229,246,243,219,175,118,
56,0,-41,-64,-72,-67,-57,-47,
-41,-39,-40,-43,-46,-47,-47,-47,
-46,-46,-46,-46,-46,-47,-47,-48,
-48,-48,-49,-49,-48,-48,-47,-46,
-46,-45,-45,-46,-46,-47,-47,-47,
-47,-47,-47,-47,-47,-47,-47,-47,
-47,-47,-47,-47,-48,-48,-48,-48,
-48,-47,-47,-46,-46,-46,-46,-46,
-46,-46,-45,-45,-44,-44,-44,-44,
-44,-45,-45,-45,-45,-46,-46,-47,
-47,-48,-48,-49,-50,-50,-50,-50,
-50,-50,-49,-49,-49,-49,-49,-49,
-50,-49,-49,-48,-47,-47,-46,-46,
-45,-43,-42,-40,-37,-35,-33,-31,
-29,-29,-28,-28,-27,-27,-27,-27,
-26,-26,-26,-26,-25,-25,-26,-26,
-26,-27,-27,-28,-28,-28,-28,-27,
-27,-27,-27,-27,-28,-28,-29,-29,
-29,-29,-28,-28,-29,-29,-30,-30,
-31,-31,-32,-32,-33,-34,-34,-35,
-35,-35,-35,-35,-35,-35,-35,-35,
-35,-35,-35,-36,-36,-36,-37,-37,
-38,-38,-39,-39,-40,-40,-41,-40,
-40,-39,-39,-38,-37,-37,-37,-37,
-37,-38,-38,-38,-37,-37,-37,-37,
-37,-37,-38,-38,-38,-38,-38,-38,
-39,-39,-39,-39,-38,-36,-34,-31,
-28,-26,-24,-23,-23,-22,-21,-20,
-19,-18,-17,-16,-16,-16,-17,-17,
-19,-20,-21,-23,-24,-24,-24,-23,
-22,-20,-20,-20,-22,-25,-28,-32,
-35,-37,-39,-40,-41,-41,-41,-41,
-41,-41,-42,-42,-43,-44,-45,-46,
-46,-47,-47,-48,-48,-48,-48,-48,
-47,-47,-47,-47,-49,-52,-56,-62,
-69,-76,-83,-87,-87,-79,-61,-32,
8,57,107,150,176,178,155,111,
56,1,-42,-69,-79,-76,-66,-56,
-49,-47,-48,-50,-53,-55,-55,-55,
-53,-52,-51,-50,-50,-51,-52,-52,
-53,-54,-54,-55,-55,-54,-54,-54,
-54,-53,-53,-53,-52,-52,-52,-52,
-52,-52,-52,-52,-52,-53,-53,-53,
-53,-53,-53,-53,-53,-53,-53,-53,
-52,-52,-52,-53,-53,-53,-53,-53,
-53,-53,-53,-52,-52,-52,-52,-52,
-51,-51,-51,-51,-52,-52,-52,-53,
-54,-54,-55,-55,-54,-54,-54,-54,
-54,-54,-54,-54,-54,-55,-55,-55,
-55,-55,-55,-55,-55,-54,-54,-54,
-54,-54,-54,-54,-53,-52,-51,-50,
-49,-47,-46,-44,-43,-41,-40,-38,
-37,-36,-35,-35,-35,-35,-35,-35,
-34,-34,-34,-33,-33,-34,-34,-35,
-36,-36,-37,-37,-37,-37,-37,-37,
-37,-37,-37,-37,-37,-36,-37,-37,
-37,-38,-39,-40,-40,-41,-41,-41,
-41,-42,-42,-43,-44,-44,-45,-45,
-45,-46,-46,-46,-46,-46,-46,-45,
-45,-45,-44,-44,-44,-44,-44,-45,
-45,-46,-47,-47,-48,-49,-49,-49,
-49,-49,-49,-49,-49,-49,-49,-48,
-48,-47,-47,-46,-46,-45,-45,-45,
-45,-46,-46,-46,-46,-46,-47,-47,
-48,-48,-48,-48,-46,-44,-42,-39,
-37,-36,-35,-34,-34,-34,-33,-32,
-30,-29,-28,-27,-27,-27,-28,-29,
-30,-31,-32,-34,-35,-36,-36,-35,
-34,-32,-31,-30,-31,-34,-38,-42,
-46,-49,-51,-53,-55,-56,-57,-57,
-57,-58,-58,-58,-58,-58,-59,-59,
-59,-59,-59,-60,-60,-61,-61,-62,
-63,-63,-64,-66,-69,-74,-80,-88,
-95,-100,-100,-93,-76,-49,-12,33,
81,127,163,184,185,167,133,88,
38,-8,-47,-74,-89,-93,-89,-82,
-75,-71,-68,-68,-70,-72,-73,-74,
-74,-74,-74,-74,-73,-73,-73,-73,
-74,-74,-75,-75,-75,-75,-74,-74,
-73,-73,-73,-74,-74,-74,-74,-75,
-75,-74,-74,-74,-74,-73,-74,-74,
-75,-76,-77,-78,-79,-80,-80,-80,
-80,-80,-79,-79,-78,-77,-77,-76,
-76,-77,-77,-77,-77,-76,-76,-76,
-76,-77,-78,-79,-80,-81,-82,-82,
-82,-81,-80,-79,-78,-77,-77,-78,
-79,-81,-83,-84,-85,-85,-85,-85,
-85,-85,-85,-85,-86,-87,-87,-87,
-86,-84,-82,-80,-77,-75,-73,-72,
-71,-70,-69,-67,-66,-64,-63,-62,
-62,-62,-62,-62,-62,-62,-63,-63,
-63,-64,-64,-64,-64,-64,-63,-63,
-63,-63,-62,-62,-63,-63,-63,-64,
-64,-65,-65,-65,-65,-65,-65,-66,
-67,-68,-69,-69,-69,-68,-68,-68,
-68,-69,-70,-72,-72,-73,-73,-72,
-72,-71,-71,-71,-71,-72,-73,-73,
-73,-73,-72,-71,-71,-71,-70,-71,
-71,-72,-72,-73,-73,-73,-73,-73,
-73,-73,-73,-73,-74,-74,-75,-75,
-75,-74,-74,-73,-72,-72,-71,-72,
-72,-73,-74,-74,-74,-73,-71,-69,
-66,-64,-63,-62,-62,-62,-62,-63,
-63,-62,-61,-59,-57,-55,-53,-52,
-52,-53,-55,-57,-59,-61,-61,-62,
-61,-60,-58,-57,-57,-58,-60,-63,
-67,-70,-73,-75,-76,-76,-77,-77,
-77,-78,-78,-79,-79,-79,-79,-79,
-80,-81,-81,-82,-83,-83,-83,-82,
-81,-80,-79,-78,-77,-76,-77,-78,
-80,-82,-86,-90,-94,-99,-105,-110,
-115,-116,-111,-98,-75,-40,3,51,
98,133,149,141,110,62,8,-42,
-81,-104,-112,-109,-100,-92,-86,-83,
-84,-85,-87,-88,-88,-88,-88,-88,
-88,-88,-89,-89,-89,-89,-88,-88,
-88,-88,-88,-88,-88,-88,-89,-89,
-89,-89,-88,-88,-87,-87,-86,-86,
-86,-87,-87,-88,-89,-89,-90,-89,
-89,-88,-88,-87,-87,-87,-87,-88,
-88,-88,-87,-87,-86,-85,-85,-85,
-85,-86,-86,-87,-87,-88,-88,-88,
-88,-88,-88,-88,-89,-89,-89,-89,
-90,-90,-91,-91,-92,-92,-93,-93,
-94,-94,-94,-95,-95,-95,-95,-95,
-95,-95,-94,-94,-93,-93,-92,-91,
-91,-90,-89,-87,-85,-83,-80,-77,
-75,-72,-70,-69,-68,-67,-66,-65,
-64,-63,-62,-62,-61,-60,-60,-60,
-61,-61,-61,-61,-61,-61,-61,-60,
-60,-60,-61,-61,-61,-61,-61,-61,
-61,-61,-61,-61,-61,-61,-62,-62,
-63,-63,-63,-63,-63,-63,-63,-63,
-63,-62,-63,-63,-63,-64,-64,-65,
-65,-66,-66,-66,-66,-65,-65,-65,
-66,-66,-67,-67,-67,-68,-68,-68,
-68,-68,-68,-68,-68,-68,-68,-67,
-67,-67,-67,-67,-67,-67,-67,-67,
-66,-66,-66,-66,-65,-65,-65,-66,
-66,-66,-66,-66,-66,-66,-65,-64,
-63,-63,-63,-63,-63,-64,-64,-64,
-63,-62,-60,-57,-55,-53,-52,-51,
-51,-51,-50,-49,-48,-47,-46,-45,
-45,-45,-45,-46,-47,-47,-48,-48,
-48,-47,-45,-43,-42,-41,-41,-42,
-44,-47,-51,-54,-57,-59,-62,-64,
-66,-68,-69,-70,-71,-71,-71,-71,
-71,-70,-70,-70,-70,-70,-70,-71,
-71,-71,-71,-71,-71,-71,-73,-76,
-81,-88,-96,-104,-110,-112,-107,-92,
-66,-27,20,74,124,162,177,165,
128,73,12,-41,-79,-98,-101,-93,
-82,-73,-69,-69,-72,-76,-79,-81,
-81,-81,-80,-79,-78,-77,-77,-77,
-76,-76,-76,-77,-77,-77,-78,-78,
-79,-79,-79,-79,-78,-78,-77,-77,
-77,-77,-77,-76,-76,-76,-77,-77,
-77,-77,-78,-78,-78,-78,-78,-77,
-76,-75,-74,-74,-74,-74,-75,-75,
-76,-76,-76,-76,-75,-75,-75,-75,
-74,-74,-74,-74,-74,-74,-74,-74,
-74,-74,-74,-75,-75,-76,-76,-77,
-77,-78,-78,-78,-78,-78,-78,-78,
-78,-78,-77,-77,-76,-75,-73,-71,
-70,-68,-66,-64,-63,-62,-61,-60,
-59,-58,-57,-57,-56,-55,-54,-54,
-53,-53,-53,-53,-53,-53,-54,-54,
-54,-53,-53,-53,-53,-53,-54,-54,
-55,-55,-56,-56,-56,-56,-56,-56,
-56,-56,-56,-57,-57,-57,-58,-58,
-58,-59,-59,-59,-60,-60,-60,-60,
-60,-60,-61,-61,-62,-62,-62,-63,
-63,-63,-63,-63,-63,-63,-63,-62,
-62,-62,-62,-63,-63,-63,-63,-64,
-64,-64,-64,-64,-64,-63,-63,-62,
-62,-62,-62,-62,-62,-61,-61,-61,
-61,-60,-60,-60,-60,-60,-60,-60,
-59,-58,-56,-54,-52,-51,-50,-49,
-48,-47,-46,-45,-43,-42,-40,-40,
-40,-40,-40,-41,-42,-43,-43,-44,
-44,-44,-42,-41,-39,-38,-39,-40,
-43,-46,-49,-52,-54,-56,-58,-59,
-61,-62,-63,-63,-64,-64,-63,-63,
-63,-63,-63,-64,-64,-65,-65,-65,
-65,-65,-65,-64,-65,-66,-68,-72,
-77,-85,-94,-102,-107,-106,-94,-69,
-30,18,72,119,151,158,138,96,
40,-15,-60,-88,-97,-94,-83,-72,
-65,-63,-65,-68,-72,-74,-75,-74,
-73,-72,-71,-70,-70,-70,-70,-71,
-71,-71,-70,-70,-70,-69,-69,-69,
-69,-70,-70,-70,-70,-69,-68,-67,
-67,-66,-66,-66,-66,-66,-67,-67,
-67,-67,-67,-67,-67,-67,-67,-68,
-68,-68,-68,-68,-68,-68,-68,-68,
-68,-67,-67,-67,-67,-67,-68,-68,
-68,-68,-68,-68,-68,-68,-68,-68,
-69,-69,-70,-70,-71,-71,-71,-71,
-71,-71,-71,-71,-70,-70,-69,-68,
-66,-65,-63,-61,-60,-58,-56,-55,
-54,-53,-52,-51,-50,-49,-48,-48,
-49,-49,-49,-49,-49,-48,-48,-48,
-47,-47,-47,-47,-47,-46,-46,-45,
-45,-45,-46,-47,-49,-49,-50,-51,
-51,-50,-50,-50,-50,-50,-50,-51,
-51,-52,-52,-53,-53,-53,-53,-54,
-54,-55,-55,-56,-56,-57,-57,-57,
-57,-57,-57,-58,-58,-59,-60,-60,
-59,-59,-58,-58,-58,-59,-59,-59,
-59,-59,-59,-59,-58,-58,-58,-58,
-58,-58,-59,-59,-60,-60,-61,-61,
-61,-60,-60,-59,-57,-56,-55,-53,
-52,-51,-49,-48,-47,-46,-44,-42,
-40,-39,-38,-38,-39,-40,-42,-43,
-44,-44,-44,-44,-44,-43,-42,-41,
-40,-40,-41,-44,-48,-53,-57,-60,
-62,-63,-63,-63,-63,-63,-63,-64,
-65,-66,-66,-66,-66,-66,-66,-66,
-67,-66,-66,-65,-63,-62,-62,-62,
-64,-66,-69,-72,-75,-79,-84,-91,
-98,-105,-109,-104,-89,-60,-18,31,
82,124,147,145,118,73,19,-31,
-70,-92,-99,-95,-86,-77,-71,-69,
-70,-72,-74,-76,-76,-76,-76,-76,
-76,-76,-76,-76,-76,-75,-75,-74,
-73,-72,-73,-73,-73,-74,-74,-74,
-74,-73,-74,-75,-76,-76,-77,-76,
-76,-75,-75,-75,-75,-75,-75,-75,
-75,-74,-73,-72,-71,-70,-69,-68,
-68,-67,-67,-67,-68,-69,-69,-70,
-70,-70,-70,-70,-70,-70,-70,-71,
-72,-72,-73,-73,-73,-74,-74,-74,
-75,-75,-77,-78,-79,-81,-81,-82,
-82,-82,-81,-80,-79,-77,-75,-72,
-70,-67,-65,-63,-61,-60,-59,-58,
-57,-56,-55,-55,-54,-54,-54,-53,
-53,-52,-52,-52,-52,-52,-52,-52,
-53,-53,-53,-53,-54,-54,-53,-53,
-53,-52,-52,-52,-52,-52,-52,-53,
-54,-55,-55,-56,-56,-56,-56,-56,
-56,-56,-55,-55,-55,-55,-55,-55,
-56,-56,-57,-57,-57,-58,-58,-59,
-60,-61,-61,-61,-61,-60,-59,-59,
-58,-58,-58,-58,-58,-57,-57,-57,
-56,-56,-56,-57,-57,-57,-58,-58,
-58,-58,-58,-58,-58,-58,-59,-59,
-60,-59,-58,-57,-55,-53,-52,-51,
-50,-49,-49,-48,-47,-46,-45,-43,
-42,-40,-39,-38,-38,-38,-39,-39,
-40,-41,-42,-43,-44,-44,-44,-43,
-43,-43,-45,-47,-50,-53,-55,-57,
-59,-60,-60,-61,-61,-60,-60,-60,
-60,-61,-61,-62,-63,-64,-64,-64,
-64,-64,-64,-65,-65,-66,-66,-65,
-65,-64,-65,-67,-70,-75,-82,-90,
-96,-101,-99,-90,-69,-37,5,55,
104,142,162,158,130,83,29,-22,
-61,-84,-92,-88,-79,-71,-65,-62,
-62,-64,-66,-67,-68,-68,-68,-68,
-68,-68,-68,-67,-67,-67,-68,-68,
-68,-68,-68,-67,-66,-65,-65,-64,
-64,-64,-64,-64,-64,-64,-64,-64,
-64,-64,-64,-65,-65,-65,-65,-65,
-65,-65,-65,-64,-64,-63,-63,-63,
-64,-64,-65,-65,-65,-64,-64,-64,
-63,-63,-64,-64,-64,-64,-64,-63,
-63,-63,-64,-64,-65,-65,-66,-67,
-68,-68,-69,-70,-71,-71,-72,-73,
-73,-74,-75,-75,-75,-76,-76,-75,
-74,-73,-71,-69,-66,-63,-61,-58,
-56,-54,-52,-51,-49,-47,-46,-45,
-44,-43,-43,-43,-43,-43,-43,-43,
-43,-44,-44,-44,-44,-44,-44,-43,
-43,-43,-43,-43,-43,-43,-44,-44,
-43,-43,-43,-43,-43,-43,-43,-43,
-44,-44,-44,-45,-45,-46,-46,-47,
-48,-48,-48,-48,-48,-48,-48,-48,
-47,-47,-47,-48,-48,-48,-48,-49,
-49,-50,-50,-50,-50,-49,-49,-48,
-48,-47,-47,-47,-47,-47,-47,-47,
-47,-47,-47,-47,-47,-47,-47,-47,
-47,-47,-46,-46,-46,-46,-46,-46,
-46,-46,-46,-46,-45,-45,-43,-41,
-40,-38,-36,-35,-34,-33,-33,-33,
-32,-32,-31,-30,-29,-27,-26,-25,
-24,-24,-25,-26,-28,-29,-31,-31,
-32,-31,-30,-28,-26,-25,-25,-27,
-30,-33,-37,-40,-42,-44,-46,-47,
-48,-48,-48,-48,-48,-48,-48,-49,
-50,-50,-51,-52,-52,-52,-52,-52,
-52,-52,-52,-53,-54,-55,-57,-61,
-66,-72,-79,-86,-92,-95,-95,-91,
-82,-70,-53,-32,-5,27,66,109,
151,186,205,205,182,140,84,26,
-23,-58,-75,-78,-72,-63,-56,-52,
-52,-55,-58,-60,-62,-62,-62,-62,
-62,-61,-61,-61,-61,-61,-60,-60,
-60,-60,-60,-60,-60,-60,-60,-60,
-60,-60,-60,-60,-60,-61,-61,-61,
-62,-62,-61,-61,-60,-60,-60,-59,
-60,-60,-60,-60,-60,-60,-60,-60,
-59,-59,-60,-60,-61,-61,-61,-60,
-60,-60,-60,-60,-60,-60,-60,-61,
-61,-62,-62,-62,-61,-61,-60,-59,
-59,-59,-59,-59,-60,-60,-60,-60,
-60,-60,-60,-60,-60,-60,-60,-61,
-61,-61,-61,-60,-58,-57,-55,-53,
-52,-50,-48,-46,-44,-43,-42,-41,
-41,-41,-41,-41,-41,-41,-41,-41,
-40,-40,-40,-39,-39,-39,-38,-38,
-38,-37,-37,-38,-38,-38,-39,-39,
-39,-40,-40,-40,-40,-41,-41,-41,
-42,-42,-42,-43,-43,-44,-44,-45,
-45,-45,-45,-45,-45,-45,-45,-45,
-45,-45,-45,-46,-46,-47,-48,-49,
-50,-50,-50,-50,-50,-50,-51,-51,
-50,-50,-50,-50,-49,-49,-48,-48,
-48,-48,-48,-48,-48,-48,-48,-48,
-48,-48,-49,-49,-50,-50,-51,-50,
-50,-49,-49,-49,-48,-48,-48,-48,
-48,-47,-47,-47,-47,-47,-45,-44,
-42,-40,-38,-36,-34,-33,-33,-32,
-31,-30,-30,-29,-29,-28,-29,-29,
-29,-30,-31,-31,-32,-32,-32,-31,
-30,-29,-28,-28,-28,-31,-34,-38,
-42,-45,-48,-50,-51,-51,-52,-52,
-52,-52,-52,-53,-53,-53,-53,-54,
-54,-54,-54,-55,-55,-55,-55,-55,
-54,-54,-54,-54,-54,-54,-55,-56,
-58,-60,-63,-66,-71,-77,-83,-90,
-94,-94,-87,-71,-44,-6,39,86,
128,154,159,141,103,53,1,-41,
-70,-83,-83,-76,-66,-59,-55,-54,
-56,-58,-60,-61,-61,-61,-60,-60,
-60,-61,-61,-62,-62,-63,-63,-63,
-63,-63,-63,-63,-63,-63,-63,-63,
-62,-61,-60,-59,-58,-58,-58,-58,
-58,-58,-59,-59,-59,-60,-60,-60,
-60,-59,-59,-58,-58,-58,-58,-59,
-60,-61,-61,-61,-61,-61,-61,-61,
-61,-61,-61,-61,-61,-61,-61,-60,
-60,-60,-60,-61,-61,-62,-63,-64,
-65,-65,-65,-64,-64,-63,-62,-62,
-61,-62,-62,-63,-64,-64,-64,-64,
-64,-64,-64,-64,-64,-64,-64,-64,
-63,-62,-60,-58,-57,-55,-54,-54,
-53,-53,-53,-53,-53,-52,-51,-51,
-50,-49,-49,-48,-47,-46,-46,-46,
-46,-46,-46,-47,-47,-48,-48,-48,
-49,-49,-49,-50,-50,-51,-51,-51,
-51,-52,-52,-53,-53,-53,-53,-53,
-52,-52,-52,-52,-52,-52,-53,-54,
-55,-55,-56,-57,-58,-58,-58,-59,
-59,-59,-59,-59,-59,-59,-60,-60,
-59,-59,-59,-58,-58,-57,-57,-57,
-57,-58,-58,-58,-58,-58,-58,-59,
-59,-60,-60,-60,-60,-60,-60,-59,
-59,-59,-59,-60,-60,-61,-61,-62,
-62,-61,-60,-58,-56,-54,-52,-51,
-50,-49,-49,-49,-49,-48,-47,-45,
-44,-42,-40,-38,-38,-38,-39,-40,
-42,-43,-45,-45,-46,-46,-45,-44,
-43,-42,-43,-44,-47,-50,-54,-58,
-61,-63,-64,-64,-64,-63,-63,-63,
-63,-63,-63,-63,-63,-63,-63,-64,
-64,-65,-65,-65,-66,-66,-67,-67,
-68,-68,-68,-67,-68,-70,-73,-79,
-86,-94,-102,-106,-102,-89,-63,-25,
20,69,112,141,148,132,95,46,
-5,-49,-79,-94,-97,-92,-84,-77,
-73,-72,-73,-75,-76,-77,-77,-76,
-76,-75,-75,-75,-75,-75,-75,-76,
-76,-76,-75,-75,-75,-75,-75,-75,
-76,-76,-76,-77,-77,-77,-77,-78,
-78,-79,-79,-78,-78,-78,-78,-78,
-78,-78,-78,-78,-78,-78,-77,-77,
-77,-77,-77,-78,-78,-79,-79,-78,
-78,-77,-77,-76,-76,-76,-76,-76,
-76,-75,-75,-75,-75,-75,-75,-75,
-75,-76,-76,-76,-77,-78,-78,-79,
-81,-82,-83,-84,-85,-86,-86,-87,
-87,-87,-87,-87,-86,-85,-84,-83,
-82,-81,-80,-79,-77,-75,-73,-70,
-68,-65,-63,-62,-61,-60,-60,-59,
-59,-59,-59,-58,-57,-56,-56,-56,
-56,-57,-58,-58,-59,-59,-58,-57,
-57,-56,-56,-56,-56,-56,-56,-56,
-57,-57,-58,-58,-59,-59,-59,-59,
-59,-60,-60,-61,-62,-63,-63,-63,
-63,-62,-62,-62,-62,-62,-62,-63,
-63,-63,-63,-63,-63,-64,-65,-65,
-66,-67,-67,-67,-66,-66,-65,-65,
-65,-65,-64,-64,-64,-64,-64,-64,
-64,-64,-64,-63,-63,-62,-62,-62,
-62,-62,-63,-64,-64,-65,-64,-64,
-64,-63,-63,-62,-62,-61,-60,-59,
-57,-55,-53,-52,-50,-49,-48,-46,
-45,-44,-43,-42,-42,-42,-43,-43,
-44,-45,-46,-46,-46,-46,-46,-46,
-45,-43,-42,-41,-40,-41,-44,-47,
-51,-55,-59,-62,-64,-65,-65,-65,
-64,-64,-63,-63,-64,-64,-65,-66,
-67,-67,-67,-67,-67,-66,-66,-65,
-65,-66,-69,-72,-78,-84,-91,-98,
-104,-108,-111,-110,-105,-93,-74,-44,
-5,41,90,130,154,153,128,82,
27,-26,-67,-92,-99,-95,-86,-77,
-71,-69,-71,-73,-76,-77,-76,-75,
-74,-72,-72,-72,-72,-73,-74,-74,
-74,-73,-72,-71,-71,-71,-71,-72,
-72,-73,-73,-73,-73,-72,-72,-71,
-71,-71,-71,-72,-72,-72,-72,-72,
-72,-72,-72,-71,-72,-72,-72,-72,
-72,-72,-72,-72,-72,-71,-71,-70,
-69,-69,-68,-67,-67,-67,-67,-68,
-68,-69,-69,-69,-70,-70,-70,-71,
-72,-73,-74,-75,-76,-76,-77,-78,
-79,-79,-79,-78,-77,-77,-76,-75,
-74,-73,-73,-72,-71,-70,-68,-66,
-64,-62,-60,-58,-57,-56,-55,-54,
-53,-52,-51,-50,-49,-49,-49,-49,
-49,-50,-50,-50,-49,-49,-49,-49,
-48,-48,-48,-48,-48,-48,-48,-49,
-50,-50,-51,-51,-51,-51,-50,-50,
-50,-49,-50,-50,-51,-51,-52,-53,
-53,-53,-54,-54,-54,-55,-55,-56,
-56,-56,-56,-56,-56,-56,-56,-56,
-56,-56,-57,-57,-57,-57,-57,-57,
-57,-57,-57,-57,-57,-57,-57,-57,
-58,-58,-58,-58,-58,-57,-57,-57,
-56,-56,-56,-56,-56,-56,-56,-55,
-55,-55,-55,-55,-56,-56,-57,-57,
-56,-55,-53,-51,-48,-46,-44,-43,
-42,-41,-40,-39,-37,-35,-34,-33,
-32,-32,-33,-34,-36,-37,-38,-39,
-39,-38,-36,-34,-32,-31,-31,-32,
-35,-39,-42,-45,-48,-50,-52,-53,
-54,-55,-55,-56,-56,-56,-56,-57,
-57,-57,-57,-57,-57,-58,-58,-58,
-59,-59,-59,-59,-59,-60,-62,-66,
-71,-78,-85,-91,-95,-97,-94,-88,
-78,-64,-43,-15,21,65,111,151,
176,179,157,113,56,0,-47,-77,
-89,-88,-79,-70,-63,-60,-61,-63,
-66,-68,-69,-68,-68,-67,-66,-66,
-67,-67,-67,-68,-68,-67,-67,-67,
-67,-67,-68,-68,-68,-68,-67,-67,
-66,-66,-66,-66,-66,-65,-65,-65,
-65,-65,-65,-65,-65,-65,-66,-66,
-66,-67,-67,-67,-68,-68,-68,-68,
-68,-68,-68,-68,-68,-67,-67,-66,
-65,-65,-65,-65,-65,-65,-64,-64,
-65,-65,-66,-66,-67,-68,-68,-68,
-67,-67,-66,-66,-66,-66,-66,-66,
-66,-66,-66,-65,-65,-64,-63,-63,
-62,-61,-61,-59,-58,-57,-55,-54,
-52,-51,-50,-50,-49,-48,-48,-47,
-46,-46,-45,-45,-45,-45,-45,-45,
-44,-44,-44,-44,-44,-45,-45,-46,
-47,-48,-48,-48,-48,-47,-47,-47,
-46,-46,-46,-47,-47,-48,-48,-49,
-49,-49,-49,-49,-50,-50,-51,-51,
-53,-54,-54,-55,-55,-55,-55,-55,
-54,-54,-53,-53,-53,-53,-53,-53,
-53,-53,-53,-53,-53,-53,-53,-54,
-54,-54,-54,-54,-54,-54,-55,-55,
-55,-55,-55,-56,-56,-55,-55,-55,
-54,-54,-53,-53,-53,-53,-53,-53,
-53,-52,-52,-52,-51,-51,-51,-50,
-49,-48,-46,-44,-42,-40,-39,-37,
-36,-35,-33,-32,-31,-31,-31,-31,
-32,-33,-33,-33,-34,-34,-34,-34,
-33,-32,-31,-29,-29,-29,-31,-34,
-37,-40,-44,-46,-49,-50,-52,-53,
-54,-55,-55,-54,-54,-55,-55,-56,
-56,-57,-57,-58,-58,-58,-59,-59,
-61,-62,-63,-63,-64,-65,-67,-71,
-79,-88,-98,-105,-105,-95,-71,-33,
16,69,116,146,153,134,92,39,
-14,-57,-84,-94,-92,-83,-73,-66,
-63,-63,-65,-67,-68,-69,-69,-68,
-68,-67,-67,-68,-68,-68,-69,-69,
-69,-69,-69,-69,-69,-70,-70,-70,
-69,-69,-69,-69,-70,-70,-70,-70,
-70,-69,-69,-68,-68,-67,-68,-68,
-69,-69,-70,-70,-71,-71,-72,-72,
-72,-72,-72,-71,-70,-70,-69,-69,
-68,-68,-68,-67,-67,-66,-67,-67,
-67,-68,-68,-69,-69,-69,-70,-70,
-71,-71,-72,-73,-74,-75,-76,-77,
-77,-76,-75,-74,-73,-72,-71,-71,
-70,-70,-69,-68,-67,-66,-64,-63,
-61,-60,-59,-58,-58,-57,-56,-56,
-55,-54,-54,-53,-53,-53,-52,-52,
-52,-52,-52,-52,-52,-53,-53,-54,
-55,-56,-57,-57,-58,-58,-58,-57,
-56,-55,-54,-54,-55,-56,-57,-58,
-59,-59,-59,-59,-59,-59,-60,-61,
-61,-62,-63,-63,-63,-64,-64,-64,
-64,-64,-64,-64,-63,-63,-63,-62,
-62,-63,-63,-64,-64,-64,-64,-64,
-64,-64,-64,-64,-65,-65,-65,-65,
-65,-65,-65,-65,-65,-65,-65,-64,
-64,-63,-63,-64,-64,-64,-64,-63,
-63,-61,-60,-58,-57,-55,-54,-53,
-52,-51,-50,-50,-48,-47,-46,-45,
-45,-44,-45,-45,-46,-47,-47,-48,
-48,-47,-47,-47,-49,-51,-55,-59,
-62,-65,-67,-68,-69,-68,-68,-67,
-67,-67,-67,-67,-68,-68,-68,-68,
-68,-69,-69,-70,-71,-72,-73,-74,
-74,-73,-73,-73,-73,-75,-78,-83,
-90,-98,-105,-109,-108,-97,-76,-42,
2,52,99,134,148,137,102,52,
-3,-51,-85,-102,-105,-99,-89,-81,
-76,-75,-76,-78,-80,-81,-81,-80,
-79,-78,-78,-77,-77,-77,-77,-78,
-78,-79,-79,-80,-80,-80,-80,-80,
-80,-80,-80,-80,-81,-81,-81,-81,
-81,-81,-80,-80,-79,-79,-80,-81,
-81,-82,-82,-82,-81,-81,-81,-80,
-81,-81,-81,-82,-82,-82,-82,-81,
-81,-81,-80,-80,-80,-80,-80,-80,
-80,-81,-82,-82,-83,-84,-84,-85,
-86,-87,-88,-88,-89,-90,-91,-92,
-92,-93,-93,-92,-91,-90,-88,-86,
-83,-81,-78,-75,-73,-70,-68,-66,
-64,-63,-62,-61,-60,-59,-59,-59,
-59,-60,-60,-60,-59,-59,-59,-58,
-58,-58,-58,-58,-59,-59,-60,-60,
-60,-60,-60,-60,-60,-60,-60,-60,
-60,-61,-61,-62,-62,-63,-63,-63,
-63,-63,-62,-62,-63,-63,-63,-63,
-64,-64,-64,-65,-65,-65,-65,-65,
-66,-66,-66,-66,-66,-65,-65,-64,
-64,-63,-63,-62,-62,-61,-61,-61,
-61,-61,-62,-62,-62,-63,-63,-63,
-63,-63,-63,-63,-63,-63,-63,-63,
-62,-62,-62,-62,-62,-62,-61,-59,
-57,-55,-52,-50,-49,-48,-47,-47,
-46,-46,-45,-44,-43,-42,-41,-41,
-41,-41,-41,-41,-42,-43,-44,-44,
-44,-44,-42,-41,-40,-41,-43,-46,
-50,-55,-58,-61,-62,-63,-64,-64,
-64,-64,-64,-65,-65,-65,-66,-66,
-66,-66,-66,-66,-66,-66,-67,-67,
-67,-67,-67,-67,-67,-68,-71,-74,
-80,-87,-95,-102,-107,-107,-96,-74,
-38,9,62,112,150,164,153,116,
63,5,-44,-79,-96,-98,-90,-80,
-71,-67,-67,-69,-72,-75,-76,-77,
-77,-76,-76,-76,-76,-75,-75,-74,
-74,-74,-74,-74,-75,-75,-75,-74,
-74,-74,-73,-73,-73,-73,-74,-74,
-74,-74,-74,-74,-74,-74,-74,-74,
-74,-74,-74,-74,-74,-74,-73,-73,
-73,-72,-72,-73,-73,-73,-74,-74,
-74,-74,-74,-74,-74,-75,-75,-75,
-75,-75,-76,-76,-76,-77,-77,-77,
-77,-76,-76,-76,-77,-77,-78,-78,
-79,-79,-79,-79,-79,-78,-78,-78,
-77,-77,-76,-74,-73,-72,-70,-69,
-67,-65,-63,-62,-60,-59,-57,-56,
-55,-53,-52,-51,-50,-50,-49,-49,
-50,-50,-50,-50,-50,-50,-50,-50,
-50,-50,-51,-51,-52,-52,-52,-52,
-52,-52,-52,-52,-52,-53,-53,-54,
-54,-54,-53,-53,-53,-53,-54,-54,
-55,-55,-55,-56,-56,-56,-56,-57,
-57,-57,-57,-57,-57,-57,-57,-57,
-57,-57,-57,-58,-58,-58,-58,-58,
-58,-58,-58,-58,-59,-59,-59,-60,
-60,-60,-59,-59,-59,-59,-59,-60,
-60,-60,-59,-59,-58,-58,-58,-58,
-57,-57,-57,-57,-56,-56,-56,-56,
-55,-54,-52,-51,-49,-47,-45,-44,
-43,-42,-41,-39,-38,-37,-36,-35,
-35,-35,-35,-36,-36,-37,-38,-39,
-40,-42,-42,-41,-40,-38,-35,-33,
-33,-34,-37,-40,-43,-47,-49,-52,
-53,-54,-55,-56,-57,-57,-58,-58,
-58,-59,-59,-59,-59,-59,-59,-59,
-59,-60,-60,-60,-60,-60,-60,-61,
-61,-62,-64,-67,-72,-78,-84,-91,
-97,-100,-97,-88,-71,-45,-10,31,
78,124,164,191,201,191,160,113,
58,4,-40,-71,-85,-87,-81,-72,
-65,-62,-61,-63,-65,-67,-68,-69,
-69,-69,-69,-69,-70,-71,-72,-72,
-72,-72,-72,-72,-72,-72,-72,-71,
-71,-70,-70,-69,-69,-69,-69,-69,
-69,-69,-69,-69,-68,-68,-69,-69,
-69,-70,-70,-70,-69,-69,-69,-69,
-69,-69,-69,-69,-69,-68,-68,-67,
-67,-67,-67,-67,-67,-67,-67,-67,
-67,-67,-67,-68,-68,-69,-69,-70,
-70,-70,-70,-70,-70,-70,-70,-70,
-69,-70,-70,-70,-71,-71,-72,-72,
-71,-71,-70,-69,-69,-68,-68,-67,
-66,-64,-62,-61,-59,-57,-56,-54,
-53,-53,-52,-51,-50,-50,-49,-49,
-49,-49,-49,-49,-49,-49,-48,-48,
-47,-47,-47,-47,-48,-49,-49,-50,
-50,-50,-49,-49,-49,-49,-50,-50,
-51,-51,-52,-52,-52,-52,-52,-52,
-53,-54,-55,-56,-56,-57,-57,-57,
-57,-57,-57,-57,-57,-57,-57,-57,
-57,-57,-58,-58,-58,-59,-59,-59,
-59,-59,-60,-60,-61,-62,-63,-63,
-62,-62,-61,-61,-61,-60,-61,-61,
-61,-61,-60,-60,-59,-59,-59,-58,
-58,-58,-59,-59,-59,-60,-60,-61,
-61,-60,-58,-57,-54,-52,-51,-49,
-48,-47,-46,-45,-44,-42,-41,-39,
-38,-38,-38,-39,-40,-41,-42,-42,
-43,-43,-43,-42,-41,-40,-39,-39,
-39,-41,-44,-48,-51,-55,-58,-61,
-63,-64,-65,-65,-65,-65,-64,-64,
-64,-65,-65,-66,-66,-66,-66,-66,
-66,-66,-66,-66,-65,-65,-64,-64,
-63,-63,-64,-65,-67,-70,-74,-79,
-84,-91,-97,-104,-108,-108,-102,-88,
-62,-26,18,65,107,136,144,129,
93,44,-7,-51,-82,-95,-96,-89,
-80,-72,-68,-68,-69,-72,-73,-74,
-74,-73,-72,-71,-70,-70,-70,-70,
-71,-72,-72,-73,-74,-74,-75,-75,
-75,-74,-74,-74,-74,-74,-73,-73,
-73,-72,-71,-71,-70,-70,-70,-70,
-70,-71,-71,-71,-71,-70,-70,-71,
-71,-71,-70,-70,-70,-71,-71,-72,
-72,-73,-73,-73,-73,-72,-71,-71,
-70,-69,-69,-69,-69,-69,-68,-68,
-68,-68,-68,-69,-69,-70,-71,-72,
-73,-73,-73,-73,-72,-72,-72,-72,
-72,-72,-72,-72,-72,-71,-69,-67,
-64,-61,-57,-53,-49,-46,-44,-42,
-40,-39,-37,-35,-34,-32,-30,-28,
-28,-29,-31,-34,-37,-40,-43,-46,
-47,-48,-48,-48,-48,-48,-48,-49,
-51,-52,-53,-55,-56,-57,-59,-60,
-61,-62,-64,-65,-66,-67,-67,-68,
-68,-69,-69,-70,-70,-71,-71,-72,
-72,-73,-74,-74,-75,-76,-76,-77,
-76,-76,-75,-74,-73,-73,-74,-76,
-78,-81,-82,-83,-81,-79,-76,-74,
-74,-75,-75,-72,-64,-47,-19,17,
61,105,142,162,160,133,87,29,
-26,-72,-99,-110,-107,-97,-86,-79,
-75,-76,-78,-81,-83,-84,-84,-83,
-82,-81,-81,-82,-82,-83,-83,-83,
-83,-83,-83,-82,-82,-81,-81,-82,
-82,-82,-82,-83,-82,-82,-82,-81,
-81,-81,-81,-81,-82,-82,-83,-83,
-83,-82,-82,-81,-80,-79,-79,-78,
-78,-78,-78,-78,-78,-78,-78,-78,
-78,-78,-78,-78,-79,-79,-79,-79,
-79,-79,-79,-79,-79,-79,-79,-79,
-79,-78,-78,-78,-79,-79,-79,-79,
-80,-80,-80,-81,-81,-81,-82,-82,
-83,-83,-84,-84,-84,-84,-84,-83,
-82,-80,-79,-79,-79,-79,-80,-79,
-79,-77,-76,-75,-74,-74,-74,-75,
-76,-77,-77,-77,-76,-76,-76,-75,
-75,-75,-75,-75,-75,-75,-74,-74,
-74,-74,-74,-74,-75,-75,-75,-76,
-76,-76,-76,-76,-76,-75,-75,-75,
-75,-76,-76,-76,-77,-77,-77,-77,
-77,-76,-75,-75,-75,-74,-74,-74,
-75,-75,-76,-76,-77,-78,-78,-79,
-79,-78,-78,-78,-77,-77,-76,-76,
-76,-77,-78,-78,-79,-79,-79,-78,
-78,-78,-78,-78,-79,-79,-80,-80,
-80,-80,-80,-80,-80,-80,-80,-80,
-79,-79,-79,-79,-79,-79,-79,-79,
-79,-79,-79,-80,-80,-79,-79,-79,
-79,-79,-79,-79,-80,-80,-80,-80,
-79,-79,-79,-78,-78,-78,-79,-79,
-79,-79,-80,-80,-80,-80,-81,-81,
-80,-80,-80,-80,-80,-80,-80,-80,
-79,-79,-79,-79,-80,-80,-80,-80,
-79,-79,-79,-79,-79,-78,-78,-77,
-75,-73,-71,-70,-68,-66,-64,-62,
-60,-59,-58,-57,-57,-57,-58,-59,
-60,-61,-62,-63,-64,-64,-64,-63,
-61,-60,-59,-60,-61,-63,-65,-66,
-68,-69,-71,-73,-76,-78,-79,-80,
-81,-81,-80,-80,-80,-80,-81,-82,
-83,-84,-84,-84,-84,-84,-84,-84,
-83,-83,-84,-85,-88,-92,-98,-106,
-113,-117,-115,-103,-79,-41,6,59,
107,140,150,133,92,37,-19,-67,
-98,-111,-110,-101,-91,-83,-80,-80,
-82,-85,-86,-86,-86,-85,-84,-84,
-84,-84,-85,-86,-86,-87,-87,-87,
-86,-86,-85,-85,-85,-85,-85,-86,
-86,-86,-86,-86,-85,-85,-84,-84,
-84,-84,-84,-84,-84,-83,-83,-82,
-82,-81,-81,-80,-80,-79,-80,-80,
-81,-82,-82,-83,-83,-83,-83,-83,
-84,-83,-83,-83,-83,-83,-83,-84,
-84,-84,-85,-85,-86,-86,-86,-87,
-87,-88,-89,-90,-92,-93,-93,-94,
-94,-93,-93,-93,-93,-93,-92,-91,
-90,-89,-87,-85,-82,-80,-77,-74,
-72,-70,-68,-66,-64,-62,-61,-60,
-59,-58,-57,-57,-56,-56,-55,-55,
-54,-54,-54,-54,-54,-54,-54,-54,
-53,-53,-53,-53,-53,-53,-54,-54,
-54,-55,-55,-56,-56,-57,-57,-57,
-57,-57,-57,-57,-56,-56,-56,-56,
-57,-57,-58,-58,-58,-58,-59,-59,
-59,-59,-60,-60,-60,-61,-61,-62,
-62,-63,-63,-63,-63,-63,-62,-62,
-61,-61,-61,-61,-61,-61,-61,-61,
-60,-60,-60,-61,-61,-62,-62,-63,
-63,-63,-63,-63,-63,-63,-62,-62,
-62,-62,-62,-61,-60,-60,-58,-57,
-55,-54,-52,-51,-49,-48,-47,-46,
-44,-42,-41,-39,-39,-39,-39,-41,
-42,-44,-45,-46,-47,-47,-46,-46,
-44,-42,-41,-40,-41,-43,-47,-50,
-54,-58,-61,-63,-64,-65,-65,-65,
-64,-64,-64,-64,-64,-64,-64,-65,
-65,-65,-66,-66,-66,-66,-66,-67,
-70,-73,-78,-85,-92,-99,-104,-108,
-109,-105,-95,-78,-52,-15,30,80,
126,160,172,158,119,65,6,-44,
-78,-94,-95,-87,-76,-68,-64,-65,
-68,-72,-74,-76,-75,-74,-73,-72,
-71,-71,-71,-71,-72,-72,-72,-71,
-71,-71,-71,-71,-71,-71,-72,-72,
-72,-72,-72,-72,-71,-71,-71,-70,
-69,-69,-69,-68,-68,-68,-68,-68,
-68,-68,-69,-69,-69,-69,-69,-69,
-69,-69,-69,-69,-69,-69,-69,-68,
-67,-66,-65,-65,-65,-65,-65,-66,
-66,-67,-67,-67,-67,-67,-67,-67,
-67,-67,-67,-66,-66,-66,-67,-67,
-67,-67,-66,-65,-64,-62,-60,-58,
-57,-55,-54,-52,-51,-50,-49,-48,
-48,-48,-48,-48,-48,-47,-47,-47,
-46,-46,-46,-45,-45,-45,-46,-46,
-46,-46,-46,-46,-46,-47,-47,-47,
-47,-47,-48,-48,-48,-49,-49,-49,
-49,-49,-49,-49,-49,-50,-50,-51,
-51,-52,-52,-52,-53,-53,-53,-53,
-53,-54,-54,-54,-55,-56,-56,-57,
-57,-57,-57,-57,-57,-57,-57,-57,
-57,-57,-57,-57,-56,-56,-56,-56,
-57,-57,-57,-56,-56,-55,-55,-55,
-55,-55,-55,-56,-57,-57,-58,-58,
-57,-56,-54,-52,-49,-47,-45,-44,
-43,-42,-42,-41,-40,-38,-37,-36,
-35,-35,-35,-35,-36,-36,-37,-37,
-38,-39,-39,-39,-38,-36,-35,-35,
-36,-39,-43,-47,-51,-55,-57,-59,
-59,-59,-58,-58,-58,-58,-59,-59,
-60,-61,-62,-62,-62,-61,-61,-61,
-61,-61,-62,-62,-62,-63,-64,-65,
-67,-70,-74,-80,-88,-96,-103,-106,
-102,-89,-64,-27,19,69,115,146,
156,141,104,53,0,-46,-78,-94,
-96,-89,-79,-71,-67,-66,-67,-69,
-71,-73,-73,-73,-73,-72,-72,-72,
-72,-72,-71,-71,-71,-70,-70,-70,
-69,-69,-70,-71,-72,-73,-73,-74,
-73,-73,-73,-72,-72,-72,-72,-72,
-73,-73,-73,-73,-72,-72,-71,-70,
-69,-69,-69,-69,-70,-70,-71,-71,
-71,-71,-70,-70,-70,-69,-69,-69,
-69,-69,-70,-70,-71,-72,-72,-72,
-72,-71,-70,-70,-70,-70,-71,-72,
-72,-73,-73,-73,-73,-73,-73,-73,
-74,-75,-75,-75,-75,-75,-75,-75,
-75,-74,-73,-72,-70,-68,-65,-62,
-60,-58,-57,-57,-57,-56,-56,-56,
-56,-55,-54,-54,-53,-53,-53,-53,
-54,-54,-55,-56,-56,-57,-57,-58,
-58,-58,-57,-57,-56,-55,-54,-54,
-54,-55,-55,-56,-56,-57,-58,-58,
-59,-59,-59,-60,-60,-61,-61,-62,
-63,-64,-64,-64,-64,-63,-63,-63,
-63,-64,-64,-65,-65,-65,-65,-65,
-65,-65,-65,-65,-65,-65,-65,-65,
-66,-66,-67,-67,-67,-66,-65,-65,
-65,-65,-65,-65,-65,-65,-64,-64,
-63,-63,-64,-64,-65,-65,-65,-64,
-63,-61,-58,-57,-55,-54,-53,-53,
-52,-51,-51,-50,-49,-49,-48,-48,
-48,-48,-48,-49,-49,-50,-51,-51,
-51,-50,-49,-47,-47,-47,-49,-52,
-56,-59,-63,-65,-66,-68,-69,-70,
-71,-73,-74,-74,-74,-73,-72,-71,
-71,-71,-71,-71,-72,-72,-72,-72,
-72,-72,-73,-73,-75,-76,-79,-83,
-88,-95,-102,-110,-114,-113,-103,-81,
-46,-1,50,98,134,149,138,103,
53,-2,-50,-84,-101,-104,-97,-87,
-79,-74,-73,-74,-76,-78,-79,-79,
-79,-79,-80,-81,-82,-83,-83,-83,
-83,-82,-82,-82,-82,-82,-83,-84,
-84,-84,-84,-83,-83,-83,-82,-82,
-82,-82,-82,-82,-83,-83,-83,-83,
-83,-83,-82,-82,-81,-81,-81,-81,
-81,-81,-81,-82,-82,-83,-83,-83,
-83,-82,-82,-82,-82,-82,-81,-81,
-81,-80,-80,-81,-81,-82,-82,-83,
-83,-83,-83,-83,-84,-84,-85,-86,
-87,-89,-90,-90,-91,-91,-91,-91,
-91,-90,-89,-88,-87,-84,-82,-80,
-77,-75,-73,-71,-69,-67,-66,-64,
-62,-61,-60,-59,-59,-58,-58,-58,
-58,-59,-59,-59,-59,-59,-59,-59,
-58,-58,-57,-57,-57,-57,-58,-58,
-58,-58,-59,-59,-59,-59,-60,-61,
-61,-62,-62,-63,-63,-62,-62,-62,
-61,-61,-61,-61,-62,-62,-62,-63,
-63,-63,-64,-64,-64,-64,-63,-63,
-63,-64,-64,-64,-65,-65,-66,-66,
-66,-65,-65,-64,-64,-64,-64,-64,
-63,-63,-63,-64,-64,-64,-64,-64,
-64,-64,-63,-63,-63,-62,-62,-62,
-62,-62,-61,-60,-59,-57,-56,-54,
-52,-50,-49,-49,-48,-48,-47,-47,
-46,-45,-44,-43,-42,-41,-41,-41,
-42,-43,-44,-45,-46,-48,-48,-48,
-47,-46,-45,-45,-45,-47,-50,-54,
-58,-61,-64,-65,-67,-67,-68,-68,
-68,-68,-68,-68,-69,-69,-70,-70,
-70,-71,-72,-72,-72,-72,-72,-72,
-72,-73,-75,-78,-81,-85,-89,-93,
-97,-101,-106,-110,-113,-113,-110,-99,
-80,-51,-10,38,90,135,164,168,
145,100,41,-16,-63,-92,-103,-100,
-90,-80,-73,-70,-72,-75,-78,-80,
-81,-80,-79,-79,-78,-78,-78,-79,
-80,-81,-82,-82,-82,-82,-82,-81,
-81,-80,-80,-80,-80,-80,-80,-79,
-79,-79,-79,-79,-79,-79,-80,-80,
-80,-80,-80,-80,-80,-80,-80,-80,
-80,-80,-80,-80,-79,-79,-79,-79,
-79,-79,-79,-79,-79,-78,-78,-78,
-78,-78,-78,-78,-78,-78,-78,-78,
-77,-77,-78,-78,-78,-79,-79,-79,
-79,-79,-79,-79,-79,-78,-78,-77,
-77,-76,-76,-76,-76,-76,-76,-76,
-76,-76,-75,-74,-72,-70,-68,-66,
-64,-63,-61,-60,-59,-58,-58,-58,
-58,-58,-58,-58,-58,-58,-58,-58,
-58,-58,-58,-58,-59,-59,-60,-60,
-61,-61,-61,-61,-60,-59,-59,-59,
-59,-60,-61,-61,-62,-62,-62,-63,
-63,-64,-64,-65,-66,-67,-67,-67,
-67,-67,-67,-67,-67,-67,-67,-67,
-68,-68,-68,-68,-69,-69,-69,-69,
-70,-70,-70,-70,-70,-70,-70,-70,
-70,-70,-70,-70,-70,-69,-69,-68,
-68,-68,-68,-68,-67,-67,-67,-67,
-68,-68,-67,-67,-67,-67,-66,-64,
-63,-61,-60,-58,-56,-55,-54,-53,
-51,-50,-48,-46,-45,-44,-44,-45,
-46,-47,-49,-49,-50,-51,-51,-51,
-50,-49,-48,-46,-45,-45,-46,-48,
-52,-56,-59,-62,-65,-66,-67,-68,
-68,-68,-69,-69,-69,-70,-70,-71,
-71,-71,-71,-71,-72,-72,-73,-73,
-73,-73,-73,-73,-74,-74,-76,-80,
-84,-90,-96,-102,-107,-109,-106,-98,
-84,-62,-34,0,41,84,127,163,
187,194,180,147,99,42,-12,-57,
-87,-101,-103,-96,-87,-80,-76,-76,
-78,-80,-82,-83,-83,-83,-82,-82,
-82,-83,-83,-84,-84,-84,-83,-83,
-82,-81,-81,-81,-81,-81,-81,-81,
-81,-81,-81,-82,-82,-82,-82,-82,
-81,-81,-80,-79,-79,-79,-79,-79,
-80,-80,-79,-79,-78,-78,-77,-77,
-77,-77,-78,-78,-78,-78,-78,-78,
-78,-78,-78,-78,-77,-77,-77,-77,
-77,-77,-77,-78,-78,-78,-78,-78,
-77,-77,-77,-77,-77,-77,-78,-78,
-79,-80,-80,-80,-80,-80,-80,-80,
-79,-79,-78,-77,-76,-75,-74,-73,
-71,-70,-69,-68,-67,-66,-65,-64,
-63,-63,-62,-62,-62,-62,-63,-63,
-63,-64,-64,-64,-64,-64,-63,-63,
-63,-63,-63,-63,-63,-63,-63,-63,
-64,-64,-65,-65,-65,-66,-66,-66,
-67,-67,-68,-69,-69,-69,-69,-69,
-69,-70,-70,-71,-71,-71,-71,-72,
-72,-72,-73,-73,-73,-74,-74,-74,
-74,-75,-75,-75,-75,-76,-76,-77,
-77,-78,-78,-78,-78,-77,-77,-77,
-76,-76,-75,-75,-74,-74,-74,-75,
-75,-76,-76,-77,-78,-78,-78,-78,
-78,-77,-76,-75,-73,-71,-69,-67,
-65,-64,-64,-63,-62,-62,-61,-60,
-58,-57,-56,-56,-57,-57,-58,-59,
-61,-62,-63,-64,-65,-66,-66,-65,
-64,-62,-60,-59,-59,-60,-62,-65,
-69,-72,-75,-78,-79,-81,-82,-82,
-83,-83,-83,-83,-83,-83,-84,-84,
-84,-85,-86,-87,-88,-89,-89,-88,
-87,-86,-85,-86,-87,-90,-94,-99,
-105,-111,-117,-122,-124,-121,-110,-89,
-57,-15,32,78,115,134,130,104,
59,6,-44,-84,-108,-118,-116,-108,
-99,-92,-89,-90,-91,-94,-95,-96,
-95,-95,-94,-94,-94,-95,-95,-95,
-95,-95,-95,-95,-96,-96,-96,-95,
-95,-95,-95,-95,-96,-96,-96,-96,
-96,-96,-96,-96,-96,-95,-95,-95,
-95,-95,-95,-95,-94,-94,-94,-94,
-94,-95,-96,-97,-97,-97,-97,-97,
-97,-96,-95,-94,-94,-93,-93,-93,
-93,-93,-93,-93,-93,-93,-93,-94,
-94,-95,-95,-96,-96,-96,-97,-97,
-98,-99,-100,-101,-102,-102,-102,-102,
-102,-103,-103,-104,-104,-104,-103,-102,
-101,-100,-99,-98,-97,-96,-94,-92,
-90,-87,-85,-84,-82,-81,-81,-80,
-80,-79,-79,-78,-78,-78,-78,-77,
-76,-75,-74,-74,-73,-73,-73,-74,
-74,-75,-75,-76,-76,-76,-76,-77,
-78,-78,-78,-78,-78,-77,-76,-76,
-76,-77,-78,-79,-81,-81,-82,-82,
-82,-82,-82,-83,-83,-83,-83,-84,
-84,-84,-84,-84,-84,-84,-84,-84,
-84,-84,-85,-85,-85,-86,-85,-85,
-84,-84,-83,-83,-82,-82,-82,-83,
-83,-83,-84,-84,-84,-84,-85,-85,
-85,-85,-85,-84,-83,-82,-81,-79,
-77,-75,-73,-71,-70,-68,-67,-67,
-66,-64,-63,-63,-62,-62,-61,-61,
-61,-61,-62,-62,-63,-63,-63,-62,
-61,-60,-60,-60,-62,-64,-67,-70,
-72,-74,-76,-77,-78,-79,-80,-81,
-82,-82,-83,-83,-83,-83,-83,-83,
-83,-83,-83,-83,-83,-84,-84,-84,
-84,-84,-84,-84,-85,-87,-91,-96,
-101,-108,-114,-119,-120,-116,-103,-80,
-46,-2,47,96,135,155,151,123,
76,20,-34,-77,-103,-113,-111,-102,
-92,-85,-82,-83,-85,-87,-89,-90,
-90,-90,-89,-89,-88,-88,-87,-87,
-87,-87,-87,-87,-87,-87,-87,-87,
-87,-87,-87,-87,-87,-87,-88,-88,
-88,-89,-88,-88,-88,-87,-87,-87,
-86,-86,-86,-86,-85,-85,-85,-85,
-84,-84,-84,-85,-84,-84,-84,-84,
-84,-84,-84,-84,-84,-84,-84,-83,
-83,-83,-83,-83,-83,-83,-83,-83,
-82,-82,-82,-82,-82,-82,-82,-83,
-83,-84,-85,-86,-86,-87,-87,-88,
-88,-89,-89,-89,-90,-90,-90,-89,
-88,-87,-86,-84,-82,-80,-78,-76,
-74,-72,-71,-69,-67,-65,-64,-63,
-62,-62,-62,-62,-62,-62,-62,-62,
-61,-60,-60,-60,-60,-60,-60,-60,
-61,-61,-61,-60,-60,-60,-60,-60,
-60,-60,-60,-60,-61,-60,-60,-60,
-60,-60,-60,-61,-62,-63,-63,-64,
-64,-64,-63,-63,-63,-63,-63,-64,
-64,-64,-64,-65,-66,-68,-69,-70,
-70,-71,-71,-71,-71,-70,-70,-70,
-70,-69,-69,-69,-69,-69,-69,-70,
-69,-69,-69,-68,-67,-66,-66,-66,
-66,-66,-67,-67,-68,-68,-68,-67,
-66,-65,-63,-61,-58,-56,-54,-52,
-51,-51,-50,-50,-49,-48,-47,-46,
-44,-44,-44,-44,-45,-46,-47,-48,
-49,-49,-50,-49,-49,-47,-46,-44,
-43,-44,-46,-49,-52,-56,-60,-63,
-65,-67,-68,-69,-69,-69,-70,-70,
-70,-70,-70,-69,-69,-69,-69,-69,
-69,-70,-70,-70,-70,-71,-70,-70,
-70,-71,-73,-76,-81,-87,-94,-100,
-105,-106,-101,-87,-63,-27,18,68,
118,157,177,173,144,95,36,-19,
-63,-90,-100,-97,-88,-78,-72,-69,
-71,-74,-77,-79,-80,-80,-79,-79,
-79,-79,-80,-80,-80,-80,-79,-77,
-76,-76,-76,-76,-76,-77,-77,-77,
-77,-77,-76,-76,-76,-76,-76,-76,
-76,-76,-76,-76,-76,-76,-75,-75,
-75,-74,-74,-74,-74,-74,-74,-74,
-75,-75,-75,-75,-75,-74,-74,-74,
-74,-74,-74,-73,-73,-73,-74,-74,
-74,-74,-73,-73,-72,-72,-71,-71,
-72,-72,-73,-73,-73,-73,-73,-73,
-73,-73,-73,-73,-73,-73,-73,-73,
-72,-71,-70,-68,-67,-65,-63,-62,
-61,-60,-59,-58,-58,-57,-56,-55,
-55,-54,-54,-54,-53,-53,-52,-52,
-52,-51,-51,-51,-51,-51,-51,-51,
-51,-51,-51,-51,-52,-52,-52,-52,
-52,-53,-53,-53,-54,-55,-55,-55,
-55,-55,-55,-55,-55,-55,-55,-55,
-56,-56,-57,-58,-59,-59,-60,-60,
-60,-59,-59,-59,-58,-59,-59,-59,
-59,-59,-58,-58,-58,-57,-57,-58,
-58,-59,-60,-60,-60,-60,-59,-59,
-59,-59,-60,-61,-61,-62,-62,-62,
-61,-60,-59,-58,-58,-57,-57,-56,
-55,-53,-51,-49,-47,-46,-45,-44,
-43,-42,-41,-40,-39,-38,-38,-38,
-38,-39,-39,-40,-41,-41,-42,-42,
-42,-41,-40,-39,-38,-38,-40,-43,
-48,-52,-57,-60,-63,-65,-66,-66,
-66,-66,-66,-65,-65,-65,-65,-65,
-65,-65,-65,-65,-65,-65,-65,-66,
-66,-66,-66,-66,-68,-70,-74,-79,
-86,-93,-102,-108,-110,-103,-86,-55,
-12,39,90,132,154,152,123,75,
19,-32,-72,-94,-100,-95,-85,-75,
-70,-68,-70,-73,-76,-78,-79,-78,
-77,-77,-76,-75,-75,-75,-75,-75,
-75,-75,-75,-75,-75,-74,-74,-74,
-74,-75,-75,-76,-76,-76,-76,-76,
-76,-76,-76,-75,-75,-76,-76,-77,
-77,-78,-78,-78,-78,-77,-77,-76,
-76,-75,-75,-75,-75,-75,-75,-75,
-75,-76,-76,-76,-77,-76,-76,-76,
-76,-75,-75,-75,-75,-75,-75,-75,
-74,-74,-74,-75,-75,-76,-76,-77,
-78,-80,-81,-81,-81,-81,-81,-81,
-80,-79,-78,-77,-76,-73,-71,-68,
-66,-63,-62,-61,-60,-60,-60,-59,
-59,-59,-59,-58,-58,-57,-57,-57,
-58,-58,-59,-59,-59,-59,-59,-59,
-59,-60,-60,-61,-61,-61,-61,-60,
-59,-59,-59,-60,-61,-62,-63,-63,
-64,-64,-64,-63,-63,-62,-62,-61,
-61,-61,-62,-64,-65,-67,-68,-68,
-68,-68,-67,-67,-67,-67,-67,-68,
-69,-69,-70,-70,-70,-69,-69,-69,
-68,-68,-68,-67,-67,-68,-69,-70,
-71,-71,-71,-71,-70,-69,-69,-69,
-69,-69,-69,-68,-67,-65,-63,-60,
-58,-56,-55,-54,-53,-52,-52,-51,
-50,-50,-50,-50,-50,-50,-50,-50,
-51,-51,-52,-53,-54,-54,-52,-51,
-49,-48,-49,-52,-56,-61,-66,-70,
-73,-75,-75,-75,-75,-75,-75,-76,
-77,-77,-77,-77,-77,-77,-78,-78,
-78,-77,-77,-77,-77,-78,-80,-84,
-89,-95,-102,-108,-113,-117,-118,-117,
-113,-103,-87,-61,-25,19,68,111,
140,146,126,84,29,-25,-70,-99,
-110,-108,-99,-89,-82,-79,-80,-82,
-85,-87,-87,-86,-85,-83,-82,-82,
-81,-81,-82,-82,-83,-84,-84,-84,
-84,-84,-84,-84,-83,-83,-83,-83,
-83,-82,-82,-82,-82,-82,-82,-82,
-82,-82,-82,-82,-82,-82,-82,-83,
-83,-83,-84,-84,-84,-84,-84,-83,
-83,-82,-82,-82,-82,-82,-82,-82,
-82,-82,-82,-82,-82,-83,-84,-86,
-87,-88,-89,-90,-90,-91,-91,-91,
-91,-91,-90,-89,-88,-87,-86,-85,
-83,-82,-80,-78,-76,-75,-73,-72,
-72,-71,-70,-68,-67,-66,-65,-64,
-64,-63,-62,-62,-61,-60,-59,-59,
-58,-58,-58,-58,-58,-58,-58,-58,
-59,-59,-59,-60,-61,-61,-62,-62,
-62,-62,-62,-61,-61,-61,-61,-61,
-61,-61,-61,-61,-61,-61,-62,-63,
-63,-64,-65,-65,-64,-64,-64,-64,
-64,-64,-65,-65,-66,-66,-67,-67,
-66,-66,-66,-65,-65,-65,-65,-65,
-65,-65,-65,-65,-65,-65,-65,-65,
-65,-65,-66,-66,-66,-67,-67,-67,
-67,-67,-66,-65,-65,-64,-63,-63,
-62,-61,-59,-57,-55,-53,-51,-50,
-49,-48,-48,-47,-45,-44,-43,-42,
-41,-41,-41,-42,-43,-44,-45,-46,
-47,-48,-49,-49,-49,-48,-46,-44,
-43,-43,-44,-47,-50,-55,-59,-62,
-65,-66,-67,-67,-67,-67,-67,-68,
-68,-69,-70,-71,-71,-71,-71,-70,
-70,-70,-70,-70,-69,-69,-69,-69,
-70,-72,-74,-78,-83,-90,-96,-103,
-108,-108,-101,-83,-52,-9,42,95,
141,168,171,147,101,43,-14,-60,
-89,-99,-97,-88,-78,-71,-69,-70,
-73,-76,-78,-79,-79,-78,-78,-78,
-79,-79,-80,-80,-80,-80,-80,-79,
-79,-79,-79,-79,-79,-79,-79,-79,
-79,-78,-78,-78,-78,-78,-79,-79,
-80,-80,-80,-79,-79,-79,-79,-78,
-78,-78,-78,-78,-78,-78,-78,-78,
-78,-78,-78,-79,-79,-79,-79,-79,
-78,-78,-78,-77,-77,-77,-77,-78,
-78,-78,-78,-79,-79,-79,-79,-79,
-79,-79,-79,-79,-79,-79,-79,-79,
-79,-79,-79,-79,-79,-79,-79,-79,
-78,-78,-77,-76,-75,-74,-72,-70,
-68,-67,-65,-64,-63,-62,-61,-60,
-59,-59,-58,-58,-58,-58,-58,-58,
-58,-58,-58,-58,-58,-58,-59,-59,
-59,-59,-59,-59,-59,-59,-59,-60,
-60,-60,-60,-60,-61,-61,-62,-62,
-62,-61,-61,-61,-61,-61,-61,-62,
-63,-64,-65,-65,-65,-65,-65,-65,
-66,-66,-66,-66,-66,-66,-66,-66,
-66,-67,-68,-68,-69,-69,-69,-69,
-68,-68,-68,-68,-69,-70,-70,-71,
-72,-72,-71,-71,-70,-69,-68,-68,
-68,-68,-68,-69,-69,-68,-68,-66,
-65,-65,-64,-64,-65,-65,-65,-65,
-65,-63,-61,-59,-57,-55,-53,-52,
-52,-51,-51,-50,-48,-47,-45,-44,
-43,-43,-43,-44,-44,-44,-45,-45,
-46,-46,-47,-48,-49,-49,-49,-48,
-47,-46,-46,-47,-50,-53,-57,-60,
-63,-66,-67,-68,-69,-69,-69,-69,
-69,-69,-69,-69,-70,-71,-71,-71,
-71,-70,-70,-70,-70,-70,-71,-71,
-72,-74,-76,-79,-82,-87,-93,-99,
-105,-108,-106,-98,-80,-51,-12,34,
83,126,154,161,144,104,51,-4,
-52,-85,-102,-103,-95,-85,-76,-71,
-70,-71,-74,-76,-77,-77,-77,-77,
-77,-77,-77,-77,-77,-77,-77,-77,
-77,-77,-77,-77,-77,-77,-77,-77,
-78,-78,-78,-78,-77,-77,-77,-77,
-77,-77,-77,-77,-77,-77,-76,-76,
-76,-76,-76,-76,-76,-76,-76,-76,
-76,-76,-76,-76,-76,-76,-76,-76,
-76,-75,-75,-75,-75,-75,-75,-75,
-75,-75,-75,-74,-74,-73,-72,-72,
-71,-71,-71,-71,-72,-73,-73,-74,
-75,-75,-75,-75,-75,-75,-74,-74,
-74,-74,-74,-74,-74,-74,-73,-72,
-70,-68,-66,-65,-63,-62,-62,-61,
-60,-60,-59,-58,-57,-56,-55,-55,
-55,-56,-57,-57,-57,-57,-57,-56,
-55,-55,-54,-54,-54,-54,-54,-55,
-55,-55,-55,-55,-55,-56,-56,-57,
-58,-58,-59,-59,-58,-58,-59,-59,
-60,-61,-61,-61,-61,-60,-60,-59,
-59,-60,-61,-62,-62,-63,-63,-63,
-62,-62,-62,-62,-62,-63,-64,-64,
-65,-66,-67,-67,-67,-67,-66,-66,
-65,-65,-64,-64,-63,-63,-63,-63,
-64,-65,-66,-66,-66,-65,-65,-65,
-66,-66,-66,-66,-66,-66,-65,-63,
-62,-60,-58,-57,-55,-54,-53,-52,
-51,-50,-48,-46,-45,-43,-43,-42,
-42,-43,-43,-43,-43,-43,-43,-44,
-45,-46,-48,-49,-50,-49,-49,-48,
-47,-47,-49,-51,-54,-57,-60,-62,
-64,-66,-66,-67,-68,-68,-68,-68,
-69,-69,-69,-70,-71,-71,-72,-73,
-74,-74,-74,-74,-73,-72,-70,-70,
-70,-71,-73,-75,-78,-81,-84,-88,
-92,-98,-103,-108,-109,-104,-90,-66,
-30,14,62,107,141,154,145,112,
64,9,-39,-77,-98,-104,-99,-90,
-81,-75,-73,-74,-76,-78,-80,-80,
-80,-80,-80,-80,-80,-79,-79,-79,
-79,-79,-79,-79,-79,-79,-80,-80,
-80,-80,-80,-79,-79,-79,-78,-78,
-78,-78,-78,-78,-78,-78,-78,-78,
-78,-78,-78,-79,-79,-79,-80,-80,
-80,-80,-79,-79,-79,-79,-79,-79,
-79,-79,-79,-78,-77,-76,-75,-75,
-75,-75,-75,-76,-76,-76,-76,-76,
-76,-77,-78,-79,-81,-83,-84,-85,
-86,-86,-86,-85,-85,-85,-85,-85,
-85,-85,-85,-85,-85,-85,-84,-83,
-81,-80,-78,-77,-75,-73,-70,-68,
-66,-65,-64,-64,-64,-64,-64,-63,
-62,-60,-58,-57,-56,-55,-55,-55,
-55,-55,-55,-56,-56,-56,-57,-57,
-57,-58,-58,-58,-58,-58,-58,-58,
-59,-59,-59,-59,-60,-60,-60,-60,
-59,-59,-59,-59,-59,-59,-59,-60,
-60,-61,-61,-62,-62,-62,-63,-63,
-64,-64,-64,-64,-64,-64,-63,-63,
-63,-63,-64,-64,-65,-65,-65,-65,
-64,-63,-63,-62,-62,-62,-63,-63,
-64,-64,-65,-65,-65,-65,-65,-64,
-63,-62,-61,-61,-60,-60,-60,-59,
-59,-59,-58,-57,-56,-54,-52,-51,
-50,-49,-47,-46,-45,-44,-43,-43,
-42,-42,-42,-41,-41,-42,-42,-43,
-44,-45,-45,-45,-44,-43,-43,-43,
-45,-48,-51,-55,-59,-61,-63,-64,
-64,-64,-64,-64,-64,-64,-64,-64,
-65,-65,-65,-65,-65,-65,-65,-65,
-65,-65,-64,-64,-64,-65,-67,-70,
-73,-77,-81,-86,-91,-96,-101,-105,
-108,-109,-107,-100,-88,-67,-38,1,
48,98,141,170,175,156,115,60,
4,-43,-76,-91,-92,-85,-75,-67,
-63,-62,-64,-66,-67,-67,-67,-67,
-67,-67,-68,-68,-69,-68,-68,-67,
-66,-65,-65,-64,-64,-64,-65,-65,
-66,-67,-67,-68,-67,-67,-66,-65,
-65,-64,-64,-64,-64,-64,-65,-65,
-66,-66,-66,-66,-66,-65,-64,-64,
-64,-64,-64,-65,-65,-65,-65,-65,
-66,-66,-66,-67,-66,-66,-65,-64,
-64,-63,-63,-63,-64,-65,-65,-66,
-67,-67,-68,-68,-68,-68,-69,-69,
-69,-69,-70,-70,-70,-70,-69,-69,
-69,-68,-67,-66,-64,-63,-61,-59,
-56,-55,-53,-52,-51,-50,-50,-49,
-49,-48,-47,-47,-46,-45,-44,-43,
-43,-42,-42,-41,-41,-41,-41,-42,
-42,-43,-43,-44,-45,-45,-46,-46,
-46,-45,-45,-44,-44,-43,-44,-44,
-45,-45,-46,-46,-45,-45,-45,-45,
-45,-46,-46,-46,-47,-47,-47,-48,
-48,-49,-49,-49,-49,-49,-49,-48,
-48,-48,-48,-49,-49,-49,-49,-49,
-50,-50,-51,-51,-51,-50,-50,-49,
-49,-49,-48,-49,-49,-49,-50,-50,
-50,-50,-49,-49,-49,-49,-49,-49,
-49,-49,-49,-48,-48,-48,-48,-48,
-48,-49,-49,-48,-47,-46,-44,-42,
-40,-37,-36,-35,-34,-33,-32,-30,
-29,-28,-26,-26,-25,-26,-26,-28,
-29,-30,-31,-32,-33,-33,-31,-30,
-28,-27,-26,-28,-30,-33,-37,-41,
-43,-46,-47,-48,-49,-49,-49,-49,
-50,-50,-50,-51,-52,-53,-54,-54,
-54,-54,-54,-54,-53,-53,-53,-54,
-53,-53,-53,-53,-54,-55,-58,-63,
-69,-76,-84,-91,-94,-92,-80,-56,
-19,28,82,134,173,190,181,145,
92,32,-21,-60,-80,-84,-78,-68,
-60,-56,-56,-58,-62,-65,-66,-66,
-65,-64,-62,-62,-62,-62,-62,-62,
-62,-62,-62,-62,-62,-62,-62,-62,
-62,-62,-62,-63,-63,-63,-63,-63,
-64,-64,-64,-65,-64,-64,-64,-63,
-63,-63,-63,-63,-63,-62,-62,-62,
-61,-61,-62,-62,-62,-62,-63,-62,
-62,-61,-61,-60,-60,-60,-60,-60,
-61,-61,-61,-62,-62,-62,-62,-62,
-62,-62,-62,-62,-63,-63,-63,-63,
-63,-62,-62,-62,-62,-62,-63,-64,
-64,-64,-64,-62,-61,-59,-57,-55,
-53,-51,-50,-48,-47,-46,-45,-44,
-43,-42,-42,-42,-43,-43,-43,-43,
-43,-43,-42,-42,-42,-41,-41,-41,
-41,-41,-40,-41,-41,-41,-42,-42,
-43,-43,-44,-44,-44,-44,-45,-45,
-45,-46,-46,-47,-47,-47,-47,-47,
-47,-47,-47,-48,-48,-48,-48,-48,
-49,-49,-50,-51,-51,-52,-52,-51,
-51,-52,-52,-53,-53,-54,-54,-54,
-54,-53,-53,-53,-53,-52,-52,-52,
-51,-51,-51,-51,-51,-51,-51,-50,
-50,-50,-49,-49,-49,-49,-50,-50,
-50,-50,-50,-49,-47,-45,-43,-41,
-39,-38,-37,-37,-36,-34,-33,-31,
-29,-28,-28,-28,-29,-30,-31,-33,
-34,-36,-37,-38,-38,-38,-37,-35,
-32,-30,-30,-31,-34,-38,-42,-46,
-49,-51,-53,-54,-55,-55,-55,-55,
-56,-56,-57,-58,-58,-59,-60,-60,
-60,-60,-59,-59,-59,-59,-59,-61,
-64,-68,-74,-80,-87,-93,-97,-98,
-94,-82,-62,-34,2,45,92,137,
172,191,189,163,119,63,6,-41,
-73,-88,-90,-83,-74,-66,-62,-62,
-63,-65,-67,-68,-69,-69,-70,-70,
-71,-71,-71,-71,-71,-71,-70,-70,
-70,-70,-70,-70,-70,-70,-70,-70,
-70,-70,-70,-70,-71,-71,-71,-72,
-72,-73,-73,-73,-73,-72,-72,-71,
-70,-69,-69,-69,-69,-69,-69,-69,
-70,-70,-70,-70,-70,-71,-71,-71,
-71,-71,-72,-72,-72,-73,-73,-74,
-74,-75,-75,-74,-74,-73,-73,-73,
-72,-72,-72,-72,-73,-73,-74,-75,
-75,-76,-76,-77,-77,-77,-77,-77,
-76,-76,-75,-75,-73,-72,-70,-68,
-67,-65,-63,-62,-61,-60,-59,-59,
-58,-58,-58,-57,-56,-55,-54,-54,
-53,-53,-53,-54,-54,-55,-56,-57,
-57,-58,-58,-58,-59,-59,-60,-60,
-60,-60,-59,-59,-59,-59,-59,-58,
-58,-58,-59,-59,-60,-61,-63,-64,
-64,-64,-64,-64,-64,-65,-66,-67,
-67,-68,-68,-68,-67,-67,-67,-67,
-67,-68,-68,-68,-67,-67,-66,-66,
-66,-66,-67,-67,-68,-69,-69,-69,
-69,-69,-69,-68,-68,-68,-67,-67,
-66,-66,-66,-66,-66,-65,-65,-64,
-63,-62,-61,-59,-58,-57,-56,-55,
-55,-54,-54,-53,-52,-51,-50,-50,
-49,-49,-49,-49,-50,-50,-50,-50,
-50,-50,-50,-49,-48,-48,-49,-51,
-54,-58,-63,-67,-70,-73,-74,-75,
-76,-75,-75,-74,-74,-73,-73,-74,
-74,-75,-75,-76,-76,-77,-77,-77,
-76,-76,-77,-78,-80,-83,-86,-90,
-95,-100,-105,-110,-114,-117,-114,-102,
-81,-47,-2,47,95,132,148,139,
106,57,1,-49,-86,-107,-112,-106,
-97,-89,-83,-82,-82,-84,-85,-85,
-84,-83,-82,-82,-82,-84,-85,-86,
-87,-87,-87,-87,-86,-86,-86,-86,
-87,-88,-88,-88,-88,-88,-87,-86,
-86,-86,-86,-86,-87,-87,-87,-87,
-86,-86,-86,-86,-87,-87,-87,-87,
-86,-86,-85,-85,-85,-85,-86,-86,
-87,-87,-88,-88,-88,-88,-87,-87,
-87,-87,-87,-87,-87,-87,-87,-87,
-87,-88,-88,-89,-90,-91,-92,-93,
-94,-94,-94,-95,-96,-96,-97,-97,
-97,-97,-96,-96,-96,-95,-95,-94,
-94,-93,-91,-90,-89,-87,-85,-83,
-81,-79,-77,-75,-73,-72,-71,-69,
-69,-68,-68,-67,-67,-67,-66,-66,
-65,-65,-65,-65,-65,-65,-65,-65,
-65,-66,-66,-66,-66,-66,-67,-68,
-68,-69,-69,-69,-69,-69,-69,-69,
-69,-69,-69,-69,-68,-68,-68,-68,
-68,-68,-69,-69,-69,-69,-70,-69,
-69,-70,-70,-70,-71,-72,-72,-72,
-72,-72,-72,-71,-71,-70,-70,-70,
-69,-69,-69,-69,-69,-70,-70,-70,
-70,-69,-69,-69,-68,-68,-68,-68,
-68,-67,-67,-67,-66,-66,-67,-67,
-67,-67,-67,-66,-64,-62,-61,-59,
-57,-56,-55,-54,-53,-51,-49,-47,
-46,-45,-45,-45,-46,-47,-48,-50,
-51,-52,-52,-52,-51,-49,-49,-49,
-51,-54,-58,-63,-66,-69,-71,-71,
-71,-70,-70,-69,-69,-69,-70,-70,
-70,-71,-71,-72,-73,-73,-73,-74,
-74,-74,-74,-75,-75,-76,-78,-81,
-85,-90,-97,-104,-109,-112,-108,-95,
-71,-34,13,65,115,151,165,153,
116,61,2,-50,-87,-104,-106,-98,
-87,-78,-73,-73,-76,-79,-82,-84,
-85,-84,-83,-82,-81,-80,-80,-80,
-80,-81,-82,-82,-83,-83,-83,-83,
-83,-83,-83,-82,-82,-81,-81,-81,
-81,-81,-81,-82,-82,-82,-81,-81,
-81,-80,-80,-80,-80,-80,-81,-81,
-81,-82,-82,-82,-83,-83,-82,-82,
-82,-81,-80,-80,-80,-80,-80,-80,
-81,-81,-81,-81,-81,-81,-81,-81,
-81,-82,-83,-83,-84,-84,-84,-85,
-85,-85,-85,-85,-85,-84,-84,-83,
-82,-81,-80,-80,-79,-77,-76,-74,
-72,-70,-69,-67,-66,-65,-64,-63,
-62,-61,-60,-60,-60,-60,-60,-60,
-59,-59,-59,-59,-59,-59,-58,-58,
-58,-58,-58,-58,-58,-59,-59,-60,
-60,-61,-61,-61,-61,-61,-61,-61,
-61,-62,-63,-63,-64,-64,-64,-63,
-63,-62,-62,-63,-63,-64,-64,-65,
-65,-66,-66,-66,-67,-67,-67,-67,
-66,-66,-66,-66,-66,-66,-66,-66,
-66,-67,-67,-67,-67,-67,-67,-67,
-67,-67,-67,-67,-67,-67,-67,-67,
-67,-67,-67,-66,-66,-65,-65,-64,
-64,-64,-63,-63,-63,-63,-63,-64,
-65,-65,-65,-64,-62,-61,-59,-58,
-56,-55,-53,-51,-49,-47,-45,-43,
-42,-42,-42,-43,-44,-45,-46,-47,
-48,-48,-47,-47,-46,-45,-46,-48,
-50,-54,-58,-62,-65,-67,-68,-69,
-69,-68,-68,-68,-68,-69,-69,-70,
-71,-71,-72,-72,-72,-72,-72,-72,
-71,-71,-71,-72,-72,-74,-76,-80,
-84,-90,-96,-103,-109,-112,-110,-101,
-82,-51,-10,39,91,136,164,170,
149,105,48,-9,-57,-89,-102,-101,
-93,-82,-75,-71,-72,-74,-77,-79,
-80,-80,-79,-79,-78,-78,-78,-78,
-78,-78,-78,-79,-79,-79,-79,-79,
-79,-78,-78,-78,-78,-78,-78,-77,
-77,-77,-77,-77,-78,-78,-79,-79,
-78,-78,-78,-78,-78,-78,-79,-79,
-79,-78,-78,-78,-78,-77,-77,-77,
-77,-77,-77,-77,-77,-77,-78,-78,
-78,-77,-77,-77,-77,-77,-77,-78,
-79,-80,-81,-81,-82,-82,-81,-81,
-80,-79,-78,-77,-77,-77,-78,-78,
-79,-79,-79,-78,-78,-77,-76,-75,
-74,-74,-73,-72,-71,-69,-68,-66,
-65,-63,-61,-60,-59,-58,-57,-56,
-56,-56,-56,-56,-56,-56,-56,-56,
-56,-57,-57,-58,-58,-59,-59,-59,
-59,-58,-58,-58,-58,-58,-58,-58,
-58,-58,-58,-58,-59,-59,-59,-60,
-61,-61,-61,-62,-62,-62,-62,-62,
-62,-63,-63,-63,-64,-65,-65,-66,
-66,-66,-65,-65,-65,-65,-65,-65,
-66,-66,-66,-66,-65,-65,-65,-65,
-66,-66,-66,-66,-66,-66,-66,-66,
-66,-65,-65,-64,-63,-63,-63,-62,
-63,-63,-63,-63,-63,-63,-62,-62,
-62,-62,-62,-62,-62,-63,-63,-62,
-62,-60,-59,-57,-55,-54,-53,-52,
-52,-51,-50,-48,-46,-44,-43,-41,
-40,-40,-40,-41,-42,-44,-46,-47,
-48,-48,-47,-46,-44,-44,-44,-45,
-48,-51,-55,-58,-61,-63,-64,-65,
-66,-66,-67,-67,-67,-67,-68,-68,
-68,-67,-67,-67,-67,-67,-67,-67,
-66,-66,-66,-66,-66,-66,-67,-67,
-68,-69,-71,-74,-78,-84,-91,-99,
-107,-112,-113,-107,-92,-65,-26,20,
70,115,146,157,144,110,60,5,
-43,-79,-98,-103,-97,-88,-80,-75,
-73,-74,-76,-78,-79,-79,-79,-78,
-78,-78,-78,-78,-78,-78,-78,-78,
-78,-77,-77,-77,-77,-77,-76,-76,
-76,-76,-76,-76,-77,-77,-78,-78,
-79,-79,-79,-78,-77,-77,-76,-75,
-75,-76,-76,-76,-77,-77,-77,-76,
-76,-76,-76,-76,-77,-78,-78,-79,
-79,-79,-78,-77,-76,-75,-75,-74,
-74,-74,-74,-74,-74,-73,-73,-73,
-73,-73,-74,-75,-76,-77,-78,-79,
-80,-80,-80,-80,-80,-80,-80,-81,
-82,-83,-83,-83,-82,-81,-81,-80,
-80,-79,-79,-78,-76,-75,-73,-71,
-69,-68,-66,-65,-64,-63,-62,-61,
-61,-60,-59,-58,-57,-57,-56,-56,
-56,-56,-56,-56,-56,-56,-57,-57,
-58,-59,-59,-60,-60,-60,-60,-60,
-60,-61,-61,-61,-61,-62,-62,-62,
-62,-62,-61,-60,-60,-60,-60,-61,
-62,-63,-63,-64,-64,-64,-63,-63,
-63,-63,-63,-64,-65,-66,-67,-68,
-68,-68,-67,-66,-65,-64,-64,-64,
-64,-65,-65,-66,-66,-66,-66,-67,
-67,-67,-66,-66,-66,-66,-66,-66,
-67,-67,-67,-67,-66,-65,-64,-63,
-62,-62,-63,-63,-64,-65,-66,-66,
-66,-64,-62,-60,-58,-56,-54,-54,
-53,-53,-53,-54,-54,-54,-53,-52,
-51,-49,-48,-46,-46,-45,-45,-46,
-46,-46,-46,-46,-46,-46,-46,-47,
-47,-48,-47,-47,-46,-47,-48,-51,
-55,-59,-63,-66,-68,-68,-68,-67,
-66,-66,-66,-67,-68,-69,-70,-70,
-71,-71,-72,-72,-73,-73,-73,-72,
-71,-71,-71,-72,-73,-76,-80,-84,
-89,-94,-98,-103,-106,-107,-103,-94,
-78,-54,-20,20,67,113,150,170,
168,143,98,43,-11,-57,-87,-101,
-102,-95,-85,-78,-74,-73,-75,-76,
-78,-79,-79,-79,-79,-78,-78,-77,
-76,-76,-76,-76,-76,-77,-78,-78,
-79,-79,-78,-78,-77,-77,-77,-76,
-76,-76,-76,-76,-76,-75,-75,-75,
-75,-75,-75,-75,-75,-74,-74,-74,
-73,-73,-74,-74,-74,-75,-75,-75,
-75,-75,-76,-76,-77,-77,-77,-76,
-76,-76,-75,-75,-75,-75,-74,-74,
-74,-74,-75,-76,-77,-78,-79,-80,
-80,-81,-81,-81,-82,-83,-83,-84,
-84,-84,-84,-83,-83,-82,-81,-80,
-79,-79,-78,-76,-75,-73,-70,-67,
-64,-61,-58,-55,-53,-52,-52,-51,
-51,-51,-51,-51,-51,-50,-50,-50,
-50,-50,-49,-49,-48,-48,-47,-47,
-47,-47,-47,-47,-47,-47,-47,-47,
-48,-48,-48,-48,-48,-48,-48,-48,
-49,-50,-50,-51,-51,-51,-50,-50,
-49,-48,-48,-47,-48,-48,-49,-49,
-50,-50,-50,-50,-50,-50,-51,-51,
-51,-52,-52,-52,-52,-52,-52,-52,
-52,-52,-51,-51,-51,-51,-50,-50,
-50,-50,-51,-51,-51,-51,-51,-50,
-50,-50,-50,-50,-50,-50,-50,-50,
-49,-49,-48,-48,-47,-46,-45,-44,
-43,-41,-39,-37,-36,-35,-33,-32,
-31,-30,-29,-28,-27,-26,-25,-24,
-24,-24,-24,-25,-25,-27,-28,-29,
-30,-30,-31,-31,-30,-28,-27,-25,
-24,-25,-26,-30,-34,-38,-42,-45,
-48,-49,-50,-50,-50,-50,-50,-51,
-51,-52,-52,-52,-52,-51,-51,-51,
-51,-51,-51,-51,-51,-51,-52,-54,
-58,-63,-69,-76,-83,-88,-91,-91,
-88,-81,-68,-49,-22,13,57,106,
153,188,205,197,164,112,52,-4,
-48,-74,-83,-79,-69,-59,-52,-50,
-52,-55,-58,-61,-62,-62,-61,-60,
-60,-59,-58,-58,-58,-58,-58,-58,
-58,-58,-58,-58,-58,-59,-59,-59,
-59,-59,-60,-60,-59,-59,-58,-58,
-58,-58,-58,-58,-58,-59,-59,-58,
-58,-57,-57,-56,-56,-56,-56,-56,
-57,-57,-58,-58,-58,-58,-58,-58,
-58,-58,-58,-58,-58,-58,-58,-58,
-58,-58,-58,-58,-58,-58,-59,-59,
-59,-59,-59,-59,-59,-59,-59,-60,
-60,-60,-60,-60,-60,-60,-60,-59,
-58,-57,-55,-53,-51,-49,-46,-44,
-43,-41,-40,-39,-38,-37,-37,-36,
-36,-36,-35,-35,-35,-36,-36,-36,
-35,-35,-36,-36,-37,-37,-38,-38,
-38,-38,-38,-38,-37,-37,-37,-37,
-37,-37,-38,-38,-39,-39,-40,-40,
-41,-41,-41,-41,-42,-42,-42,-43,
-43,-43,-43,-44,-44,-45,-45,-46,
-46,-46,-46,-45,-45,-45,-45,-45,
-45,-46,-46,-46,-46,-46,-47,-47,
-47,-48,-48,-48,-48,-48,-48,-48,
-48,-47,-47,-47,-47,-47,-46,-46,
-45,-45,-45,-45,-45,-45,-45,-44,
-43,-41,-39,-37,-35,-33,-32,-30,
-29,-28,-26,-25,-24,-24,-24,-24,
-25,-26,-26,-27,-27,-27,-27,-28,
-28,-29,-30,-30,-31,-30,-29,-28,
-27,-27,-28,-30,-33,-37,-40,-43,
-45,-47,-48,-49,-50,-50,-50,-51,
-51,-51,-52,-52,-52,-52,-52,-52,
-52,-52,-52,-52,-52,-53,-54,-56,
-59,-63,-68,-73,-79,-83,-84,-81,
-72,-56,-32,0,39,81,119,146,
157,148,120,79,31,-12,-45,-66,
-74,-73,-67,-62,-58,-56,-57,-59,
-62,-63,-64,-64,-64,-63,-63,-62,
-62,-62,-61,-61,-61,-61,-60,-61,
-61,-61,-61,-61,-61,-61,-61,-61,
-61,-61,-61,-62,-62,-62,-63,-63,
-62,-62,-62,-62,-62,-62,-61,-61,
-61,-61,-61,-61,-61,-62,-62,-63,
-63,-63,-63,-63,-63,-63,-62,-62,
-62,-62,-61,-61,-61,-61,-62,-62,
-62,-63,-63,-63,-63,-62,-63,-63,
-63,-64,-65,-65,-66,-66,-65,-65,
-65,-64,-63,-63,-62,-61,-59,-58,
-57,-55,-54,-52,-51,-50,-49,-48,
-47,-47,-47,-47,-47,-46,-46,-45,
-45,-45,-44,-44,-44,-45,-45,-46,
-46,-47,-47,-47,-48,-48,-48,-48,
-48,-48,-49,-49,-49,-50,-50,-51,
-51,-51,-52,-52,-52,-52,-52,-51,
-51,-52,-52,-52,-53,-53,-54,-54,
-54,-54,-55,-55,-56,-57,-57,-57,
-57,-57,-57,-57,-57,-57,-57,-57,
-57,-57,-57,-58,-58,-59,-59,-58,
-58,-58,-58,-57,-57,-57,-57,-57,
-57,-57,-57,-57,-57,-58,-58,-59,
-59,-59,-59,-59,-58,-57,-55,-53,
-51,-50,-49,-47,-46,-45,-44,-43,
-41,-40,-39,-38,-38,-38,-39,-40,
-41,-43,-44,-44,-45,-45,-45,-45,
-46,-48,-50,-52,-54,-56,-58,-60,
-61,-62,-63,-63,-63,-64,-65,-66,
-67,-68,-68,-69,-69,-69,-69,-69,
-69,-69,-70,-71,-72,-72,-72,-72,
-72,-72,-73,-75,-79,-84,-89,-94,
-97,-97,-92,-78,-56,-25,11,50,
83,104,109,95,64,25,-16,-51,
-75,-88,-90,-87,-81,-76,-74,-73,
-74,-76,-77,-77,-78,-78,-77,-77,
-77,-76,-77,-77,-77,-78,-78,-78,
-78,-78,-78,-78,-79,-79,-80,-81,
-82,-82,-82,-81,-81,-80,-79,-78,
-78,-78,-78,-79,-79,-79,-79,-80,
-80,-80,-80,-80,-80,-80,-80,-80,
-80,-80,-80,-80,-80,-79,-78,-77,
-77,-77,-78,-79,-79,-80,-80,-80,
-80,-80,-80,-80,-81,-82,-84,-85,
-85,-86,-86,-85,-85,-85,-86,-86,
-87,-87,-88,-88,-87,-87,-86,-85,
-84,-83,-81,-80,-78,-76,-74,-72,
-70,-68,-67,-66,-65,-65,-64,-64,
-64,-64,-63,-63,-63,-63,-64,-64,
-64,-65,-65,-65,-65,-65,-65,-65,
-65,-64,-64,-64,-64,-65,-66,-67,
-68,-69,-70,-70,-70,-70,-70,-70,
-70,-70,-70,-70,-70,-70,-70,-70,
-70,-70,-70,-71,-71,-72,-72,-73,
-74,-74,-75,-75,-74,-74,-73,-72,
-72,-72,-72,-73,-74,-75,-76,-76,
-76,-75,-74,-74,-73,-72,-72,-72,
-72,-72,-73,-73,-73,-73,-73,-72,
-72,-71,-69,-68,-67,-66,-64,-63,
-61,-59,-57,-55,-54,-52,-51,-51,
-51,-51,-52,-52,-53,-54,-55,-55,
-56,-56,-56,-56,-55,-54,-54,-54,
-55,-57,-59,-62,-65,-68,-70,-72,
-73,-73,-74,-74,-74,-75,-75,-76,
-77,-77,-78,-79,-79,-80,-81,-81,
-82,-82,-83,-83,-83,-83,-83,-84,
-86,-89,-94,-99,-104,-108,-108,-103,
-88,-64,-31,9,51,89,113,120,
107,76,33,-12,-51,-80,-96,-101,
-98,-92,-86,-83,-82,-82,-84,-85,
-86,-86,-86,-86,-86,-86,-87,-87,
-87,-88,-88,-87,-86,-86,-85,-84,
-84,-85,-85,-85,-85,-85,-85,-85,
-85,-85,-85,-85,-85,-85,-85,-85,
-85,-85,-85,-85,-85,-86,-86,-86,
-87,-87,-87,-87,-87,-87,-87,-87,
-87,-86,-86,-86,-86,-85,-85,-85,
-84,-84,-85,-85,-86,-87,-88,-88,
-88,-88,-88,-88,-89,-89,-90,-90,
-91,-92,-92,-93,-94,-94,-95,-95,
-95,-94,-92,-91,-89,-88,-86,-86,
-85,-84,-84,-83,-82,-80,-78,-77,
-75,-73,-72,-70,-69,-68,-67,-66,
-65,-64,-64,-64,-63,-63,-62,-61,
-60,-60,-59,-59,-60,-60,-60,-61,
-62,-62,-62,-63,-63,-63,-63,-63,
-63,-64,-64,-64,-64,-64,-64,-64,
-63,-63,-63,-63,-64,-64,-64,-64,
-65,-65,-65,-66,-66,-67,-68,-68,
-68,-68,-67,-66,-66,-65,-65,-65,
-65,-66,-67,-67,-68,-68,-68,-68,
-67,-66,-65,-65,-65,-65,-65,-66,
-66,-66,-66,-66,-66,-65,-65,-65,
-65,-66,-66,-66,-67,-67,-66,-66,
-65,-64,-62,-60,-59,-57,-55,-53,
-52,-50,-49,-48,-47,-46,-44,-43,
-41,-41,-40,-40,-40,-41,-41,-42,
-43,-44,-45,-46,-46,-47,-47,-46,
-45,-43,-42,-42,-42,-44,-47,-51,
-55,-59,-62,-64,-65,-65,-66,-66,
-66,-66,-66,-66,-66,-66,-66,-66,
-66,-66,-67,-67,-67,-68,-68,-68,
-69,-69,-71,-73,-77,-83,-90,-97,
-104,-107,-106,-97,-80,-54,-20,19,
64,109,152,189,219,238,245,237,
212,172,121,63,8,-38,-71,-89,
-93,-90,-82,-75,-71,-70,-72,-74,
-76,-78,-78,-78,-78,-77,-77,-77,
-76,-76,-76,-76,-76,-75,-75,-75,
-75,-75,-75,-76,-76,-76,-77,-77,
-77,-77,-77,-77,-77,-77,-77,-77,
-77,-76,-76,-75,-74,-74,-73,-73,
-73,-73,-73,-73,-74,-74,-74,-75,
-75,-74,-74,-74,-74,-74,-74,-74,
-75,-75,-75,-75,-75,-75,-74,-74,
-74,-74,-74,-74,-74,-74,-75,-75,
-75,-75,-75,-75,-75,-75,-75,-75,
-75,-75,-76,-76,-77,-77,-77,-77,
-76,-75,-74,-72,-71,-70,-68,-67,
-65,-63,-62,-60,-59,-58,-56,-55,
-55,-55,-55,-55,-55,-55,-55,-55,
-55,-55,-55,-55,-55,-55,-55,-56,
-56,-56,-56,-56,-56,-56,-56,-56,
-56,-56,-56,-56,-56,-56,-56,-56,
-57,-58,-58,-59,-60,-60,-61,-61,
-61,-62,-62,-62,-63,-63,-63,-64,
-64,-65,-65,-65,-65,-65,-64,-64,
-64,-64,-64,-64,-64,-64,-65,-65,
-66,-66,-66,-65,-65,-65,-64,-64,
-64,-65,-65,-65,-65,-66,-65,-65,
-65,-65,-64,-63,-63,-62,-62,-61,
-61,-61,-61,-61,-60,-59,-58,-57,
-55,-54,-52,-51,-50,-49,-48,-47,
-45,-44,-43,-42,-41,-41,-41,-41,
-41,-42,-42,-42,-43,-43,-43,-44,
-44,-43,-43,-42,-43,-44,-46,-50,
-54,-58,-61,-63,-65,-66,-67,-67,
-67,-67,-67,-67,-67,-67,-67,-67,
-67,-68,-68,-68,-68,-68,-68,-68,
-67,-67,-68,-70,-73,-79,-86,-94,
-101,-106,-107,-103,-93,-78,-58,-33,
-5,26,60,97,133,166,192,204,
199,174,132,77,19,-31,-69,-89,
-94,-89,-80,-72,-68,-67,-68,-71,
-73,-75,-75,-75,-75,-74,-73,-73,
-72,-72,-71,-71,-71,-72,-72,-73,
-74,-75,-76,-76,-76,-76,-75,-75,
-75,-75,-75,-74,-74,-73,-73,-73,
-73,-74,-74,-75,-75,-76,-76,-76,
-75,-75,-74,-74,-74,-74,-74,-74,
-74,-74,-73,-72,-72,-71,-71,-71,
-71,-71,-72,-72,-72,-72,-73,-74,
-74,-75,-75,-75,-74,-74,-73,-73,
-73,-74,-74,-75,-74,-74,-74,-74,
-74,-75,-76,-77,-78,-77,-77,-76,
-74,-73,-72,-70,-69,-68,-67,-66,
-65,-64,-63,-62,-61,-60,-59,-59,
-58,-56,-55,-55,-54,-54,-55,-55,
-56,-57,-57,-57,-57,-57,-57,-57,
-57,-57,-57,-57,-57,-57,-57,-57,
-57,-57,-57,-57,-58,-59,-60,-60,
-61,-62,-62,-62,-62,-61,-61,-60,
-60,-60,-61,-61,-62,-62,-63,-63,
-64,-64,-65,-65,-66,-66,-66,-66,
-66,-66,-66,-67,-68,-69,-70,-70,
-70,-68,-67,-66,-65,-64,-65,-65,
-66,-67,-67,-67,-67,-67,-66,-66,
-66,-66,-67,-67,-68,-69,-69,-69,
-69,-69,-68,-67,-66,-64,-63,-61,
-59,-57,-56,-55,-54,-53,-52,-51,
-50,-49,-48,-47,-47,-47,-47,-47,
-48,-50,-51,-52,-53,-54,-54,-54,
-53,-52,-50,-50,-50,-52,-54,-58,
-61,-63,-66,-67,-68,-69,-70,-71,
-72,-73,-74,-75,-76,-76,-76,-76,
-76,-76,-76,-76,-76,-76,-76,-76,
-76,-77,-78,-79,-81,-84,-86,-90,
-94,-99,-104,-108,-109,-104,-90,-65,
-29,15,63,106,136,145,130,94,
45,-7,-54,-86,-103,-107,-101,-92,
-84,-79,-77,-77,-79,-81,-83,-83,
-84,-84,-84,-84,-84,-84,-84,-84,
-83,-83,-82,-82,-82,-82,-82,-83,
-83,-83,-83,-83,-83,-83,-83,-83,
-83,-83,-83,-83,-84,-85,-86,-86,
-86,-85,-84,-83,-83,-82,-82,-82,
-82,-82,-82,-82,-83,-83,-83,-83,
-83,-83,-83,-83,-83,-83,-83,-83,
-83,-83,-83,-83,-83,-83,-83,-83,
-83,-83,-83,-84,-84,-85,-86,-86,
-87,-87,-88,-89,-89,-90,-91,-92,
-93,-93,-93,-92,-90,-88,-86,-84,
-82,-79,-78,-76,-74,-72,-70,-68,
-66,-65,-64,-63,-63,-63,-63,-62,
-62,-61,-61,-60,-60,-60,-59,-58,
-58,-58,-57,-57,-57,-57,-57,-56,
-56,-56,-57,-57,-58,-58,-59,-60,
-60,-61,-61,-62,-62,-62,-62,-62,
-62,-62,-62,-63,-63,-64,-64,-63,
-63,-62,-62,-61,-61,-62,-62,-62,
-62,-62,-63,-63,-63,-63,-64,-64,
-65,-65,-65,-65,-65,-64,-64,-64,
-64,-63,-63,-63,-63,-62,-62,-62,
-61,-61,-61,-61,-62,-62,-62,-63,
-63,-64,-64,-64,-64,-63,-62,-61,
-61,-60,-60,-59,-58,-57,-55,-53,
-51,-49,-48,-46,-45,-44,-43,-41,
-39,-37,-37,-37,-37,-38,-39,-40,
-41,-42,-42,-43,-43,-44,-45,-44,
-43,-40,-38,-36,-35,-36,-38,-42,
-46,-50,-54,-56,-58,-60,-61,-61,
-61,-61,-61,-61,-61,-62,-62,-63,
-63,-63,-63,-63,-63,-63,-64,-64,
-64,-64,-64,-64,-64,-65,-67,-71,
-77,-84,-92,-99,-103,-103,-95,-76,
-45,-3,46,99,146,179,190,176,
139,86,27,-27,-69,-95,-105,-104,
-96,-86,-77,-71,-69,-69,-70,-71,
-72,-72,-72,-72,-72,-72,-72,-72,
-72,-72,-72,-72,-72,-72,-72,-71,
-71,-71,-70,-70,-70,-69,-69,-69,
-68,-68,-68,-68,-69,-69,-69,-70,
-70,-69,-69,-69,-70,-70,-70,-70,
-70,-69,-68,-68,-67,-67,-67,-67,
-67,-67,-67,-67,-68,-68,-68,-68,
-68,-68,-68,-68,-68,-68,-68,-68,
-68,-68,-68,-68,-67,-67,-67,-67,
-67,-68,-68,-69,-70,-71,-72,-72,
-72,-72,-72,-72,-72,-73,-73,-73,
-72,-71,-70,-69,-67,-65,-63,-62,
-60,-59,-57,-56,-54,-53,-52,-50,
-49,-48,-47,-47,-46,-45,-45,-45,
-45,-45,-45,-45,-45,-45,-45,-45,
-44,-44,-44,-43,-43,-43,-43,-43,
-43,-44,-45,-45,-46,-47,-47,-47,
-47,-47,-47,-46,-46,-46,-46,-46,
-47,-47,-48,-49,-49,-49,-49,-49,
-49,-49,-49,-49,-49,-49,-49,-48,
-48,-49,-49,-50,-51,-52,-52,-53,
-53,-53,-52,-52,-52,-53,-53,-54,
-54,-54,-54,-54,-54,-54,-54,-54,
-54,-54,-53,-52,-51,-50,-50,-50,
-51,-51,-51,-51,-51,-51,-51,-51,
-51,-51,-51,-50,-49,-48,-46,-44,
-42,-40,-39,-38,-36,-35,-34,-32,
-30,-29,-28,-27,-27,-27,-28,-29,
-30,-31,-32,-33,-33,-34,-34,-34,
-34,-34,-33,-32,-31,-31,-31,-33,
-35,-38,-42,-45,-48,-50,-52,-53,
-54,-54,-54,-54,-54,-55,-55,-55,
-56,-56,-56,-56,-57,-57,-57,-57,
-56,-56,-56,-57,-59,-63,-69,-76,
-85,-93,-98,-98,-89,-68,-33,12,
66,120,164,187,184,153,101,40,
-17,-61,-85,-92,-86,-74,-64,-58,
-56,-58,-61,-64,-66,-66,-66,-65,
-65,-66,-66,-67,-68,-68,-68,-68,
-67,-67,-67,-67,-67,-68,-68,-68,
-68,-67,-67,-67,-66,-66,-67,-67,
-68,-68,-68,-68,-67,-67,-67,-67,
-68,-68,-68,-68,-68,-68,-67,-67,
-66,-66,-66,-66,-66,-66,-66,-66,
-67,-67,-67,-67,-66,-66,-66,-66,
-66,-66,-67,-67,-67,-67,-67,-67,
-67,-68,-68,-68,-68,-68,-67,-66,
-66,-66,-66,-67,-67,-68,-68,-68,
-68,-67,-66,-64,-62,-61,-58,-56,
-54,-52,-51,-49,-48,-47,-46,-46,
-46,-47,-47,-47,-47,-46,-46,-46,
-46,-46,-46,-46,-46,-47,-47,-47,
-47,-47,-46,-46,-46,-46,-46,-46,
-46,-47,-48,-49,-49,-50,-50,-50,
-50,-50,-50,-51,-51,-52,-53,-53,
-54,-54,-54,-54,-53,-53,-52,-52,
-52,-52,-52,-53,-53,-54,-55,-56,
-57,-58,-58,-58,-59,-59,-59,-59,
-59,-59,-59,-59,-58,-58,-57,-57,
-57,-56,-56,-56,-56,-57,-57,-58,
-58,-58,-59,-59,-59,-58,-57,-56,
-54,-52,-51,-50,-49,-48,-47,-45,
-43,-40,-37,-35,-34,-34,-35,-36,
-37,-38,-40,-41,-42,-43,-44,-44,
-43,-42,-41,-42,-43,-45,-49,-52,
-55,-57,-59,-60,-61,-62,-62,-62,
-62,-62,-62,-62,-63,-64,-65,-67,
-68,-70,-71,-71,-71,-70,-70,-69,
-69,-68,-68,-68,-68,-69,-72,-75,
-80,-87,-95,-104,-110,-113,-107,-89,
-59,-15,35,88,132,156,155,127,
78,21,-33,-74,-98,-104,-100,-90,
-80,-74,-73,-74,-78,-81,-82,-83,
-82,-81,-80,-79,-79,-79,-79,-80,
-80,-80,-80,-80,-80,-80,-80,-80,
-79,-79,-79,-79,-80,-80,-80,-80,
-80,-80,-80,-81,-81,-82,-82,-82,
-82,-82,-82,-82,-83,-84,-84,-84,
-84,-83,-82,-81,-81,-80,-80,-80,
-80,-80,-81,-81,-82,-82,-82,-83,
-83,-84,-85,-85,-85,-85,-85,-84,
-84,-85,-86,-87,-89,-90,-91,-91,
-91,-91,-90,-90,-90,-90,-90,-90,
-89,-88,-87,-85,-83,-80,-78,-76,
-74,-72,-70,-68,-66,-65,-64,-63,
-63,-62,-62,-62,-63,-63,-63,-63,
-63,-63,-63,-64,-64,-65,-66,-65,
-65,-64,-62,-62,-61,-62,-63,-64,
-65,-66,-67,-68,-68,-69,-69,-69,
-69,-69,-69,-69,-70,-70,-72,-73,
-73,-74,-73,-72,-71,-71,-71,-71,
-72,-72,-73,-74,-74,-74,-74,-74,
-74,-75,-75,-76,-76,-76,-76,-76,
-76,-76,-75,-75,-74,-73,-72,-72,
-71,-72,-72,-73,-73,-73,-74,-74,
-74,-73,-72,-71,-69,-68,-66,-65,
-64,-63,-61,-60,-58,-56,-53,-52,
-51,-51,-51,-52,-52,-53,-54,-55,
-56,-58,-59,-60,-59,-58,-56,-54,
-52,-53,-54,-57,-62,-66,-70,-73,
-76,-78,-79,-80,-80,-79,-79,-78,
-77,-77,-77,-77,-78,-79,-80,-81,
-82,-82,-81,-81,-81,-81,-81,-83,
-86,-91,-96,-103,-110,-115,-117,-113,
-100,-75,-38,9,63,113,151,167,
156,121,67,7,-47,-87,-109,-115,
-109,-98,-89,-82,-80,-80,-83,-85,
-86,-87,-87,-87,-86,-86,-87,-87,
-88,-88,-89,-89,-89,-90,-90,-89,
-89,-90,-90,-90,-90,-90,-89,-89,
-88,-88,-87,-87,-87,-87,-87,-87,
-86,-86,-87,-87,-87,-88,-88,-88,
-88,-87,-87,-86,-85,-85,-85,-85,
-85,-85,-85,-86,-86,-86,-86,-87,
-87,-87,-87,-87,-88,-89,-89,-90,
-90,-91,-91,-92,-93,-93,-94,-95,
-95,-96,-96,-96,-97,-97,-98,-98,
-97,-96,-95,-93,-91,-90,-88,-86,
-84,-83,-81,-80,-78,-76,-73,-71,
-69,-67,-65,-64,-63,-62,-62,-62,
-62,-62,-62,-62,-63,-63,-63,-63,
-63,-63,-63,-62,-62,-61,-61,-61,
-61,-61,-62,-62,-62,-63,-63,-64,
-64,-65,-65,-65,-66,-66,-66,-66,
-65,-65,-64,-64,-64,-64,-64,-65,
-66,-67,-68,-69,-70,-71,-71,-72,
-72,-71,-71,-71,-70,-70,-70,-70,
-70,-69,-69,-68,-68,-67,-67,-67,
-67,-67,-68,-68,-68,-68,-69,-69,
-69,-68,-68,-67,-67,-66,-66,-66,
-66,-66,-66,-66,-66,-64,-62,-59,
-56,-54,-51,-50,-49,-48,-48,-47,
-47,-46,-45,-44,-44,-43,-43,-44,
-44,-45,-46,-47,-48,-49,-49,-48,
-48,-46,-45,-44,-44,-46,-48,-51,
-55,-59,-62,-64,-66,-68,-69,-70,
-71,-71,-71,-70,-70,-69,-69,-70,
-70,-71,-71,-71,-71,-71,-71,-71,
-70,-70,-69,-70,-70,-72,-75,-79,
-85,-92,-100,-107,-110,-108,-98,-76,
-42,3,57,111,156,182,182,154,
104,43,-15,-62,-90,-100,-97,-87,
-77,-70,-69,-70,-73,-77,-79,-80,
-80,-79,-78,-77,-76,-76,-77,-77,
-78,-79,-80,-80,-81,-81,-80,-80,
-79,-79,-79,-79,-78,-78,-78,-78,
-78,-78,-78,-78,-78,-77,-77,-77,
-77,-77,-77,-78,-78,-78,-78,-78,
-78,-78,-78,-78,-77,-76,-76,-75,
-75,-74,-74,-73,-73,-73,-72,-72,
-72,-72,-73,-73,-74,-75,-75,-76,
-76,-77,-77,-77,-78,-78,-77,-77,
-77,-77,-77,-77,-78,-78,-78,-78,
-77,-76,-74,-73,-71,-70,-68,-66,
-64,-63,-61,-59,-58,-56,-55,-54,
-54,-53,-53,-53,-53,-53,-53,-53,
-52,-51,-51,-50,-50,-51,-51,-51,
-52,-52,-52,-52,-52,-52,-52,-52,
-53,-53,-53,-53,-53,-54,-54,-55,
-55,-56,-56,-57,-57,-58,-58,-59,
-59,-59,-60,-60,-60,-60,-60,-61,
-61,-61,-61,-62,-62,-62,-63,-63,
-63,-63,-63,-63,-63,-62,-62,-61,
-61,-61,-61,-61,-61,-61,-61,-61,
-61,-61,-62,-63,-63,-64,-64,-64,
-63,-63,-62,-61,-61,-61,-61,-61,
-60,-60,-59,-57,-55,-53,-51,-49,
-47,-47,-46,-46,-45,-44,-43,-41,
-40,-38,-38,-37,-37,-38,-38,-39,
-39,-40,-41,-42,-43,-43,-44,-44,
-43,-42,-40,-40,-40,-42,-45,-49,
-54,-57,-61,-63,-64,-65,-65,-64,
-64,-63,-63,-63,-64,-64,-65,-65,
-66,-66,-67,-67,-67,-67,-66,-66,
-66,-66,-67,-69,-72,-77,-83,-90,
-96,-102,-106,-104,-95,-77,-49,-9,
38,90,141,180,200,198,171,125,
67,8,-42,-79,-99,-105,-101,-92,
-83,-76,-73,-73,-74,-75,-76,-75,
-75,-74,-73,-73,-73,-73,-74,-74,
-74,-74,-74,-73,-73,-73,-73,-73,
-73,-74,-74,-75,-75,-75,-74,-74,
-73,-73,-72,-72,-71,-71,-71,-71,
-70,-70,-69,-69,-69,-70,-71,-71,
-72,-72,-72,-71,-71,-71,-70,-70,
-70,-70,-71,-71,-71,-71,-71,-72,
-72,-72,-72,-72,-71,-71,-70,-70,
-69,-69,-69,-69,-69,-69,-69,-70,
-71,-71,-72,-72,-72,-73,-73,-73,
-73,-74,-74,-74,-74,-73,-72,-72,
-71,-70,-68,-67,-65,-64,-62,-60,
-59,-58,-56,-55,-55,-54,-53,-53,
-53,-53,-53,-53,-53,-53,-53,-54,
-54,-54,-54,-53,-53,-52,-52,-53,
-53,-53,-53,-52,-52,-51,-51,-51,
-51,-52,-52,-53,-54,-55,-56,-57,
-57,-58,-59,-59,-59,-60,-60,-60,
-60,-61,-61,-60,-60,-60,-59,-59,
-60,-60,-61,-62,-62,-63,-63,-63,
-62,-62,-62,-62,-63,-63,-64,-65,
-65,-65,-65,-65,-65,-65,-65,-65,
-65,-65,-65,-65,-65,-65,-65,-65,
-64,-64,-64,-64,-64,-64,-64,-64,
-64,-63,-63,-63,-63,-64,-64,-64,
-63,-62,-60,-57,-55,-53,-51,-50,
-50,-49,-48,-47,-45,-43,-41,-40,
-40,-40,-40,-41,-42,-43,-44,-45,
-45,-46,-47,-48,-49,-49,-48,-48,
-47,-48,-49,-52,-56,-59,-63,-66,
-68,-70,-71,-71,-71,-70,-70,-70,
-70,-70,-71,-71,-71,-71,-72,-72,
-72,-73,-73,-73,-73,-73,-73,-73,
-73,-73,-74,-75,-78,-82,-87,-93,
-100,-107,-111,-113,-108,-95,-71,-36,
8,58,106,144,162,157,128,81,
25,-27,-69,-95,-106,-104,-97,-89,
-83,-80,-81,-83,-84,-85,-85,-84,
-83,-82,-82,-82,-82,-82,-82,-82,
-82,-82,-82,-82,-82,-81,-81,-81,
-81,-81,-82,-83,-83,-84,-84,-84,
-83,-82,-81,-81,-81,-82,-83,-83,
-84,-84,-83,-83,-83,-82,-82,-82,
-82,-83,-83,-83,-84,-85,-85,-85,
-85,-85,-85,-84,-83,-83,-82,-81,
-81,-81,-81,-81,-81,-81,-81,-82,
-82,-82,-83,-84,-86,-87,-89,-90,
-90,-91,-91,-91,-91,-91,-91,-91,
-92,-92,-92,-92,-92,-92,-92,-92,
-92,-92,-91,-90,-89,-87,-85,-84,
-82,-80,-78,-77,-75,-73,-72,-70,
-68,-66,-65,-63,-62,-61,-60,-60,
-60,-59,-59,-58,-57,-57,-57,-57,
-57,-57,-57,-58,-58,-59,-59,-59,
-59,-59,-60,-60,-62,-63,-64,-64,
-64,-64,-63,-63,-62,-62,-62,-61,
-61,-60,-60,-61,-61,-62,-63,-64,
-65,-65,-66,-66,-66,-66,-66,-67,
-67,-67,-67,-67,-68,-68,-68,-68,
-68,-67,-66,-65,-64,-63,-63,-63,
-63,-64,-65,-65,-66,-66,-66,-66,
-66,-66,-66,-66,-66,-66,-66,-66,
-66,-66,-66,-66,-66,-65,-63,-60,
-58,-55,-53,-52,-51,-50,-49,-49,
-47,-46,-45,-44,-43,-43,-44,-45,
-46,-47,-47,-48,-48,-47,-46,-45,
-43,-43,-43,-44,-47,-51,-55,-59,
-62,-64,-66,-66,-66,-66,-65,-65,
-64,-64,-64,-65,-65,-66,-66,-67,
-67,-68,-67,-67,-66,-66,-66,-66,
-67,-67,-67,-67,-67,-68,-70,-73,
-77,-82,-89,-97,-103,-106,-103,-91,
-67,-32,14,67,118,158,179,174,
144,95,37,-18,-61,-87,-96,-93,
-83,-74,-67,-64,-64,-66,-68,-70,
-70,-70,-70,-70,-69,-69,-69,-69,
-69,-70,-70,-70,-70,-71,-71,-71,
-71,-71,-70,-70,-70,-69,-69,-68,
-68,-68,-68,-68,-68,-68,-68,-68,
-68,-68,-68,-68,-69,-69,-70,-70,
-70,-70,-70,-70,-70,-70,-71,-71,
-71,-71,-71,-72,-72,-72,-71,-71,
-71,-70,-70,-70,-70,-70,-69,-69,
-69,-69,-70,-71,-72,-74,-75,-76,
-77,-77,-78,-78,-79,-79,-80,-80,
-80,-80,-81,-80,-80,-80,-79,-78,
-77,-75,-73,-71,-68,-65,-63,-61,
-59,-58,-56,-55,-53,-52,-51,-50,
-50,-49,-49,-49,-49,-48,-48,-47,
-46,-46,-45,-45,-45,-46,-46,-46,
-47,-47,-48,-48,-48,-49,-49,-50,
-50,-51,-51,-51,-50,-50,-50,-49,
-49,-49,-49,-49,-50,-50,-51,-51,
-51,-52,-53,-53,-54,-54,-54,-54,
-54,-54,-54,-54,-54,-54,-54,-55,
-55,-56,-56,-56,-56,-56,-56,-55,
-55,-55,-55,-55,-55,-55,-56,-56,
-56,-56,-56,-55,-54,-54,-54,-54,
-54,-55,-55,-55,-55,-55,-55,-55,
-55,-55,-56,-56,-56,-56,-56,-56,
-55,-54,-52,-50,-47,-45,-43,-42,
-41,-40,-39,-38,-37,-36,-34,-33,
-32,-33,-33,-34,-35,-36,-37,-38,
-38,-37,-35,-34,-32,-31,-32,-34,
-37,-41,-45,-49,-52,-55,-56,-57,
-58,-58,-59,-59,-59,-59,-59,-59,
-59,-58,-57,-57,-57,-57,-57,-57,
-58,-58,-59,-59,-60,-60,-59,-60,
-60,-62,-65,-70,-76,-84,-92,-99,
-102,-99,-86,-61,-23,25,81,134,
175,193,183,146,90,28,-27,-67,
-88,-92,-85,-74,-65,-61,-62,-64,
-68,-70,-71,-71,-71,-70,-70,-70,
-71,-71,-71,-71,-70,-70,-69,-69,
-69,-70,-70,-70,-70,-70,-70,-70,
-70,-70,-69,-69,-69,-68,-68,-68,
-69,-69,-69,-70,-70,-71,-71,-72,
-72,-71,-71,-70,-69,-69,-69,-69,
-69,-69,-69,-69,-70,-70,-70,-70,
-70,-70,-70,-70,-70,-71,-71,-71,
-71,-72,-71,-71,-71,-71,-71,-71,
-71,-71,-71,-72,-72,-72,-72,-72,
-72,-72,-72,-71,-70,-69,-68,-66,
-65,-63,-62,-61,-60,-60,-59,-58,
-57,-56,-54,-53,-52,-50,-49,-48,
-48,-47,-47,-47,-47,-47,-48,-48,
-49,-49,-50,-50,-51,-51,-51,-51,
-51,-51,-51,-51,-51,-51,-51,-52,
-52,-52,-52,-52,-52,-53,-53,-53,
-54,-55,-56,-56,-57,-58,-58,-58,
-58,-58,-58,-58,-57,-57,-58,-58,
-58,-59,-59,-59,-59,-58,-58,-57,
-57,-56,-56,-56,-56,-57,-58,-58,
-59,-60,-60,-60,-60,-59,-59,-59,
-58,-58,-58,-58,-58,-58,-58,-58,
-58,-58,-57,-57,-56,-56,-57,-57,
-57,-56,-55,-54,-52,-50,-48,-47,
-46,-46,-45,-44,-42,-40,-38,-36,
-35,-35,-35,-36,-37,-38,-38,-39,
-38,-38,-39,-39,-40,-40,-39,-38,
-38,-38,-39,-42,-46,-50,-54,-57,
-59,-61,-61,-62,-62,-61,-61,-62,
-62,-62,-62,-63,-63,-64,-65,-65,
-66,-66,-65,-65,-65,-65,-66,-68,
-72,-76,-80,-83,-87,-91,-96,-102,
-107,-111,-111,-105,-90,-64,-25,22,
73,120,151,159,140,99,43,-12,
-59,-88,-100,-98,-88,-78,-71,-68,
-68,-70,-73,-74,-75,-74,-74,-73,
-72,-72,-73,-74,-74,-75,-76,-76,
-75,-74,-73,-71,-70,-70,-70,-70,
-71,-72,-73,-74,-74,-74,-74,-74,
-74,-74,-74,-74,-74,-74,-74,-73,
-73,-73,-73,-73,-73,-73,-73,-73,
-73,-72,-72,-72,-72,-72,-72,-73,
-73,-74,-74,-74,-74,-73,-73,-73,
-73,-73,-73,-74,-74,-74,-75,-75,
-76,-76,-77,-78,-78,-78,-78,-77,
-77,-77,-77,-77,-77,-78,-78,-78,
-77,-76,-74,-72,-69,-66,-64,-63,
-62,-61,-61,-60,-60,-59,-59,-59,
-60,-60,-61,-62,-62,-61,-60,-58,
-57,-55,-54,-54,-54,-54,-55,-56,
-57,-58,-58,-59,-58,-58,-57,-57,
-57,-58,-59,-60,-61,-63,-63,-64,
-64,-64,-65,-65,-65,-65,-66,-66,
-66,-66,-66,-66,-66,-67,-67,-68,
-68,-68,-68,-68,-68,-69,-69,-70,
-70,-71,-71,-71,-71,-70,-70,-70,
-70,-70,-70,-70,-70,-70,-70,-69,
-69,-69,-69,-69,-69,-69,-68,-68,
-68,-67,-67,-67,-68,-68,-68,-67,
-66,-64,-62,-60,-58,-57,-56,-55,
-54,-53,-51,-50,-48,-47,-46,-45,
-46,-46,-47,-48,-50,-51,-53,-53,
-53,-52,-49,-46,-43,-41,-41,-43,
-46,-51,-56,-60,-64,-67,-70,-72,
-73,-75,-75,-75,-75,-74,-74,-73,
-73,-73,-73,-73,-74,-74,-74,-74,
-74,-75,-76,-77,-79,-82,-87,-93,
-101,-109,-115,-118,-112,-94,-63,-20,
32,84,127,150,148,119,72,15,
-37,-77,-101,-108,-104,-95,-87,-81,
-78,-79,-81,-83,-84,-84,-84,-84,
-83,-83,-82,-82,-83,-83,-84,-85,
-85,-86,-86,-86,-85,-84,-83,-82,
-81,-81,-81,-82,-83,-83,-84,-84,
-85,-85,-86,-86,-87,-87,-87,-87,
-87,-87,-87,-86,-85,-84,-83,-82,
-81,-81,-81,-81,-81,-82,-82,-83,
-84,-84,-85,-85,-86,-86,-87,-87,
-87,-87,-87,-87,-88,-88,-89,-90,
-91,-92,-93,-93,-94,-94,-94,-95,
-95,-95,-95,-95,-95,-94,-93,-92,
-90,-87,-85,-82,-79,-77,-74,-72,
-71,-69,-68,-68,-67,-66,-66,-66,
-66,-65,-65,-65,-65,-65,-65,-65,
-64,-64,-64,-64,-64,-64,-64,-65,
-65,-65,-65,-65,-65,-65,-65,-65,
-65,-65,-65,-65,-66,-66,-67,-68,
-68,-69,-69,-69,-69,-69,-70,-71,
-71,-72,-72,-72,-72,-72,-72,-71,
-71,-71,-71,-71,-71,-71,-71,-71,
-70,-70,-71,-71,-71,-71,-71,-71,
-70,-70,-69,-69,-69,-69,-69,-69,
-68,-68,-67,-66,-66,-66,-65,-66,
-66,-67,-68,-68,-68,-68,-66,-65,
-62,-60,-58,-56,-54,-53,-52,-51,
-50,-49,-47,-46,-44,-43,-43,-43,
-43,-45,-46,-47,-48,-49,-48,-47,
-46,-44,-42,-41,-41,-43,-46,-49,
-53,-56,-59,-61,-63,-64,-65,-65,
-66,-66,-67,-67,-68,-68,-68,-69,
-70,-70,-71,-71,-71,-71,-70,-70,
-70,-70,-70,-71,-72,-75,-79,-85,
-92,-100,-106,-108,-103,-87,-59,-18,
32,86,136,170,181,165,125,68,
8,-44,-80,-98,-100,-93,-83,-74,
-70,-69,-71,-74,-76,-76,-76,-75,
-74,-73,-73,-73,-74,-74,-75,-76,
-76,-76,-75,-75,-74,-73,-73,-72,
-72,-72,-72,-73,-73,-74,-74,-74,
-74,-74,-74,-73,-73,-73,-73,-73,
-73,-73,-73,-73,-73,-73,-72,-72,
-72,-72,-72,-72,-73,-73,-74,-74,
-73,-73,-72,-71,-71,-70,-70,-70,
-70,-70,-70,-71,-71,-71,-72,-72,
-73,-74,-74,-75,-75,-76,-76,-77,
-77,-77,-77,-76,-76,-75,-75,-74,
-72,-71,-69,-66,-64,-62,-60,-59,
-57,-56,-55,-54,-53,-52,-52,-51,
-50,-50,-49,-49,-49,-48,-48,-47,
-47,-47,-47,-47,-47,-47,-47,-47,
-46,-46,-47,-47,-47,-48,-48,-48,
-48,-48,-48,-49,-49,-49,-50,-50,
-49,-49,-49,-48,-48,-49,-49,-50,
-50,-51,-51,-52,-52,-51,-51,-51,
-52,-52,-53,-53,-54,-54,-53,-53,
-53,-52,-52,-52,-52,-52,-52,-52,
-52,-53,-53,-53,-53,-53,-53,-52,
-52,-53,-53,-53,-53,-52,-52,-51,
-50,-49,-49,-49,-49,-49,-50,-49,
-49,-48,-47,-45,-43,-41,-39,-37,
-36,-35,-35,-34,-33,-31,-29,-27,
-26,-25,-25,-25,-26,-26,-27,-28,
-29,-30,-31,-32,-32,-32,-31,-30,
-28,-28,-28,-29,-32,-36,-40,-44,
-47,-49,-51,-52,-53,-53,-53,-53,
-53,-52,-52,-52,-53,-53,-54,-55,
-55,-56,-56,-56,-56,-55,-55,-55,
-55,-57,-59,-63,-69,-75,-82,-89,
-94,-96,-92,-79,-56,-20,26,80,
132,174,197,194,164,114,53,-4,
-50,-77,-87,-84,-74,-64,-57,-54,
-55,-58,-61,-62,-63,-63,-62,-61,
-61,-61,-61,-61,-62,-62,-63,-63,
-63,-63,-63,-64,-64,-64,-65,-65,
-65,-64,-63,-63,-62,-62,-61,-61,
-62,-62,-63,-63,-63,-62,-62,-61,
-61,-61,-61,-62,-63,-63,-63,-63,
-63,-63,-63,-62,-62,-62,-62,-62,
-62,-62,-62,-61,-60,-59,-59,-58,
-58,-58,-58,-58,-58,-59,-59,-60,
-60,-61,-61,-61,-60,-60,-60,-61,
-61,-61,-62,-62,-63,-63,-63,-63,
-63,-62,-62,-61,-59,-58,-56,-55,
-53,-51,-50,-48,-47,-46,-45,-44,
-43,-42,-42,-41,-41,-41,-41,-40,
-39,-39,-38,-37,-37,-37,-38,-39,
-39,-40,-41,-41,-41,-41,-41,-41,
-40,-40,-40,-40,-40,-41,-41,-41,
-42,-43,-43,-44,-44,-45,-45,-45,
-45,-46,-46,-46,-47,-47,-47,-47,
-47,-47,-47,-48,-48,-48,-48,-48,
-48,-47,-47,-46,-46,-45,-45,-45,
-46,-46,-47,-48,-48,-48,-48,-48,
-48,-47,-47,-47,-47,-48,-48,-49,
-49,-49,-49,-49,-48,-47,-47,-46,
-46,-46,-45,-45,-45,-45,-44,-44,
-43,-41,-40,-38,-36,-34,-33,-32,
-32,-31,-31,-30,-29,-28,-27,-26,
-25,-25,-25,-26,-27,-27,-28,-28,
-29,-28,-27,-27,-26,-27,-28,-31,
-35,-39,-42,-44,-46,-48,-49,-50,
-52,-53,-53,-53,-53,-52,-52,-51,
-51,-51,-52,-52,-53,-53,-53,-53,
-54,-54,-55,-56,-57,-57,-57,-57,
-56,-56,-56,-58,-62,-67,-73,-81,
-88,-94,-97,-94,-84,-63,-32,8,
56,104,146,171,174,154,113,60,
5,-40,-71,-86,-88,-81,-72,-64,
-60,-60,-61,-63,-65,-65,-64,-63,
-62,-61,-61,-62,-63,-64,-66,-67,
-67,-67,-67,-66,-66,-65,-65,-65,
-65,-66,-66,-67,-67,-67,-67,-66,
-65,-64,-63,-62,-61,-60,-60,-60,
-62,-63,-65,-66,-67,-68,-68,-67,
-66,-66,-65,-64,-64,-64,-64,-64,
-65,-65,-65,-65,-65,-64,-64,-63,
-63,-62,-62,-62,-63,-63,-64,-64,
-65,-66,-67,-68,-68,-69,-70,-70,
-71,-71,-70,-70,-70,-70,-69,-69,
-69,-69,-68,-68,-67,-66,-65,-63,
-62,-60,-59,-57,-56,-54,-53,-52,
-51,-51,-50,-50,-50,-50,-49,-48,
-48,-47,-47,-46,-46,-45,-45,-45,
-46,-46,-47,-47,-47,-47,-47,-47,
-47,-48,-48,-49,-49,-49,-49,-49,
-49,-49,-49,-50,-50,-50,-50,-51,
-51,-51,-51,-51,-51,-51,-51,-52,
-52,-53,-53,-54,-55,-55,-56,-56,
-56,-57,-57,-57,-57,-57,-56,-56,
-55,-55,-55,-55,-56,-56,-56,-57,
-57,-56,-56,-56,-56,-56,-57,-58,
-59,-59,-60,-60,-60,-59,-59,-59,
-59,-59,-59,-58,-57,-56,-54,-52,
-50,-48,-47,-46,-46,-45,-45,-44,
-43,-42,-41,-39,-39,-38,-38,-37,
-37,-37,-37,-37,-37,-38,-38,-39,
-39,-40,-41,-41,-40,-39,-37,-36,
-37,-39,-43,-49,-54,-58,-62,-63,
-64,-64,-63,-63,-62,-62,-63,-64,
-64,-65,-65,-66,-66,-66,-66,-65,
-64,-64,-63,-63,-63,-62,-62,-62,
-62,-62,-64,-66,-69,-73,-78,-83,
-88,-94,-99,-102,-100,-92,-75,-47,
-8,39,89,133,162,170,152,113,
60,4,-43,-77,-93,-95,-89,-80,
-72,-67,-66,-68,-70,-72,-74,-74,
-74,-73,-73,-73,-73,-73,-73,-74,
-74,-74,-74,-74,-74,-73,-73,-72,
-72,-72,-73,-73,-74,-74,-74,-73,
-73,-72,-72,-72,-73,-73,-74,-74,
-75,-75,-75,-75,-75,-75,-75,-75,
-74,-73,-73,-72,-72,-72,-73,-73,
-73,-73,-73,-73,-73,-72,-72,-72,
-72,-72,-72,-72,-73,-73,-74,-74,
-75,-75,-75,-76,-76,-77,-77,-77,
-78,-78,-78,-79,-79,-80,-80,-80,
-80,-80,-80,-80,-80,-80,-80,-79,
-79,-79,-78,-76,-75,-73,-70,-68,
-65,-62,-60,-57,-55,-54,-52,-51,
-50,-50,-50,-50,-49,-49,-49,-49,
-49,-49,-49,-49,-49,-49,-49,-49,
-49,-48,-48,-48,-48,-48,-47,-47,
-47,-47,-47,-48,-48,-48,-49,-49,
-50,-50,-50,-50,-50,-50,-51,-51,
-51,-51,-51,-51,-52,-52,-52,-53,
-53,-53,-53,-53,-52,-52,-52,-52,
-52,-52,-52,-52,-52,-52,-53,-54,
-54,-55,-55,-55,-55,-55,-54,-54,
-54,-53,-53,-52,-52,-52,-52,-52,
-52,-52,-52,-52,-52,-52,-52,-52,
-52,-52,-53,-53,-53,-53,-53,-53,
-53,-53,-53,-52,-52,-50,-49,-47,
-45,-43,-42,-40,-39,-37,-36,-34,
-32,-31,-29,-29,-29,-29,-30,-32,
-33,-35,-36,-36,-36,-36,-35,-34,
-33,-32,-32,-34,-36,-39,-43,-47,
-49,-52,-53,-54,-54,-55,-55,-55,
-55,-55,-55,-56,-56,-57,-58,-59,
-59,-59,-58,-58,-57,-57,-56,-56,
-56,-57,-57,-57,-58,-60,-62,-66,
-71,-77,-84,-92,-98,-100,-97,-84,
-61,-25,21,75,127,169,191,187,
157,106,46,-11,-55,-82,-91,-87,
-77,-68,-61,-59,-60,-63,-65,-66,
-67,-66,-66,-65,-65,-66,-67,-68,
-69,-69,-69,-69,-69,-68,-68,-68,
-68,-68,-68,-68,-68,-68,-68,-67,
-67,-67,-67,-67,-67,-66,-66,-65,
-64,-64,-64,-64,-65,-65,-65,-65,
-65,-65,-65,-65,-65,-65,-65,-65,
-65,-65,-64,-64,-63,-63,-62,-62,
-62,-62,-61,-62,-62,-62,-62,-62,
-62,-62,-62,-63,-64,-64,-65,-65,
-66,-66,-66,-67,-67,-68,-68,-69,
-69,-69,-68,-68,-68,-67,-67,-66,
-65,-64,-63,-61,-59,-57,-55,-54,
-52,-51,-49,-48,-46,-45,-44,-44,
-43,-43,-42,-42,-42,-42,-41,-41,
-41,-41,-41,-41,-41,-41,-42,-42,
-42,-42,-42,-43,-43,-43,-43,-43,
-43,-43,-43,-43,-43,-44,-44,-45,
-46,-47,-48,-48,-49,-49,-49,-49,
-49,-49,-50,-50,-50,-51,-51,-52,
-52,-52,-52,-51,-51,-51,-50,-50,
-51,-51,-52,-52,-53,-53,-53,-53,
-53,-53,-53,-53,-54,-54,-54,-54,
-54,-54,-54,-54,-54,-54,-54,-53,
-53,-52,-51,-50,-50,-50,-51,-52,
-52,-52,-51,-49,-47,-44,-42,-39,
-38,-37,-36,-36,-35,-34,-32,-31,
-29,-27,-26,-25,-25,-25,-27,-28,
-30,-31,-33,-34,-34,-34,-33,-32,
-31,-30,-31,-34,-37,-41,-44,-47,
-50,-51,-52,-53,-53,-54,-54,-55,
-56,-56,-56,-57,-57,-57,-57,-57,
-57,-57,-58,-58,-58,-58,-60,-63,
-67,-73,-80,-87,-93,-96,-96,-93,
-85,-71,-51,-22,15,60,107,148,
172,172,147,101,44,-11,-56,-82,
-91,-87,-77,-66,-59,-56,-58,-61,
-64,-66,-67,-67,-67,-66,-65,-65,
-65,-65,-65,-66,-66,-67,-66,-66,
-65,-65,-65,-64,-64,-64,-64,-64,
-65,-65,-65,-65,-65,-65,-66,-66,
-66,-66,-66,-66,-67,-67,-66,-66,
-66,-65,-65,-64,-64,-64,-63,-63,
-63,-63,-63,-63,-63,-63,-63,-64,
-64,-65,-65,-65,-65,-65,-65,-64,
-65,-65,-65,-66,-66,-66,-66,-65,
-65,-64,-64,-63,-63,-63,-63,-63,
-63,-64,-64,-65,-65,-65,-65,-64,
-63,-62,-61,-59,-57,-55,-54,-52,
-50,-49,-48,-47,-46,-46,-45,-45,
-44,-44,-44,-44,-43,-43,-43,-43,
-43,-43,-43,-44,-44,-45,-46,-47,
-48,-48,-48,-47,-47,-46,-46,-46,
-45,-45,-46,-46,-47,-47,-48,-48,
-49,-49,-50,-51,-51,-52,-53,-54,
-54,-54,-55,-55,-55,-55,-55,-55,
-55,-55,-55,-55,-55,-55,-55,-55,
-55,-56,-56,-57,-57,-57,-57,-57,
-57,-57,-57,-57,-57,-57,-57,-58,
-58,-58,-58,-58,-58,-58,-57,-56,
-55,-55,-55,-55,-55,-54,-53,-52,
-50,-49,-48,-47,-45,-43,-41,-39,
-37,-36,-35,-36,-37,-38,-38,-38,
-38,-39,-39,-39,-40,-39,-38,-37,
-35,-35,-35,-37,-40,-44,-48,-51,
-55,-57,-59,-60,-61,-61,-61,-61,
-60,-60,-61,-62,-63,-64,-65,-66,
-66,-66,-66,-66,-66,-66,-66,-66,
-67,-69,-72,-77,-83,-90,-98,-104,
-107,-103,-89,-62,-22,26,78,123,
153,158,137,94,38,-17,-62,-90,
-101,-98,-89,-78,-71,-67,-67,-69,
-71,-73,-73,-74,-74,-74,-74,-74,
-74,-74,-74,-74,-74,-75,-75,-76,
-76,-76,-76,-76,-75,-75,-75,-75,
-75,-75,-75,-75,-76,-77,-77,-77,
-77,-77,-76,-75,-74,-74,-74,-74,
-74,-74,-75,-76,-78,-79,-79,-80,
-79,-79,-78,-76,-75,-75,-74,-74,
-74,-74,-74,-74,-75,-75,-76,-77,
-77,-77,-78,-78,-78,-78,-78,-78,
-78,-79,-80,-80,-81,-81,-82,-82,
-82,-81,-80,-79,-78,-76,-75,-74,
-73,-71,-69,-68,-66,-64,-63,-61,
-60,-59,-58,-57,-56,-54,-53,-52,
-52,-52,-52,-52,-52,-53,-53,-54,
-54,-54,-55,-55,-56,-56,-56,-56,
-56,-56,-56,-56,-56,-56,-56,-56,
-57,-57,-58,-59,-59,-60,-60,-60,
-60,-60,-61,-61,-62,-63,-63,-62,
-62,-61,-61,-61,-61,-62,-62,-63,
-63,-63,-62,-62,-61,-61,-62,-62,
-63,-64,-65,-66,-66,-66,-66,-66,
-65,-65,-64,-63,-63,-62,-62,-62,
-61,-60,-59,-58,-58,-58,-59,-60,
-61,-61,-61,-60,-58,-57,-55,-53,
-52,-50,-49,-47,-45,-44,-43,-42,
-41,-41,-41,-41,-42,-42,-42,-42,
-42,-42,-43,-43,-44,-45,-46,-48,
-51,-54,-57,-59,-62,-63,-64,-64,
-64,-64,-63,-63,-63,-64,-65,-66,
-66,-66,-65,-64,-64,-64,-64,-64,
-65,-66,-68,-69,-70,-70,-70,-71,
-73,-77,-82,-89,-95,-101,-103,-102,
-97,-88,-75,-58,-35,-4,34,78,
122,156,171,164,132,82,24,-29,
-70,-94,-102,-98,-89,-80,-74,-72,
-73,-75,-77,-78,-78,-76,-75,-74,
-74,-75,-77,-78,-79,-79,-79,-79,
-78,-78,-78,-77,-77,-77,-78,-79,
-80,-81,-82,-83,-83,-83,-82,-81,
-79,-78,-78,-78,-79,-79,-79,-79,
-78,-78,-78,-80,-82,-85,-86,-86,
-85,-83,-80,-77,-75,-74,-73,-73,
-73,-74,-75,-76,-77,-78,-79,-80,
-80,-81,-80,-79,-78,-77,-77,-77,
-79,-82,-84,-87,-90,-92,-93,-93,
-93,-92,-91,-90,-89,-88,-87,-85,
-83,-81,-78,-76,-75,-72,-70,-67,
-64,-61,-59,-57,-56,-55,-54,-54,
-53,-53,-52,-52,-51,-49,-46,-44,
-42,-41,-41,-43,-46,-49,-52,-55,
-56,-56,-55,-53,-51,-48,-46,-44,
-42,-40,-39,-40,-42,-45,-49,-53,
-56,-58,-59,-59,-58,-57,-57,-56,
-54,-52,-50,-48,-46,-46,-47,-49,
-52,-55,-57,-58,-58,-58,-57,-57,
-56,-56,-55,-54,-53,-52,-52,-52,
-53,-53,-55,-56,-58,-59,-59,-59,
-57,-55,-53,-51,-50,-50,-50,-52,
-54,-56,-59,-60,-59,-57,-54,-50,
-47,-46,-46,-46,-46,-45,-43,-40,
-37,-35,-33,-31,-30,-29,-28,-28,
-28,-29,-30,-32,-33,-33,-34,-34,
-35,-35,-35,-35,-34,-33,-31,-30,
-31,-34,-38,-42,-47,-50,-52,-53,
-54,-53,-53,-53,-53,-54,-54,-54,
-54,-55,-55,-55,-56,-56,-57,-57,
-57,-57,-56,-56,-55,-56,-59,-62,
-66,-69,-71,-72,-74,-76,-80,-85,
-89,-89,-82,-65,-35,7,58,113,
160,191,197,176,130,69,7,-43,
-76,-90,-89,-79,-68,-60,-57,-57,
-59,-62,-64,-65,-65,-65,-64,-64,
-64,-64,-64,-63,-63,-63,-63,-64,
-65,-65,-66,-66,-66,-66,-66,-65,
-65,-64,-64,-65,-65,-66,-66,-66,
-66,-65,-65,-64,-64,-64,-64,-65,
-65,-66,-66,-66,-67,-67,-67,-66,
-66,-65,-65,-65,-66,-67,-67,-68,
-68,-68,-68,-68,-68,-68,-68,-70,
-71,-73,-74,-75,-76,-76,-77,-77,
-78,-80,-81,-83,-83,-84,-83,-82,
-81,-80,-79,-78,-77,-76,-74,-71,
-68,-65,-62,-58,-56,-53,-51,-49,
-47,-44,-42,-40,-38,-36,-36,-36,
-36,-37,-38,-38,-38,-38,-38,-37,
-37,-37,-37,-38,-39,-40,-41,-42,
-42,-42,-41,-40,-39,-37,-36,-35,
-35,-35,-35,-36,-37,-37,-38,-40,
-41,-42,-42,-43,-43,-43,-42,-42,
-42,-43,-43,-44,-45,-46,-46,-46,
-46,-46,-45,-45,-45,-44,-44,-44,
-44,-44,-44,-44,-45,-45,-46,-46,
-46,-45,-45,-45,-44,-44,-44,-44,
-44,-45,-45,-46,-46,-46,-45,-45,
-44,-44,-43,-43,-43,-43,-43,-43,
-43,-43,-43,-43,-43,-42,-41,-40,
-38,-36,-34,-33,-31,-30,-28,-26,
-25,-23,-22,-21,-21,-21,-22,-22,
-23,-23,-24,-25,-26,-26,-27,-27,
-26,-25,-23,-22,-22,-23,-26,-29,
-33,-37,-40,-42,-44,-45,-45,-45,
-45,-45,-45,-45,-46,-47,-48,-49,
-49,-49,-48,-48,-48,-48,-48,-48,
-49,-49,-49,-50,-52,-54,-59,-65,
-71,-78,-84,-86,-84,-75,-57,-28,
9,56,109,163,211,244,257,245,
209,155,90,26,-27,-65,-84,-88,
-82,-71,-61,-54,-51,-52,-54,-56,
-58,-58,-58,-58,-57,-57,-58,-59,
-59,-60,-61,-61,-61,-61,-60,-59,
-59,-58,-58,-58,-57,-57,-57,-56,
-56,-56,-56,-56,-57,-57,-58,-58,
-58,-58,-58,-58,-57,-57,-57,-57,
-57,-57,-57,-56,-56,-56,-55,-54,
-54,-53,-53,-53,-54,-54,-54,-54,
-54,-54,-54,-55,-55,-55,-55,-55,
-55,-55,-55,-56,-56,-57,-57,-57,
-57,-57,-57,-57,-57,-57,-57,-58,
-58,-59,-59,-59,-59,-58,-58,-57,
-55,-54,-52,-50,-48,-45,-43,-41,
-39,-37,-35,-34,-33,-33,-32,-32,
-32,-32,-32,-32,-33,-33,-33,-33,
-33,-33,-33,-33,-33,-33,-33,-33,
-33,-33,-32,-32,-33,-33,-34,-34,
-35,-36,-37,-37,-37,-38,-39,-39,
-39,-39,-39,-39,-39,-39,-39,-40,
-40,-40,-40,-41,-41,-41,-41,-41,
-41,-41,-42,-42,-42,-43,-43,-44,
-44,-45,-45,-46,-46,-46,-46,-46,
-45,-45,-44,-44,-44,-44,-44,-44,
-44,-45,-45,-45,-45,-45,-46,-46,
-46,-46,-45,-45,-44,-42,-39,-37,
-35,-33,-32,-31,-31,-30,-29,-27,
-25,-23,-22,-21,-20,-21,-22,-24,
-26,-27,-28,-29,-29,-28,-27,-26,
-25,-24,-24,-26,-29,-32,-36,-39,
-42,-44,-45,-46,-47,-48,-48,-48,
-48,-49,-49,-50,-51,-51,-52,-52,
-52,-52,-52,-52,-52,-53,-53,-53,
-53,-53,-53,-54,-57,-60,-65,-71,
-78,-84,-89,-90,-84,-70,-44,-6,
40,91,138,172,185,173,136,82,
23,-28,-65,-84,-87,-80,-69,-59,
-53,-52,-54,-57,-59,-60,-60,-59,
-58,-57,-57,-57,-57,-58,-59,-60,
-61,-61,-61,-60,-60,-59,-58,-58,
-58,-58,-58,-58,-58,-58,-58,-58,
-59,-59,-59,-60,-60,-59,-59,-59,
-59,-59,-59,-59,-59,-59,-59,-58,
-58,-57,-57,-57,-57,-57,-57,-57,
-57,-57,-57,-57,-57,-57,-57,-57,
-58,-58,-58,-58,-58,-58,-59,-59,
-59,-59,-59,-60,-60,-60,-60,-60,
-60,-59,-59,-59,-58,-59,-59,-60,
-60,-61,-62,-62,-62,-62,-61,-59,
-58,-56,-54,-53,-52,-50,-49,-48,
-47,-46,-45,-44,-43,-42,-42,-42,
-42,-41,-41,-41,-41,-41,-41,-41,
-41,-41,-41,-41,-42,-42,-43,-43,
-44,-44,-45,-45,-46,-46,-46,-47,
-47,-47,-46,-46,-46,-46,-46,-46,
-46,-47,-47,-48,-48,-49,-49,-50,
-50,-50,-51,-51,-51,-52,-53,-53,
-54,-55,-55,-54,-54,-53,-52,-52,
-51,-52,-52,-53,-54,-54,-55,-55,
-56,-56,-56,-57,-57,-57,-57,-58,
-58,-57,-57,-56,-55,-54,-54,-54,
-54,-53,-52,-51,-49,-47,-46,-44,
-43,-42,-41,-39,-37,-35,-34,-34,
-34,-34,-35,-35,-36,-36,-36,-36,
-37,-38,-40,-41,-41,-39,-37,-34,
-31,-29,-30,-32,-35,-40,-44,-48,
-52,-54,-56,-58,-59,-60,-60,-60,
-60,-60,-61,-61,-62,-62,-63,-63,
-63,-63,-63,-63,-62,-62,-62,-63,
-63,-64,-66,-68,-72,-77,-82,-89,
-95,-100,-103,-100,-91,-72,-43,-4,
41,89,131,159,165,149,111,59,
4,-44,-79,-98,-103,-97,-88,-78,
-71,-68,-68,-70,-71,-72,-72,-72,
-71,-70,-69,-69,-68,-68,-69,-70,
-71,-71,-72,-72,-72,-72,-71,-71,
-70,-69,-69,-69,-69,-70,-70,-71,
-72,-73,-73,-73,-72,-71,-70,-69,
-68,-67,-67,-67,-68,-68,-69,-70,
-71,-71,-72,-72,-73,-72,-72,-72,
-73,-73,-73,-73,-72,-71,-70,-69,
-69,-69,-70,-71,-72,-72,-72,-72,
-72,-72,-72,-72,-72,-72,-71,-71,
-71,-71,-71,-71,-71,-72,-72,-73,
-74,-75,-75,-75,-74,-73,-72,-71,
-70,-69,-68,-67,-66,-65,-64,-63,
-62,-61,-60,-59,-58,-57,-56,-55,
-54,-54,-53,-53,-53,-53,-53,-54,
-54,-55,-55,-55,-56,-56,-56,-56,
-57,-57,-57,-58,-57,-57,-56,-56,
-55,-55,-55,-56,-57,-58,-58,-59,
-59,-59,-59,-59,-59,-60,-60,-61,
-61,-62,-62,-62,-62,-62,-62,-63,
-63,-64,-64,-64,-64,-63,-63,-63,
-63,-63,-64,-64,-64,-64,-64,-64,
-63,-63,-64,-64,-65,-65,-66,-66,
-66,-65,-65,-64,-63,-61,-59,-57,
-54,-52,-51,-50,-49,-48,-46,-45,
-43,-41,-39,-39,-39,-39,-41,-42,
-43,-44,-44,-44,-44,-44,-45,-45,
-45,-44,-43,-41,-39,-38,-39,-42,
-47,-51,-56,-59,-62,-63,-64,-65,
-65,-65,-65,-65,-66,-66,-67,-68,
-69,-69,-69,-69,-68,-68,-67,-67,
-67,-67,-68,-69,-71,-74,-79,-85,
-92,-99,-104,-107,-106,-101,-92,-79,
-62,-42,-17,12,48,86,122,152,
167,163,139,97,44,-8,-52,-83,
-97,-99,-92,-83,-76,-71,-70,-71,
-73,-74,-75,-75,-74,-73,-73,-73,
-73,-73,-74,-75,-75,-76,-76,-77,
-77,-77,-77,-76,-76,-76,-76,-76,
-76,-76,-77,-77,-77,-77,-76,-75,
-74,-73,-73,-72,-72,-72,-72,-73,
-73,-73,-73,-73,-73,-73,-74,-74,
-74,-74,-74,-74,-74,-73,-73,-73,
-74,-74,-74,-74,-74,-74,-74,-74,
-73,-73,-72,-72,-72,-72,-72,-73,
-73,-74,-74,-75,-75,-75,-75,-75,
-75,-74,-74,-74,-73,-73,-73,-72,
-72,-72,-71,-71,-69,-68,-67,-65,
-64,-62,-61,-60,-59,-58,-57,-56,
-55,-55,-55,-55,-55,-54,-54,-54,
-54,-54,-55,-55,-55,-55,-55,-55,
-54,-54,-54,-54,-54,-54,-55,-55,
-55,-56,-57,-58,-58,-59,-59,-59,
-59,-59,-59,-59,-59,-60,-60,-60,
-60,-60,-60,-60,-60,-60,-61,-61,
-61,-61,-61,-61,-61,-62,-63,-63,
-64,-65,-65,-65,-65,-65,-64,-64,
-64,-64,-65,-65,-66,-66,-65,-65,
-64,-63,-63,-62,-62,-61,-61,-61,
-60,-59,-57,-56,-54,-52,-51,-49,
-48,-47,-46,-45,-44,-42,-41,-40,
-39,-40,-40,-41,-42,-43,-44,-44,
-44,-44,-43,-41,-40,-40,-41,-43,
-47,-51,-55,-58,-61,-63,-64,-64,
-65,-65,-65,-65,-65,-65,-65,-65,
-65,-65,-66,-66,-66,-66,-66,-66,
-67,-67,-67,-67,-67,-68,-70,-72,
-75,-79,-84,-89,-95,-101,-106,-107,
-103,-90,-66,-30,14,64,109,142,
154,141,106,55,0,-47,-80,-96,
-97,-90,-80,-71,-67,-66,-68,-71,
-73,-74,-74,-73,-72,-71,-70,-69,
-69,-69,-68,-68,-68,-67,-67,-67,
-68,-68,-68,-69,-69,-69,-69,-69,
-69,-69,-69,-68,-68,-68,-68,-68,
-68,-68,-68,-68,-67,-67,-66,-65,
-65,-64,-64,-64,-64,-65,-65,-66,
-67,-67,-67,-67,-66,-66,-66,-66,
-67,-67,-67,-67,-67,-66,-66,-65,
-65,-65,-65,-65,-65,-65,-65,-65,
-65,-65,-66,-66,-67,-67,-68,-68,
-68,-67,-66,-65,-63,-62,-60,-59,
-57,-56,-55,-54,-52,-51,-49,-48,
-46,-45,-44,-42,-41,-41,-40,-41,
-41,-42,-44,-45,-46,-46,-45,-45,
-44,-43,-43,-44,-45,-46,-47,-48,
-49,-49,-48,-48,-47,-47,-47,-47,
-47,-48,-48,-49,-50,-51,-51,-51,
-51,-51,-52,-53,-54,-55,-56,-56,
-56,-55,-54,-54,-54,-54,-54,-55,
-55,-55,-56,-56,-56,-56,-56,-55,
-55,-55,-56,-56,-56,-56,-56,-56,
-55,-55,-55,-55,-55,-56,-57,-57,
-56,-54,-52,-49,-47,-44,-42,-41,
-40,-39,-38,-37,-35,-34,-33,-33,
-33,-34,-35,-37,-38,-39,-40,-40,
-40,-39,-37,-35,-34,-35,-37,-41,
-45,-50,-54,-57,-58,-59,-60,-60,
-61,-61,-61,-61,-61,-60,-60,-60,
-60,-61,-62,-62,-62,-61,-60,-60,
-60,-60,-62,-65,-68,-71,-76,-82,
-90,-98,-105,-107,-99,-78,-43,4,
59,110,147,160,145,106,52,-4,
-52,-84,-97,-97,-88,-78,-70,-67,
-67,-69,-71,-72,-73,-72,-71,-70,
-69,-69,-69,-70,-71,-71,-71,-71,
-71,-70,-70,-70,-70,-70,-71,-71,
-72,-72,-72,-72,-72,-71,-70,-70,
-70,-71,-72,-73,-74,-74,-74,-73,
-72,-71,-71,-70,-70,-71,-71,-72,
-72,-72,-72,-71,-70,-70,-69,-69,
-70,-71,-71,-72,-72,-72,-71,-70,
-70,-70,-70,-71,-72,-73,-74,-75,
-76,-76,-77,-77,-77,-76,-76,-75,
-75,-75,-76,-76,-77,-76,-76,-74,
-73,-71,-69,-66,-64,-62,-60,-58,
-56,-55,-53,-52,-51,-50,-50,-49,
-49,-48,-48,-47,-47,-46,-46,-47,
-47,-48,-49,-50,-50,-51,-51,-51,
-51,-51,-51,-51,-51,-51,-52,-53,
-53,-54,-54,-53,-53,-52,-52,-51,
-51,-51,-52,-52,-53,-53,-54,-54,
-55,-55,-55,-54,-54,-54,-55,-55,
-56,-56,-56,-57,-57,-56,-56,-56,
-56,-56,-56,-56,-55,-55,-55,-55,
-55,-54,-54,-55,-55,-55,-56,-55,
-55,-54,-53,-52,-51,-49,-47,-46,
-44,-43,-41,-39,-37,-35,-33,-31,
-31,-30,-31,-31,-32,-33,-35,-36,
-37,-37,-37,-36,-35,-33,-32,-33,
-35,-39,-43,-48,-51,-53,-55,-55,
-55,-55,-55,-55,-56,-56,-57,-57,
-57,-57,-57,-58,-58,-58,-58,-58,
-57,-57,-57,-57,-58,-59,-61,-64,
-67,-70,-75,-80,-87,-94,-98,-95,
-81,-54,-13,37,90,136,162,163,
137,89,32,-22,-63,-86,-92,-86,
-76,-66,-60,-59,-61,-63,-66,-67,
-67,-66,-65,-65,-64,-64,-65,-65,
-65,-64,-64,-64,-64,-65,-65,-66,
-66,-66,-66,-65,-64,-63,-63,-63,
-63,-63,-63,-63,-63,-62,-62,-61,
-60,-60,-60,-61,-61,-61,-61,-61,
-61,-61,-60,-60,-60,-60,-60,-60,
-60,-61,-61,-61,-61,-61,-61,-61,
-60,-60,-59,-59,-59,-59,-59,-59,
-59,-60,-60,-61,-61,-62,-63,-64,
-64,-64,-64,-63,-63,-62,-61,-60,
-59,-57,-55,-53,-51,-48,-47,-45,
-44,-43,-42,-42,-41,-41,-41,-40,
-40,-40,-40,-41,-41,-41,-41,-41,
-40,-40,-40,-40,-40,-40,-40,-40,
-40,-40,-40,-40,-41,-41,-42,-42,
-43,-43,-44,-44,-44,-45,-45,-45,
-45,-46,-46,-47,-48,-48,-48,-48,
-48,-47,-47,-47,-47,-47,-48,-48,
-49,-50,-51,-51,-52,-52,-53,-53,
-52,-52,-52,-52,-52,-52,-53,-53,
-53,-53,-52,-52,-51,-50,-50,-49,
-49,-49,-49,-48,-48,-46,-44,-42,
-40,-39,-37,-35,-34,-32,-31,-30,
-29,-28,-28,-28,-29,-29,-30,-31,
-32,-33,-33,-33,-33,-31,-30,-28,
-28,-28,-30,-33,-36,-38,-41,-43,
-45,-46,-47,-47,-48,-49,-50,-52,
-53,-54,-55,-56,-56,-56,-56,-56,
-56,-56,-56,-56,-56,-56,-56,-57,
-57,-58,-58,-59,-62,-65,-70,-77,
-85,-92,-98,-98,-91,-73,-42,0,
50,101,144,169,170,145,99,43,
-12,-55,-82,-91,-88,-78,-67,-60,
-57,-58,-61,-64,-66,-67,-67,-66,
-65,-64,-64,-64,-64,-63,-63,-63,
-62,-62,-62,-61,-61,-61,-61,-62,
-62,-62,-63,-63,-63,-62,-62,-61,
-61,-61,-61,-61,-62,-62,-62,-62,
-62,-62,-62,-61,-61,-60,-60,-60,
-60,-60,-61,-61,-61,-61,-61,-61,
-61,-60,-60,-60,-60,-60,-59,-59,
-59,-59,-59,-59,-59,-59,-60,-60,
-60,-61,-62,-63,-63,-63,-64,-64,
-64,-64,-64,-64,-63,-63,-63,-62,
-62,-61,-60,-59,-57,-55,-54,-52,
-51,-49,-48,-47,-46,-45,-44,-43,
-43,-42,-42,-42,-41,-41,-40,-39,
-39,-39,-39,-40,-40,-41,-41,-41,
-41,-41,-40,-40,-39,-39,-40,-40,
-40,-41,-41,-41,-41,-41,-42,-42,
-43,-44,-44,-45,-45,-45,-46,-46,
-46,-47,-47,-47,-47,-47,-47,-47,
-48,-48,-48,-48,-49,-49,-49,-50,
-50,-51,-51,-52,-52,-52,-53,-53,
-53,-53,-53,-53,-53,-52,-52,-51,
-50,-50,-50,-50,-50,-50,-50,-50,
-50,-50,-50,-50,-50,-49,-48,-46,
-44,-42,-41,-40,-39,-38,-38,-37,
-36,-34,-33,-31,-30,-29,-29,-29,
-29,-30,-31,-32,-33,-33,-34,-34,
-33,-32,-31,-31,-32,-34,-37,-40,
-42,-45,-47,-48,-49,-50,-51,-52,
-53,-54,-55,-55,-56,-56,-57,-57,
-57,-57,-57,-57,-57,-58,-58,-59,
-60,-60,-60,-60,-59,-59,-59,-60,
-62,-65,-69,-74,-80,-86,-92,-96,
-96,-90,-76,-52,-16,28,78,127,
165,184,179,149,99,41,-14,-59,
-85,-95,-91,-81,-70,-63,-59,-60,
-62,-64,-66,-66,-65,-65,-64,-64,
-64,-64,-65,-65,-64,-64,-64,-63,
-64,-64,-64,-64,-63,-63,-62,-62,
-61,-61,-62,-62,-63,-63,-63,-63,
-63,-63,-63,-63,-63,-62,-62,-61,
-61,-61,-61,-61,-61,-62,-62,-63,
-63,-63,-63,-63,-63,-62,-62,-61,
-61,-60,-60,-60,-60,-61,-61,-61,
-61,-61,-61,-60,-60,-60,-60,-60,
-61,-61,-62,-62,-63,-63,-63,-62,
-62,-62,-61,-61,-60,-60,-60,-60,
-60,-60,-60,-60,-59,-59,-58,-57,
-56,-54,-52,-51,-50,-49,-48,-48,
-47,-47,-46,-45,-44,-42,-41,-40,
-40,-40,-40,-40,-40,-40,-40,-40,
-40,-40,-40,-40,-40,-40,-41,-41,
-41,-41,-41,-41,-41,-41,-42,-42,
-43,-43,-43,-43,-43,-43,-43,-43,
-44,-44,-44,-45,-46,-46,-47,-47,
-47,-47,-48,-48,-48,-48,-48,-49,
-49,-50,-50,-50,-51,-51,-51,-51,
-51,-51,-51,-50,-50,-50,-50,-50,
-50,-50,-50,-51,-51,-51,-51,-51,
-51,-51,-51,-51,-50,-49,-47,-45,
-43,-41,-40,-39,-38,-37,-36,-34,
-32,-30,-28,-27,-26,-26,-26,-28,
-29,-31,-32,-34,-34,-35,-34,-33,
-31,-30,-30,-31,-34,-37,-40,-43,
-45,-47,-49,-51,-52,-53,-54,-55,
-55,-55,-55,-55,-55,-56,-56,-57,
-57,-58,-59,-59,-60,-59,-59,-59,
-58,-58,-58,-58,-60,-62,-66,-71,
-77,-84,-90,-97,-101,-100,-94,-77,
-50,-13,33,82,126,156,166,151,
115,63,8,-39,-74,-91,-94,-87,
-77,-68,-62,-60,-61,-63,-66,-67,
-68,-68,-68,-68,-68,-68,-68,-68,
-68,-68,-68,-68,-68,-68,-68,-68,
-68,-68,-67,-67,-67,-67,-67,-67,
-67,-67,-68,-68,-68,-68,-68,-68,
-68,-69,-69,-69,-69,-69,-68,-68,
-68,-67,-67,-67,-66,-66,-66,-66,
-66,-66,-65,-65,-65,-65,-65,-65,
-65,-65,-65,-65,-65,-65,-65,-65,
-65,-66,-66,-67,-67,-67,-68,-68,
-68,-68,-67,-67,-67,-67,-67,-67,
-67,-67,-67,-67,-67,-67,-67,-67,
-66,-66,-65,-64,-63,-62,-60,-59,
-58,-57,-56,-56,-55,-54,-53,-52,
-51,-50,-50,-49,-48,-48,-47,-47,
-46,-46,-45,-45,-45,-46,-46,-47,
-47,-48,-48,-48,-49,-49,-49,-48,
-48,-48,-48,-48,-48,-49,-49,-49,
-49,-49,-49,-50,-50,-51,-52,-52,
-53,-53,-53,-53,-54,-54,-54,-54,
-54,-53,-53,-53,-53,-54,-54,-54,
-55,-55,-55,-55,-55,-55,-55,-56,
-56,-57,-58,-58,-58,-58,-58,-57,
-57,-56,-55,-55,-54,-54,-55,-55,
-56,-57,-57,-56,-55,-53,-51,-49,
-48,-47,-46,-46,-45,-44,-43,-42,
-40,-38,-37,-36,-36,-37,-37,-38,
-40,-41,-42,-42,-42,-41,-40,-39,
-38,-40,-43,-46,-51,-55,-58,-60,
-61,-62,-62,-62,-62,-62,-62,-63,
-63,-64,-65,-65,-66,-67,-67,-68,
-68,-68,-68,-67,-67,-68,-70,-73,
-77,-84,-91,-99,-105,-110,-110,-107,
-99,-88,-74,-58,-38,-14,16,51,
90,127,156,170,164,138,94,40,
-13,-58,-88,-101,-101,-93,-83,-76,
-72,-71,-72,-74,-76,-76,-76,-75,
-75,-74,-74,-75,-75,-76,-76,-77,
-77,-77,-77,-78,-78,-78,-78,-78,
-77,-77,-76,-75,-75,-75,-75,-75,
-76,-76,-77,-78,-78,-78,-77,-76,
-76,-76,-76,-76,-76,-76,-76,-77,
-77,-77,-77,-77,-77,-77,-77,-76,
-76,-75,-75,-74,-75,-75,-75,-75,
-75,-75,-75,-75,-75,-75,-76,-76,
-77,-78,-78,-79,-79,-79,-80,-80,
-80,-80,-80,-80,-79,-78,-78,-77,
-77,-77,-76,-75,-75,-73,-72,-71,
-69,-68,-67,-65,-64,-64,-63,-63,
-62,-62,-61,-61,-61,-61,-61,-61,
-61,-62,-62,-61,-61,-61,-61,-61,
-61,-61,-62,-62,-63,-63,-64,-64,
-64,-64,-64,-64,-64,-64,-65,-65,
-65,-65,-65,-65,-65,-66,-66,-67,
-67,-68,-68,-68,-68,-67,-67,-67,
-68,-68,-69,-70,-71,-72,-73,-73,
-73,-73,-73,-73,-73,-73,-73,-74,
-74,-75,-75,-74,-74,-73,-72,-71,
-71,-71,-71,-72,-73,-74,-75,-75,
-74,-72,-70,-68,-66,-63,-62,-61,
-60,-59,-59,-58,-56,-55,-54,-52,
-51,-51,-50,-50,-51,-51,-52,-52,
-53,-53,-54,-55,-55,-56,-55,-55,
-54,-55,-56,-59,-63,-67,-71,-74,
-77,-78,-79,-79,-79,-78,-78,-78,
-78,-78,-78,-78,-78,-78,-78,-78,
-79,-80,-81,-81,-82,-84,-86,-89,
-94,-100,-108,-115,-120,-120,-111,-90,
-56,-11,40,91,131,150,142,109,
58,0,-54,-93,-115,-120,-113,-102,
-91,-83,-80,-80,-82,-84,-85,-85,
-85,-85,-85,-86,-87,-87,-88,-88,
-88,-88,-89,-89,-89,-89,-90,-91,
-91,-91,-92,-92,-92,-92,-92,-91,
-90,-90,-89,-88,-88,-87,-87,-88,
-88,-88,-89,-89,-89,-90,-90,-90,
-90,-90,-90,-90,-90,-90,-89,-89,
-88,-88,-87,-87,-87,-87,-87,-88,
-89,-90,-90,-91,-91,-91,-91,-91,
-91,-90,-90,-90,-91,-92,-92,-93,
-94,-95,-95,-96,-97,-98,-99,-100,
-100,-100,-100,-99,-98,-96,-94,-92,
-90,-88,-86,-84,-82,-81,-79,-78,
-77,-75,-74,-72,-71,-69,-68,-67,
-67,-67,-67,-67,-67,-66,-66,-66,
-66,-66,-66,-66,-66,-67,-67,-67,
-67,-67,-67,-67,-67,-66,-66,-65,
-65,-64,-64,-65,-65,-66,-67,-67,
-68,-68,-68,-68,-67,-67,-67,-68,
-68,-68,-69,-69,-69,-69,-68,-68,
-68,-68,-68,-69,-69,-69,-69,-69,
-69,-69,-69,-69,-70,-70,-70,-69,
-69,-69,-69,-69,-68,-68,-68,-67,
-67,-66,-65,-65,-64,-64,-64,-65,
-65,-65,-65,-64,-63,-61,-59,-57,
-56,-54,-54,-53,-51,-50,-48,-47,
-45,-44,-43,-43,-43,-43,-44,-45,
-46,-46,-46,-45,-44,-43,-42,-43,
-45,-48,-51,-54,-57,-60,-62,-63,
-65,-66,-67,-67,-67,-66,-66,-66,
-67,-67,-68,-68,-69,-69,-69,-69,
-69,-69,-70,-72,-75,-78,-82,-87,
-91,-96,-102,-108,-113,-114,-110,-97,
-71,-33,14,66,113,145,152,133,
91,36,-19,-65,-93,-103,-99,-89,
-78,-71,-68,-69,-71,-73,-75,-75,
-75,-74,-73,-73,-73,-73,-74,-74,
-74,-74,-74,-74,-74,-74,-73,-73,
-73,-72,-72,-72,-71,-71,-71,-71,
-70,-70,-70,-70,-71,-71,-71,-71,
-72,-72,-72,-73,-73,-73,-72,-72,
-71,-70,-70,-69,-69,-69,-69,-69,
-69,-69,-69,-68,-68,-67,-67,-66,
-66,-67,-67,-68,-69,-69,-70,-70,
-70,-70,-70,-69,-69,-69,-68,-68,
-68,-68,-68,-68,-68,-67,-67,-67,
-66,-66,-65,-64,-63,-61,-60,-58,
-57,-55,-54,-53,-52,-51,-50,-49,
-48,-48,-47,-47,-47,-47,-47,-47,
-47,-47,-47,-47,-47,-47,-47,-47,
-47,-47,-47,-46,-46,-45,-45,-45,
-45,-46,-47,-47,-48,-48,-48,-48,
-48,-49,-49,-49,-50,-50,-51,-51,
-51,-51,-51,-51,-51,-51,-51,-51,
-51,-51,-51,-52,-52,-52,-52,-52,
-52,-52,-52,-52,-52,-53,-53,-54,
-54,-54,-54,-53,-53,-52,-52,-53,
-53,-54,-54,-53,-52,-51,-50,-50,
-49,-48,-47,-46,-45,-43,-42,-40,
-39,-38,-37,-36,-35,-33,-32,-30,
-29,-27,-27,-26,-27,-27,-28,-28,
-28,-28,-28,-28,-27,-26,-25,-25,
-25,-26,-28,-31,-35,-40,-44,-47,
-50,-52,-53,-54,-54,-54,-54,-53,
-53,-53,-53,-54,-54,-54,-54,-55,
-56,-56,-56,-56,-56,-56,-57,-59,
-63,-69,-76,-85,-94,-100,-99,-87,
-63,-25,23,74,120,149,154,133,
90,36,-16,-58,-84,-92,-88,-77,
-67,-60,-57,-57,-59,-61,-62,-61,
-61,-60,-59,-59,-59,-59,-60,-60,
-60,-60,-61,-61,-61,-61,-60,-60,
-60,-60,-60,-61,-61,-62,-62,-61,
-61,-60,-59,-59,-58,-58,-57,-58,
-58,-58,-58,-59,-59,-58,-58,-58,
-58,-59,-59,-59,-60,-60,-60,-60,
-59,-59,-59,-58,-58,-57,-57,-56,
-56,-56,-55,-55,-56,-56,-56,-56,
-57,-57,-58,-59,-59,-60,-60,-60,
-60,-60,-60,-60,-61,-61,-62,-62,
-62,-62,-61,-59,-58,-56,-54,-52,
-50,-48,-47,-46,-45,-44,-43,-42,
-41,-41,-41,-40,-40,-40,-40,-39,
-39,-38,-38,-38,-38,-38,-38,-37,
-37,-37,-37,-37,-37,-37,-37,-38,
-38,-38,-39,-39,-39,-40,-40,-40,
-40,-40,-41,-41,-42,-42,-43,-43,
-43,-44,-44,-44,-43,-43,-43,-43,
-43,-43,-44,-44,-45,-45,-46,-46,
-47,-47,-47,-47,-48,-48,-48,-48,
-47,-47,-47,-46,-46,-47,-47,-47,
-47,-47,-47,-47,-47,-47,-47,-47,
-48,-47,-47,-46,-45,-44,-42,-40,
-38,-36,-34,-33,-32,-31,-30,-29,
-28,-26,-24,-23,-22,-22,-22,-23,
-25,-27,-27,-27,-26,-25,-23,-22,
-22,-23,-26,-30,-35,-39,-43,-46,
-48,-49,-50,-51,-51,-51,-51,-51,
-52,-53,-54,-55,-55,-56,-56,-56,
-56,-57,-57,-57,-58,-58,-58,-58,
-59,-59,-60,-60,-62,-64,-67,-72,
-79,-87,-96,-101,-99,-87,-62,-24,
23,74,118,145,148,126,82,29,
-23,-63,-87,-94,-88,-78,-67,-60,
-57,-58,-60,-62,-64,-65,-64,-64,
-63,-63,-64,-64,-65,-66,-66,-66,
-66,-66,-65,-65,-65,-65,-64,-64,
-64,-64,-64,-64,-64,-65,-65,-66,
-66,-66,-66,-67,-67,-68,-68,-69,
-69,-68,-68,-67,-66,-66,-65,-65,
-65,-65,-66,-66,-66,-66,-67,-67,
-67,-67,-67,-66,-66,-65,-65,-65,
-64,-65,-65,-66,-67,-67,-67,-67,
-67,-67,-67,-67,-67,-68,-68,-69,
-70,-72,-73,-74,-74,-74,-73,-71,
-69,-67,-64,-62,-60,-58,-57,-56,
-55,-54,-53,-52,-51,-51,-50,-50,
-50,-50,-51,-51,-51,-51,-51,-51,
-51,-51,-50,-50,-50,-50,-50,-51,
-51,-51,-51,-51,-51,-51,-51,-52,
-52,-54,-55,-56,-56,-57,-57,-57,
-57,-57,-57,-57,-58,-58,-58,-57,
-57,-58,-58,-58,-59,-59,-60,-60,
-60,-60,-60,-60,-61,-61,-62,-62,
-62,-62,-62,-62,-62,-62,-62,-63,
-63,-63,-63,-63,-63,-63,-62,-62,
-61,-61,-61,-61,-61,-61,-61,-61,
-61,-60,-60,-59,-57,-56,-54,-53,
-52,-51,-50,-49,-48,-46,-45,-43,
-42,-41,-40,-40,-40,-40,-41,-41,
-41,-40,-39,-38,-37,-37,-37,-39,
-43,-46,-50,-54,-57,-60,-63,-65,
-66,-67,-67,-67,-66,-66,-65,-65,
-66,-66,-68,-69,-70,-70,-71,-71,
-72,-72,-73,-73,-74,-74,-74,-74,
-74,-75,-76,-78,-82,-87,-93,-100,
-107,-113,-114,-108,-91,-63,-22,26,
78,123,153,161,143,104,51,-4,
-53,-88,-105,-108,-101,-92,-83,-77,
-76,-77,-78,-80,-80,-80,-80,-79,
-78,-78,-78,-79,-79,-80,-80,-81,
-81,-81,-81,-81,-81,-81,-81,-81,
-80,-79,-78,-78,-77,-76,-76,-77,
-77,-78,-78,-79,-79,-79,-79,-79,
-78,-78,-77,-77,-77,-78,-78,-78,
-77,-77,-76,-76,-75,-75,-75,-76,
-76,-76,-75,-75,-74,-73,-72,-71,
-71,-72,-73,-74,-75,-77,-78,-79,
-79,-80,-80,-80,-81,-82,-83,-83,
-84,-84,-84,-84,-84,-84,-84,-84,
-84,-83,-83,-82,-81,-79,-77,-75,
-73,-71,-69,-68,-66,-64,-62,-61,
-59,-58,-57,-56,-56,-55,-55,-54,
-54,-54,-55,-55,-56,-56,-57,-57,
-57,-57,-57,-57,-57,-57,-57,-58,
-58,-59,-59,-59,-59,-59,-59,-59,
-59,-59,-59,-59,-59,-59,-59,-59,
-59,-59,-60,-61,-62,-62,-63,-63,
-63,-63,-64,-64,-64,-65,-65,-66,
-66,-66,-65,-65,-65,-65,-64,-64,
-64,-65,-65,-65,-65,-65,-64,-64,
-64,-65,-65,-65,-65,-65,-66,-66,
-66,-66,-65,-65,-64,-63,-61,-60,
-58,-56,-55,-53,-52,-51,-50,-49,
-48,-47,-47,-46,-45,-44,-44,-43,
-42,-42,-42,-42,-43,-44,-45,-46,
-46,-46,-44,-42,-40,-39,-38,-40,
-43,-46,-51,-55,-59,-63,-66,-68,
-69,-70,-70,-70,-70,-71,-72,-72,
-73,-74,-74,-75,-75,-75,-75,-75,
-75,-75,-75,-76,-76,-77,-78,-81,
-84,-89,-96,-103,-111,-117,-118,-112,
-96,-69,-30,16,67,112,142,151,
135,97,44,-12,-63,-100,-121,-126,
-120,-109,-98,-89,-84,-82,-83,-84,
-85,-85,-85,-83,-82,-81,-81,-81,
-82,-82,-82,-83,-83,-83,-83,-83,
-83,-83,-83,-82,-82,-82,-81,-81,
-81,-81,-82,-82,-82,-82,-81,-81,
-80,-80,-80,-80,-80,-80,-80,-81,
-81,-82,-82,-82,-81,-81,-81,-81,
-81,-81,-81,-81,-81,-81,-81,-80,
-80,-79,-78,-78,-77,-76,-76,-76,
-76,-77,-77,-78,-79,-79,-79,-80,
-80,-80,-81,-81,-81,-82,-82,-82,
-83,-83,-83,-83,-83,-82,-82,-82,
-81,-81,-80,-79,-78,-77,-75,-74,
-73,-72,-71,-71,-70,-69,-68,-68,
-67,-66,-66,-66,-66,-66,-65,-65,
-64,-64,-64,-63,-63,-64,-63,-63,
-63,-63,-62,-62,-62,-61,-62,-62,
-63,-63,-64,-64,-65,-65,-65,-66,
-66,-67,-67,-68,-68,-69,-69,-69,
-69,-69,-69,-69,-68,-68,-68,-69,
-69,-69,-70,-70,-70,-70,-71,-71,
-72,-72,-73,-73,-74,-74,-74,-73,
-73,-73,-73,-73,-74,-74,-74,-74,
-74,-74,-74,-73,-73,-73,-73,-73,
-73,-73,-73,-72,-72,-72,-72,-72,
-72,-72,-72,-73,-73,-73,-73,-73,
-73,-72,-70,-69,-67,-66,-65,-63,
-62,-61,-59,-57,-56,-54,-52,-50,
-49,-48,-48,-49,-50,-51,-52,-52,
-52,-52,-51,-50,-49,-48,-47,-47,
-49,-52,-55,-58,-61,-63,-64,-65,
-65,-67,-68,-70,-72,-74,-76,-77,
-78,-78,-78,-78,-79,-79,-80,-80,
-81,-81,-82,-82,-82,-83,-84,-84,
-84,-84,-84,-84,-84,-85,-87,-89,
-93,-99,-105,-111,-118,-122,-124,-119,
-107,-84,-51,-9,36,81,116,134,
130,104,60,7,-43,-84,-109,-119,
-118,-109,-100,-93,-89,-88,-89,-90,
-91,-91,-90,-90,-90,-90,-90,-91,
-91,-92,-92,-92,-92,-92,-92,-92,
-92,-92,-92,-91,-91,-91,-91,-91,
-92,-92,-92,-91,-91,-91,-90,-89,
-89,-89,-89,-89,-90,-91,-91,-92,
-92,-91,-90,-89,-89,-88,-88,-87,
-87,-87,-87,-86,-86,-86,-85,-85,
-85,-85,-85,-85,-86,-86,-87,-87,
-88,-88,-88,-88,-88,-88,-88,-89,
-89,-89,-90,-91,-91,-92,-92,-93,
-92,-92,-92,-91,-91,-92,-92,-93,
-93,-94,-94,-94,-93,-93,-92,-90,
-89,-88,-86,-85,-84,-83,-82,-81,
-80,-79,-77,-77,-76,-75,-74,-74,
-73,-73,-72,-71,-71,-71,-71,-71,
-72,-72,-73,-73,-74,-74,-74,-73,
-73,-74,-74,-74,-75,-75,-76,-76,
-77,-77,-76,-76,-76,-75,-75,-75,
-74,-74,-75,-75,-76,-76,-77,-78,
-78,-78,-79,-79,-79,-80,-80,-81,
-81,-81,-81,-81,-81,-80,-80,-79,
-79,-79,-80,-80,-81,-81,-81,-81,
-81,-81,-81,-81,-82,-82,-83,-84,
-84,-85,-85,-85,-84,-84,-83,-83,
-83,-83,-83,-83,-82,-81,-80,-79,
-79,-79,-79,-80,-81,-80,-80,-78,
-77,-75,-73,-72,-71,-71,-70,-70,
-68,-66,-64,-61,-59,-58,-57,-57,
-58,-60,-62,-63,-64,-64,-64,-62,
-61,-60,-59,-60,-62,-65,-68,-73,
-77,-80,-83,-85,-87,-87,-88,-87,
-87,-87,-87,-88,-89,-90,-91,-92,
-93,-94,-94,-94,-94,-93,-93,-92,
-92,-93,-95,-97,-101,-105,-109,-113,
-117,-122,-127,-132,-137,-141,-142,-138,
-128,-108,-79,-39,7,55,95,118,
117,93,50,-3,-54,-95,-120,-129,
-126,-117,-107,-100,-97,-97,-99,-102,
-104,-104,-104,-103,-102,-101,-101,-101,
-101,-101,-101,-102,-102,-102,-103,-103,
-103,-103,-103,-103,-102,-102,-101,-100,
-100,-100,-101,-101,-101,-102,-102,-102,
-102,-102,-102,-102,-102,-102,-102,-101,
-101,-101,-101,-101,-101,-101,-101,-101,
-100,-100,-100,-100,-100,-99,-99,-99,
-99,-99,-99,-99,-100,-100,-100,-101,
-100,-100,-100,-100,-101,-101,-102,-103,
-104,-104,-105,-105,-105,-105,-105,-105,
-105,-105,-105,-105,-105,-106,-106,-106,
-107,-107,-107,-107,-107,-106,-104,-102,
-100,-97,-95,-93,-90,-88,-86,-85,
-84,-83,-82,-82,-81,-81,-81,-81,
-81,-81,-81,-81,-81,-81,-81,-81,
-81,-81,-81,-80,-80,-80,-80,-80,
-80,-80,-80,-81,-81,-81,-81,-81,
-81,-81,-82,-82,-83,-84,-85,-86,
-87,-87,-87,-86,-86,-86,-86,-87,
-87,-87,-87,-87,-86,-86,-85,-85,
-84,-84,-84,-84,-84,-85,-85,-86,
-87,-87,-88,-87,-87,-87,-86,-86,
-86,-87,-87,-88,-88,-88,-88,-87,
-87,-86,-86,-85,-84,-84,-84,-84,
-84,-85,-85,-85,-85,-85,-85,-84,
-82,-81,-79,-77,-75,-73,-72,-70,
-69,-68,-67,-66,-66,-65,-64,-63,
-62,-62,-61,-60,-60,-59,-59,-60,
-60,-61,-61,-61,-60,-59,-58,-57,
-58,-59,-62,-66,-70,-74,-77,-80,
-82,-83,-83,-84,-83,-83,-83,-83,
-83,-83,-84,-84,-86,-87,-87,-88,
-88,-88,-88,-87,-87,-88,-89,-91,
-96,-102,-110,-120,-128,-132,-127,-111,
-80,-36,15,68,110,131,126,95,
46,-10,-61,-98,-117,-120,-113,-102,
-93,-88,-87,-88,-91,-93,-93,-93,
-92,-91,-91,-90,-90,-90,-89,-89,
-89,-88,-88,-88,-87,-87,-88,-88,
-88,-89,-89,-88,-88,-87,-87,-87,
-87,-87,-87,-86,-86,-85,-84,-84,
-85,-85,-85,-86,-86,-85,-85,-84,
-84,-84,-83,-83,-83,-83,-82,-82,
-81,-81,-80,-80,-79,-79,-79,-80,
-80,-80,-81,-81,-81,-81,-81,-80,
-80,-81,-81,-82,-83,-85,-86,-87,
-88,-89,-90,-90,-89,-89,-88,-87,
-87,-86,-86,-85,-83,-82,-80,-78,
-76,-75,-73,-72,-71,-69,-68,-67,
-66,-65,-64,-64,-64,-64,-64,-63,
-63,-62,-61,-60,-59,-59,-58,-59,
-59,-60,-61,-62,-62,-63,-63,-63,
-63,-63,-63,-64,-64,-64,-65,-65,
-65,-65,-65,-66,-66,-65,-65,-65,
-64,-64,-64,-64,-64,-64,-65,-65,
-65,-65,-66,-67,-68,-69,-70,-71,
-71,-70,-70,-69,-68,-67,-67,-67,
-67,-67,-68,-68,-68,-68,-68,-67,
-67,-67,-67,-67,-67,-68,-68,-68,
-68,-68,-68,-68,-68,-68,-68,-68,
-67,-66,-65,-64,-62,-60,-58,-57,
-55,-54,-54,-53,-52,-50,-48,-46,
-45,-43,-43,-43,-44,-45,-46,-47,
-48,-47,-46,-44,-43,-41,-41,-42,
-45,-48,-53,-57,-61,-64,-67,-69,
-69,-70,-70,-70,-71,-71,-72,-73,
-74,-74,-75,-75,-75,-75,-74,-74,
-73,-72,-72,-73,-75,-79,-83,-89,
-95,-102,-108,-114,-117,-119,-118,-113,
-101,-83,-54,-15,30,76,114,135,
132,105,60,6,-43,-81,-101,-105,
-99,-88,-79,-74,-73,-75,-78,-81,
-82,-81,-80,-79,-78,-78,-78,-78,
-79,-79,-79,-79,-79,-78,-78,-77,
-77,-76,-76,-76,-75,-75,-75,-75,
-75,-76,-76,-76,-76,-75,-75,-75,
-75,-75,-75,-75,-75,-75,-75,-74,
-74,-73,-72,-72,-71,-70,-70,-70,
-70,-70,-70,-70,-70,-70,-70,-70,
-70,-70,-71,-71,-71,-71,-71,-71,
-71,-71,-71,-71,-71,-71,-71,-72,
-72,-73,-73,-74,-74,-73,-73,-72,
-72,-70,-69,-68,-67,-65,-64,-62,
-60,-59,-57,-56,-55,-54,-54,-53,
-53,-52,-51,-50,-50,-49,-49,-49,
-50,-50,-51,-51,-51,-51,-51,-51,
-51,-51,-52,-52,-52,-51,-51,-51,
-51,-52,-52,-53,-53,-53,-52,-52,
-52,-52,-52,-52,-53,-54,-55,-55,
-55,-55,-55,-55,-55,-56,-56,-57,
-58,-58,-59,-59,-58,-58,-57,-56,
-56,-56,-56,-57,-57,-57,-57,-57,
-58,-58,-58,-58,-58,-58,-58,-59,
-59,-59,-58,-58,-58,-57,-57,-56,
-56,-56,-57,-57,-58,-58,-59,-59,
-60,-60,-59,-59,-59,-58,-57,-56,
-55,-54,-53,-51,-50,-48,-46,-45,
-43,-42,-41,-40,-40,-39,-37,-36,
-34,-34,-34,-34,-35,-36,-36,-35,
-34,-32,-30,-28,-27,-28,-31,-35,
-39,-43,-46,-49,-51,-53,-55,-56,
-58,-59,-59,-60,-60,-60,-61,-62,
-63,-63,-64,-64,-64,-64,-64,-64,
-64,-64,-64,-64,-65,-66,-69,-73,
-80,-88,-98,-107,-113,-111,-99,-74,
-35,13,65,109,136,139,116,73,
20,-30,-70,-93,-99,-94,-84,-74,
-67,-65,-66,-69,-72,-74,-75,-75,
-74,-74,-74,-74,-74,-74,-74,-73,
-73,-72,-72,-72,-72,-73,-73,-73,
-72,-72,-72,-72,-73,-73,-73,-74,
-74,-74,-74,-74,-73,-73,-73,-73,
-73,-73,-73,-73,-73,-72,-71,-71,
-71,-71,-71,-71,-71,-71,-71,-71,
-70,-70,-70,-70,-70,-70,-71,-71,
-71,-71,-71,-71,-71,-72,-72,-72,
-72,-72,-72,-72,-73,-73,-74,-75,
-75,-75,-75,-75,-75,-76,-77,-78,
-78,-78,-78,-77,-75,-73,-72,-70,
-68,-66,-64,-62,-61,-59,-58,-56,
-55,-55,-55,-55,-55,-56,-57,-57,
-58,-58,-57,-57,-57,-57,-57,-57,
-57,-57,-57,-57,-57,-57,-58,-58,
-59,-59,-60,-60,-59,-59,-59,-59,
-60,-60,-60,-61,-61,-62,-63,-63,
-64,-64,-64,-64,-64,-64,-64,-65,
-65,-65,-65,-65,-64,-64,-64,-64,
-65,-65,-66,-67,-67,-67,-67,-67,
-67,-67,-67,-67,-66,-66,-65,-64,
-64,-64,-64,-65,-66,-67,-68,-68,
-68,-68,-67,-66,-66,-65,-65,-65,
-65,-65,-66,-66,-66,-66,-65,-65,
-65,-65,-65,-65,-64,-64,-64,-64,
-63,-62,-61,-60,-58,-57,-56,-55,
-54,-53,-52,-51,-50,-49,-47,-46,
-45,-45,-45,-46,-46,-47,-48,-47,
-47,-45,-44,-42,-42,-43,-45,-47,
-51,-54,-57,-60,-62,-63,-64,-66,
-67,-68,-69,-70,-71,-71,-71,-71,
-72,-72,-73,-73,-73,-73,-73,-72,
-72,-72,-71,-72,-72,-72,-73,-74,
-77,-80,-85,-92,-100,-108,-115,-116,
-109,-90,-59,-16,34,84,125,149,
148,123,80,26,-26,-69,-97,-109,
-109,-101,-92,-84,-80,-78,-79,-80,
-81,-82,-81,-81,-80,-79,-79,-79,
-79,-80,-80,-81,-82,-82,-82,-82,
-82,-81,-81,-81,-81,-80,-81,-81,
-81,-81,-81,-81,-80,-80,-79,-79,
-79,-79,-79,-78,-78,-78,-78,-78,
-78,-78,-79,-79,-78,-78,-78,-77,
-77,-77,-78,-78,-78,-78,-77,-77,
-77,-77,-77,-77,-77,-76,-75,-74,
-74,-74,-74,-75,-76,-77,-78,-79,
-81,-82,-83,-84,-85,-86,-86,-87,
-87,-87,-87,-87,-87,-86,-86,-86,
-85,-84,-82,-79,-77,-74,-71,-69,
-67,-65,-64,-63,-62,-61,-60,-59,
-58,-58,-57,-57,-56,-56,-55,-55,
-55,-55,-55,-55,-55,-55,-54,-54,
-54,-54,-54,-53,-53,-53,-53,-53,
-54,-54,-55,-55,-56,-56,-56,-56,
-57,-58,-58,-58,-58,-58,-58,-58,
-58,-58,-58,-58,-58,-58,-58,-58,
-58,-58,-59,-60,-60,-61,-62,-63,
-63,-63,-62,-62,-62,-62,-61,-61,
-61,-61,-61,-61,-62,-62,-62,-62,
-62,-62,-62,-62,-62,-62,-63,-63,
-62,-62,-61,-61,-60,-60,-59,-60,
-60,-60,-60,-60,-60,-60,-61,-61,
-61,-61,-61,-60,-59,-58,-56,-55,
-53,-52,-51,-50,-49,-48,-47,-46,
-44,-42,-40,-38,-37,-36,-36,-37,
-37,-38,-39,-39,-39,-38,-36,-35,
-35,-35,-37,-39,-42,-45,-48,-51,
-53,-56,-58,-59,-60,-61,-61,-61,
-61,-62,-62,-63,-64,-65,-65,-66,
-66,-66,-66,-67,-67,-67,-68,-68,
-68,-69,-69,-71,-73,-77,-82,-88,
-95,-102,-107,-107,-101,-84,-56,-16,
31,81,125,154,161,143,105,52,
-2,-51,-86,-105,-110,-104,-94,-84,
-76,-73,-72,-73,-75,-76,-76,-76,
-76,-76,-76,-76,-76,-75,-75,-75,
-75,-75,-75,-74,-74,-74,-74,-74,
-74,-73,-73,-73,-72,-72,-72,-72,
-71,-72,-72,-72,-72,-72,-72,-72,
-72,-72,-72,-72,-72,-72,-73,-73,
-72,-72,-71,-70,-69,-68,-67,-67,
-67,-67,-68,-68,-68,-68,-68,-67,
-67,-67,-67,-67,-67,-67,-67,-68,
-68,-68,-68,-68,-68,-69,-69,-69,
-68,-68,-68,-67,-67,-67,-68,-68,
-69,-70,-70,-70,-70,-69,-69,-67,
-66,-65,-64,-63,-62,-60,-59,-58,
-56,-55,-54,-53,-52,-51,-50,-50,
-49,-49,-49,-50,-50,-50,-50,-49,
-49,-49,-49,-49,-50,-50,-50,-51,
-51,-50,-50,-50,-50,-50,-50,-50,
-51,-51,-52,-52,-53,-53,-54,-54,
-54,-54,-53,-53,-53,-53,-53,-54,
-54,-55,-55,-55,-55,-55,-55,-55,
-55,-55,-55,-55,-55,-56,-56,-56,
-56,-57,-57,-58,-58,-59,-59,-59,
-59,-59,-58,-58,-58,-57,-57,-57,
-57,-57,-57,-57,-56,-56,-55,-54,
-54,-54,-54,-55,-55,-56,-57,-57,
-57,-57,-57,-58,-58,-58,-58,-58,
-58,-58,-58,-58,-58,-58,-58,-57,
-57,-56,-55,-54,-53,-52,-50,-48,
-47,-45,-44,-43,-42,-41,-40,-39,
-37,-36,-35,-35,-35,-36,-37,-38,
-38,-38,-38,-36,-35,-33,-32,-32,
-33,-35,-39,-42,-45,-48,-50,-52,
-54,-56,-57,-59,-60,-62,-63,-63,
-64,-65,-65,-66,-67,-67,-68,-68,
-69,-69,-69,-68,-68,-68,-68,-68,
-69,-70,-72,-75,-80,-86,-93,-100,
-107,-111,-113,-111,-107,-99,-89,-76,
-58,-34,-1,37,78,115,140,146,
130,94,46,-5,-50,-82,-98,-101,
-94,-85,-77,-73,-72,-73,-75,-77,
-78,-78,-78,-77,-76,-76,-76,-76,
-76,-76,-75,-75,-74,-74,-74,-73,
-73,-73,-74,-74,-74,-74,-75,-75,
-75,-75,-75,-75,-75,-75,-75,-75,
-75,-75,-75,-75,-75,-75,-75,-75,
-74,-74,-74,-74,-74,-74,-73,-73,
-73,-73,-73,-73,-73,-73,-74,-74,
-74,-73,-73,-73,-72,-72,-73,-73,
-74,-74,-74,-74,-74,-74,-74,-74,
-75,-75,-76,-77,-77,-78,-78,-78,
-78,-78,-78,-79,-78,-78,-77,-76,
-75,-73,-72,-70,-68,-66,-64,-62,
-61,-59,-58,-57,-56,-56,-55,-55,
-54,-54,-53,-53,-53,-53,-54,-54,
-54,-55,-55,-55,-55,-55,-56,-56,
-57,-57,-57,-57,-57,-56,-56,-57,
-57,-57,-58,-58,-59,-59,-60,-60,
-60,-60,-61,-61,-62,-63,-63,-64,
-65,-66,-66,-66,-66,-66,-65,-65,
-65,-65,-66,-66,-66,-66,-67,-67,
-67,-67,-67,-67,-67,-67,-67,-67,
-67,-68,-68,-68,-69,-69,-69,-68,
-68,-68,-67,-67,-67,-67,-67,-67,
-68,-69,-69,-70,-70,-70,-70,-70,
-70,-70,-70,-70,-70,-70,-69,-69,
-69,-69,-69,-69,-69,-70,-69,-68,
-66,-64,-62,-60,-58,-57,-57,-57,
-57,-57,-56,-55,-53,-51,-50,-48,
-48,-48,-49,-49,-50,-51,-51,-51,
-50,-49,-47,-45,-44,-44,-44,-46,
-50,-54,-59,-63,-67,-71,-74,-75,
-76,-77,-77,-77,-77,-77,-77,-78,
-78,-78,-79,-79,-79,-79,-80,-80,
-81,-81,-81,-81,-81,-81,-82,-85,
-89,-96,-104,-112,-120,-125,-125,-122,
-115,-106,-98,-92,-85,-77,-62,-38,
-4,37,80,115,134,129,102,57,
3,-46,-84,-107,-114,-110,-101,-92,
-86,-84,-86,-88,-91,-92,-91,-90,
-88,-86,-86,-86,-86,-87,-88,-89,
-89,-88,-88,-87,-86,-85,-85,-85,
-86,-87,-88,-89,-90,-90,-89,-88,
-87,-87,-87,-88,-89,-90,-90,-90,
-90,-89,-89,-88,-88,-88,-88,-87,
-87,-87,-86,-86,-86,-86,-86,-85,
-85,-84,-84,-84,-85,-85,-86,-87,
-88,-88,-88,-87,-87,-87,-87,-88,
-89,-90,-91,-91,-92,-92,-92,-92,
-93,-94,-95,-96,-97,-97,-97,-97,
-96,-94,-93,-91,-89,-88,-85,-83,
-81,-79,-77,-76,-75,-74,-73,-73,
-72,-71,-69,-68,-67,-66,-66,-66,
-66,-66,-67,-67,-67,-67,-67,-67,
-67,-67,-67,-67,-67,-67,-68,-68,
-68,-68,-68,-69,-69,-69,-68,-68,
-68,-68,-68,-67,-68,-68,-68,-68,
-69,-69,-70,-70,-71,-72,-72,-72,
-73,-73,-72,-72,-72,-72,-73,-73,
-73,-73,-73,-72,-72,-71,-71,-71,
-71,-72,-72,-73,-74,-74,-74,-74,
-74,-74,-74,-74,-74,-74,-74,-74,
-74,-74,-74,-74,-75,-75,-76,-76,
-75,-75,-75,-75,-75,-75,-75,-76,
-76,-75,-75,-75,-75,-75,-75,-75,
-75,-75,-74,-73,-72,-71,-69,-68,
-66,-65,-64,-63,-62,-61,-60,-59,
-58,-57,-56,-54,-53,-52,-51,-51,
-51,-51,-52,-52,-52,-51,-50,-48,
-46,-44,-44,-45,-48,-51,-55,-59,
-63,-66,-69,-71,-73,-74,-74,-74,
-74,-74,-75,-75,-76,-76,-76,-76,
-76,-76,-76,-77,-77,-78,-78,-78,
-79,-79,-79,-80,-83,-86,-92,-98,
-105,-111,-115,-114,-108,-92,-67,-32,
11,58,104,139,157,152,126,81,
28,-25,-69,-98,-112,-113,-106,-97,
-89,-84,-82,-83,-84,-85,-85,-85,
-83,-82,-81,-81,-81,-81,-81,-81,
-81,-81,-82,-82,-82,-82,-83,-83,
-84,-84,-84,-84,-84,-83,-82,-81,
-80,-80,-79,-79,-79,-79,-79,-79,
-79,-80,-80,-80,-80,-81,-81,-80,
-80,-80,-79,-79,-79,-78,-78,-78,
-78,-77,-77,-76,-76,-76,-75,-75,
-76,-76,-76,-76,-77,-77,-77,-78,
-78,-79,-79,-78,-78,-78,-78,-78,
-78,-79,-79,-80,-80,-81,-81,-81,
-81,-82,-82,-83,-83,-83,-82,-81,
-79,-78,-75,-73,-71,-69,-67,-65,
-63,-62,-60,-59,-57,-56,-55,-54,
-54,-53,-53,-53,-53,-53,-54,-54,
-55,-56,-56,-56,-56,-55,-55,-54,
-54,-54,-55,-56,-56,-57,-57,-57,
-57,-57,-56,-56,-56,-55,-55,-55,
-55,-56,-56,-56,-57,-57,-57,-57,
-57,-57,-58,-59,-59,-60,-61,-61,
-61,-60,-60,-60,-60,-60,-60,-61,
-61,-61,-61,-61,-61,-62,-62,-62,
-62,-61,-60,-60,-59,-58,-58,-58,
-58,-58,-59,-59,-59,-59,-59,-59,
-59,-58,-57,-55,-54,-52,-50,-49,
-47,-46,-45,-44,-43,-42,-40,-38,
-36,-34,-33,-32,-32,-33,-35,-37,
-38,-38,-37,-36,-34,-33,-32,-34,
-37,-40,-45,-49,-52,-55,-57,-58,
-59,-59,-59,-58,-58,-58,-58,-59,
-60,-61,-62,-62,-63,-63,-63,-63,
-63,-63,-63,-63,-62,-62,-63,-64,
-67,-71,-76,-82,-89,-95,-100,-103,
-102,-95,-82,-60,-29,11,56,101,
135,152,146,116,68,14,-35,-73,
-93,-97,-91,-81,-71,-66,-64,-66,
-69,-71,-72,-72,-71,-70,-70,-69,
-69,-69,-70,-70,-70,-71,-71,-70,
-70,-70,-69,-68,-67,-67,-66,-66,
-66,-66,-66,-66,-66,-66,-66,-66,
-66,-66,-65,-65,-65,-65,-66,-66,
-66,-66,-66,-66,-66,-66,-66,-66,
-66,-66,-65,-65,-64,-64,-63,-63,
-62,-62,-62,-63,-63,-64,-64,-63,
-63,-63,-63,-63,-64,-64,-65,-66,
-66,-66,-66,-66,-66,-66,-66,-66,
-65,-65,-64,-64,-63,-63,-62,-62,
-61,-60,-58,-56,-54,-52,-51,-49,
-48,-48,-47,-46,-46,-45,-44,-44,
-44,-43,-43,-43,-43,-43,-42,-42,
-42,-42,-43,-43,-44,-45,-45,-46,
-47,-47,-47,-47,-47,-47,-47,-47,
-47,-47,-47,-46,-46,-46,-46,-46,
-46,-47,-47,-48,-49,-49,-50,-51,
-52,-52,-52,-52,-52,-51,-51,-51,
-51,-51,-51,-51,-51,-51,-51,-51,
-50,-50,-50,-50,-51,-52,-53,-53,
-54,-54,-54,-54,-54,-54,-53,-53,
-53,-53,-52,-52,-51,-51,-51,-51,
-51,-51,-51,-51,-51,-50,-48,-47,
-45,-44,-42,-41,-40,-39,-38,-37,
-36,-33,-31,-29,-27,-26,-25,-26,
-26,-28,-29,-30,-31,-31,-31,-31,
-30,-29,-28,-28,-28,-30,-33,-37,
-41,-45,-48,-51,-52,-53,-53,-53,
-53,-54,-54,-55,-56,-57,-57,-58,
-58,-59,-59,-60,-60,-61,-61,-61,
-62,-63,-65,-69,-74,-81,-89,-97,
-103,-103,-96,-78,-48,-6,42,92,
135,161,165,146,108,57,4,-41,
-74,-92,-96,-91,-82,-73,-67,-64,
-64,-65,-66,-67,-68,-67,-66,-66,
-66,-66,-66,-67,-68,-68,-69,-68,
-68,-67,-66,-66,-66,-66,-66,-66,
-67,-68,-68,-68,-68,-68,-68,-68,
-67,-67,-66,-65,-64,-64,-63,-63,
-63,-64,-65,-66,-66,-66,-66,-65,
-64,-64,-64,-64,-65,-65,-66,-65,
-65,-64,-64,-63,-63,-64,-64,-64,
-64,-64,-64,-64,-64,-65,-66,-67,
-68,-68,-68,-68,-68,-67,-67,-67,
-67,-68,-69,-70,-70,-71,-70,-69,
-68,-66,-64,-62,-60,-58,-55,-54,
-52,-51,-51,-50,-50,-49,-49,-48,
-47,-46,-46,-45,-45,-45,-46,-46,
-47,-47,-48,-48,-48,-49,-49,-50,
-50,-51,-51,-51,-51,-51,-50,-50,
-50,-51,-51,-52,-53,-53,-54,-54,
-54,-54,-54,-54,-54,-54,-55,-55,
-55,-55,-54,-53,-53,-52,-53,-53,
-54,-55,-57,-57,-58,-59,-59,-59,
-59,-59,-59,-59,-59,-59,-59,-59,
-59,-59,-59,-59,-59,-58,-58,-58,
-59,-59,-59,-59,-59,-59,-59,-59,
-60,-60,-60,-59,-59,-58,-58,-57,
-57,-57,-57,-56,-55,-54,-53,-52,
-51,-50,-49,-49,-48,-48,-47,-46,
-44,-42,-40,-38,-37,-37,-37,-37,
-38,-39,-39,-39,-38,-37,-36,-35,
-35,-36,-38,-41,-45,-49,-53,-57,
-59,-61,-63,-63,-63,-63,-63,-63,
-64,-65,-65,-66,-66,-66,-66,-66,
-67,-67,-67,-68,-68,-68,-68,-69,
-70,-73,-78,-84,-92,-99,-106,-111,
-113,-111,-106,-99,-90,-77,-60,-35,
-2,38,83,123,151,159,144,107,
56,2,-45,-80,-98,-101,-95,-86,
-77,-72,-71,-72,-75,-76,-77,-77,
-76,-75,-74,-74,-74,-74,-75,-75,
-75,-74,-74,-74,-73,-73,-73,-73,
-74,-74,-74,-74,-74,-73,-73,-72,
-72,-72,-72,-72,-72,-72,-72,-72,
-72,-72,-72,-72,-72,-72,-73,-73,
-72,-72,-72,-71,-70,-70,-69,-70,
-70,-70,-70,-71,-71,-70,-70,-70,
-69,-69,-69,-68,-68,-69,-69,-70,
-71,-72,-73,-74,-75,-76,-77,-78,
-79,-80,-81,-81,-82,-83,-83,-83,
-82,-81,-79,-77,-75,-73,-70,-68,
-66,-64,-63,-61,-59,-58,-56,-55,
-54,-52,-51,-50,-49,-48,-47,-46,
-45,-45,-44,-44,-44,-44,-44,-44,
-44,-45,-45,-45,-45,-45,-45,-45,
-45,-44,-44,-44,-44,-45,-45,-46,
-45,-45,-45,-45,-45,-45,-46,-47,
-47,-48,-48,-48,-48,-48,-48,-48,
-48,-47,-47,-47,-47,-48,-48,-49,
-49,-50,-50,-50,-50,-51,-51,-51,
-51,-51,-51,-51,-51,-50,-50,-50,
-50,-50,-50,-50,-50,-50,-50,-49,
-49,-49,-49,-49,-50,-50,-50,-50,
-50,-49,-49,-49,-48,-47,-46,-45,
-43,-42,-41,-39,-38,-37,-35,-34,
-32,-30,-29,-27,-26,-25,-25,-25,
-26,-28,-29,-30,-30,-30,-28,-27,
-26,-25,-26,-28,-32,-36,-40,-44,
-47,-50,-51,-52,-52,-52,-52,-52,
-52,-52,-53,-54,-55,-55,-56,-56,
-57,-57,-58,-58,-58,-59,-59,-59,
-58,-58,-58,-58,-58,-59,-61,-64,
-68,-73,-80,-88,-96,-100,-100,-91,
-72,-40,2,52,101,140,160,155,
125,77,21,-30,-70,-93,-99,-93,
-83,-73,-66,-63,-64,-66,-68,-69,
-69,-69,-68,-67,-67,-67,-67,-68,
-68,-68,-68,-68,-68,-68,-68,-68,
-68,-68,-68,-68,-67,-67,-66,-66,
-66,-65,-65,-65,-65,-65,-65,-65,
-65,-66,-66,-66,-66,-66,-66,-65,
-64,-64,-64,-64,-64,-64,-65,-65,
-66,-66,-66,-66,-66,-65,-64,-64,
-63,-63,-62,-62,-62,-62,-63,-63,
-63,-63,-63,-63,-64,-64,-65,-65,
-65,-65,-65,-65,-65,-65,-65,-66,
-66,-66,-67,-67,-67,-66,-66,-65,
-64,-64,-63,-63,-62,-60,-59,-57,
-56,-54,-53,-51,-51,-50,-49,-48,
-47,-46,-46,-45,-45,-44,-44,-44,
-44,-44,-44,-45,-45,-45,-46,-46,
-47,-47,-47,-47,-47,-47,-47,-47,
-48,-48,-48,-49,-49,-49,-49,-49,
-49,-49,-49,-49,-49,-49,-49,-49,
-49,-49,-50,-50,-50,-51,-51,-52,
-52,-53,-53,-54,-55,-56,-56,-57,
-57,-57,-57,-57,-56,-56,-56,-56,
-56,-56,-56,-55,-55,-55,-55,-56,
-56,-57,-57,-58,-58,-58,-58,-57,
-57,-57,-58,-58,-58,-58,-57,-57,
-56,-56,-55,-55,-55,-54,-53,-52,
-51,-50,-49,-48,-48,-48,-47,-47,
-46,-45,-44,-43,-41,-40,-38,-37,
-36,-35,-34,-34,-35,-35,-36,-36,
-36,-35,-33,-32,-31,-31,-33,-36,
-40,-45,-49,-53,-56,-58,-60,-61,
-61,-62,-62,-62,-62,-62,-61,-61,
-62,-62,-62,-63,-64,-64,-65,-66,
-66,-67,-67,-67,-66,-66,-66,-67,
-68,-70,-73,-78,-83,-90,-97,-104,
-109,-110,-105,-92,-68,-33,9,57,
101,133,146,136,104,56,2,-46,
-82,-101,-106,-99,-89,-79,-72,-70,
-70,-72,-74,-75,-76,-75,-74,-73,
-73,-73,-74,-74,-75,-75,-75,-75,
-74,-74,-73,-72,-72,-73,-73,-74,
-74,-74,-74,-73,-73,-73,-73,-72,
-72,-72,-72,-72,-72,-73,-73,-74,
-74,-75,-75,-75,-75,-76,-76,-76,
-76,-75,-75,-75,-74,-74,-74,-74,
-74,-75,-75,-74,-74,-73,-72,-71,
-70,-70,-70,-70,-71,-71,-72,-73,
-73,-73,-73,-73,-73,-73,-73,-73,
-73,-72,-72,-72,-72,-72,-72,-72,
-73,-73,-73,-73,-73,-73,-73,-73,
-72,-72,-71,-70,-69,-67,-66,-65,
-64,-63,-62,-61,-60,-59,-58,-57,
-56,-55,-55,-55,-55,-56,-56,-57,
-57,-57,-57,-57,-56,-56,-56,-57,
-57,-58,-58,-59,-59,-59,-59,-59,
-59,-58,-59,-59,-59,-60,-60,-61,
-61,-61,-61,-60,-60,-61,-61,-62,
-62,-63,-64,-65,-65,-65,-66,-66,
-66,-66,-66,-65,-65,-65,-65,-66,
-66,-67,-67,-68,-68,-67,-67,-67,
-66,-66,-67,-67,-67,-67,-68,-69,
-69,-70,-70,-70,-70,-70,-70,-70,
-70,-70,-71,-71,-71,-70,-70,-70,
-70,-70,-70,-70,-70,-69,-69,-69,
-69,-69,-69,-69,-69,-69,-68,-66,
-65,-63,-61,-59,-58,-57,-56,-55,
-54,-53,-52,-51,-49,-48,-47,-47,
-47,-48,-49,-50,-50,-51,-51,-51,
-50,-50,-49,-49,-48,-47,-47,-47,
-48,-50,-53,-57,-60,-64,-67,-70,
-71,-73,-74,-74,-74,-74,-75,-75,
-75,-76,-77,-78,-78,-79,-80,-80,
-80,-80,-80,-79,-78,-78,-79,-81,
-83,-87,-93,-99,-106,-113,-119,-120,
-113,-96,-67,-27,21,71,113,138,
140,117,74,19,-34,-77,-105,-116,
-114,-105,-95,-88,-85,-85,-87,-89,
-90,-90,-90,-89,-89,-89,-89,-89,
-89,-89,-89,-89,-88,-88,-88,-89,
-89,-89,-89,-89,-89,-90,-90,-91,
-91,-91,-91,-90,-90,-89,-88,-88,
-88,-88,-89,-89,-88,-88,-88,-88,
-88,-88,-89,-89,-89,-89,-88,-87,
-87,-86,-87,-87,-88,-89,-90,-90,
-89,-88,-87,-86,-85,-84,-84,-85,
-85,-85,-86,-87,-87,-88,-89,-89,
-89,-90,-90,-91,-92,-93,-94,-96,
-97,-98,-99,-99,-99,-98,-98,-97,
-96,-95,-95,-94,-94,-93,-92,-90,
-88,-86,-84,-82,-80,-79,-77,-76,
-75,-75,-74,-73,-71,-70,-69,-68,
-67,-67,-66,-66,-66,-66,-67,-67,
-67,-67,-67,-67,-68,-68,-67,-67,
-67,-67,-68,-68,-68,-69,-69,-69,
-69,-68,-68,-68,-68,-68,-68,-68,
-68,-68,-68,-68,-68,-69,-69,-69,
-69,-70,-70,-70,-70,-70,-70,-71,
-71,-71,-71,-71,-71,-70,-70,-69,
-68,-68,-68,-68,-68,-69,-69,-69,
-70,-70,-70,-70,-70,-70,-69,-69,
-69,-69,-69,-69,-69,-69,-69,-69,
-69,-69,-69,-69,-69,-68,-68,-67,
-67,-67,-67,-67,-66,-65,-64,-63,
-62,-61,-59,-58,-57,-56,-55,-54,
-52,-51,-50,-49,-48,-47,-46,-45,
-45,-45,-46,-46,-47,-48,-48,-48,
-47,-46,-45,-44,-45,-47,-50,-54,
-57,-61,-64,-66,-68,-69,-70,-70,
-70,-70,-70,-71,-71,-72,-72,-73,
-73,-73,-73,-73,-73,-73,-73,-72,
-71,-70,-69,-68,-68,-69,-70,-73,
-77,-81,-85,-91,-97,-104,-110,-112,
-108,-93,-65,-25,23,73,115,140,
141,117,72,17,-35,-76,-101,-108,
-104,-93,-83,-76,-73,-74,-76,-78,
-80,-80,-80,-80,-79,-79,-79,-79,
-79,-79,-79,-79,-79,-79,-79,-79,
-78,-78,-77,-76,-76,-75,-76,-76,
-76,-76,-76,-75,-75,-74,-74,-74,
-74,-75,-75,-75,-76,-76,-75,-75,
-74,-73,-73,-72,-71,-71,-71,-71,
-72,-72,-72,-72,-72,-72,-72,-71,
-71,-71,-71,-72,-72,-73,-74,-74,
-75,-76,-76,-76,-76,-75,-76,-76,
-76,-76,-75,-75,-75,-75,-75,-76,
-76,-76,-76,-76,-75,-74,-72,-71,
-69,-67,-65,-63,-61,-59,-57,-56,
-54,-53,-52,-51,-51,-50,-50,-50,
-50,-50,-50,-50,-50,-50,-50,-51,
-51,-52,-52,-52,-52,-51,-51,-51,
-51,-52,-52,-53,-53,-52,-52,-51,
-50,-50,-50,-50,-50,-51,-51,-52,
-53,-54,-54,-54,-55,-54,-54,-54,
-53,-53,-53,-53,-53,-53,-53,-54,
-54,-54,-54,-54,-54,-54,-54,-55,
-55,-55,-55,-55,-55,-54,-54,-54,
-55,-55,-55,-55,-55,-55,-55,-54,
-53,-52,-50,-48,-46,-44,-43,-41,
-41,-40,-39,-38,-37,-36,-34,-33,
-31,-31,-30,-31,-32,-32,-33,-34,
-33,-32,-30,-28,-25,-22,-20,-19,
-20,-23,-28,-33,-37,-42,-45,-48,
-51,-54,-56,-58,-59,-60,-60,-60,
-59,-59,-58,-58,-59,-59,-60,-60,
-61,-62,-62,-63,-63,-63,-63,-64,
-65,-68,-71,-77,-83,-91,-98,-103,
-102,-92,-71,-38,5,54,99,132,
144,131,95,44,-8,-54,-85,-99,
-98,-89,-77,-68,-63,-61,-63,-66,
-68,-69,-69,-69,-68,-68,-67,-67,
-67,-67,-67,-68,-68,-68,-68,-68,
-68,-68,-68,-67,-67,-66,-66,-65,
-65,-64,-64,-64,-64,-65,-65,-66,
-66,-67,-67,-67,-66,-66,-66,-66,
-65,-65,-65,-64,-64,-64,-63,-63,
-63,-63,-63,-63,-63,-63,-63,-63,
-63,-63,-64,-64,-64,-64,-64,-64,
-64,-64,-64,-65,-65,-65,-65,-66,
-66,-67,-67,-68,-68,-67,-67,-66,
-66,-66,-67,-67,-67,-67,-67,-66,
-64,-62,-60,-58,-56,-55,-53,-52,
-52,-51,-51,-51,-51,-51,-50,-50,
-50,-50,-50,-50,-50,-50,-50,-50,
-49,-49,-48,-48,-47,-48,-48,-49,
-51,-52,-52,-53,-52,-52,-52,-52,
-52,-52,-52,-53,-53,-54,-55,-56,
-56,-57,-57,-57,-57,-56,-55,-55,
-55,-55,-56,-57,-58,-58,-58,-58,
-58,-59,-60,-61,-62,-63,-63,-64,
-63,-63,-62,-62,-62,-63,-64,-64,
-64,-64,-63,-63,-62,-61,-61,-61,
-61,-61,-61,-61,-62,-62,-63,-64,
-64,-64,-64,-62,-61,-59,-57,-56,
-54,-53,-52,-51,-50,-49,-48,-47,
-46,-44,-43,-43,-43,-45,-46,-48,
-50,-50,-50,-48,-46,-43,-41,-39,
-39,-41,-43,-47,-52,-56,-60,-62,
-65,-66,-67,-68,-69,-69,-70,-71,
-72,-73,-73,-73,-73,-73,-74,-74,
-74,-75,-75,-75,-75,-74,-73,-72,
-73,-75,-79,-84,-90,-97,-104,-110,
-114,-116,-115,-111,-102,-89,-70,-44,
-10,30,74,116,147,162,154,125,
79,25,-27,-69,-95,-106,-105,-97,
-88,-81,-78,-77,-78,-80,-81,-82,
-82,-81,-81,-81,-81,-81,-81,-81,
-81,-81,-82,-82,-82,-82,-82,-81,
-81,-80,-80,-81,-81,-82,-83,-84,
-84,-84,-84,-83,-83,-83,-83,-83,
-83,-84,-84,-83,-83,-81,-80,-78,
-77,-77,-77,-78,-79,-80,-81,-81,
-81,-80,-79,-79,-79,-79,-80,-81,
-82,-82,-83,-83,-83,-82,-82,-82,
-83,-83,-84,-84,-85,-85,-85,-86,
-86,-87,-88,-89,-90,-91,-92,-92,
-91,-90,-89,-88,-87,-85,-84,-82,
-80,-78,-75,-73,-70,-68,-67,-66,
-65,-64,-63,-62,-62,-62,-62,-63,
-64,-64,-64,-64,-64,-63,-63,-63,
-63,-63,-63,-63,-63,-63,-63,-63,
-64,-64,-65,-65,-65,-66,-66,-66,
-66,-67,-67,-67,-68,-68,-69,-69,
-70,-70,-70,-70,-69,-69,-69,-69,
-69,-68,-68,-67,-67,-67,-67,-67,
-68,-69,-70,-71,-71,-71,-70,-70,
-69,-68,-67,-67,-67,-68,-69,-69,
-70,-69,-69,-69,-69,-68,-69,-69,
-70,-70,-70,-71,-70,-70,-69,-68,
-67,-66,-64,-63,-62,-61,-60,-59,
-59,-59,-58,-58,-57,-57,-55,-54,
-52,-51,-50,-50,-50,-50,-51,-51,
-52,-51,-51,-50,-49,-48,-48,-49,
-50,-53,-56,-60,-63,-67,-70,-72,
-74,-75,-75,-75,-75,-74,-74,-74,
-74,-75,-75,-75,-76,-76,-77,-78,
-78,-78,-78,-77,-77,-76,-76,-76,
-77,-78,-81,-84,-88,-93,-98,-105,
-111,-116,-118,-115,-103,-80,-45,0,
49,95,128,139,126,91,40,-14,
-62,-95,-112,-113,-106,-95,-86,-81,
-80,-81,-83,-85,-86,-85,-84,-83,
-82,-81,-81,-81,-81,-82,-82,-82,
-82,-82,-82,-82,-82,-82,-82,-82,
-82,-81,-81,-81,-81,-81,-81,-81,
-80,-80,-79,-78,-77,-76,-75,-75,
-76,-76,-77,-78,-79,-79,-79,-80,
-79,-79,-78,-78,-77,-77,-77,-77,
-77,-77,-77,-77,-77,-77,-77,-77,
-77,-78,-78,-79,-79,-80,-81,-82,
-83,-83,-83,-84,-84,-85,-85,-86,
-86,-86,-85,-85,-85,-85,-85,-84,
-84,-83,-82,-80,-79,-77,-75,-73,
-71,-69,-67,-65,-63,-62,-61,-59,
-58,-57,-56,-55,-54,-54,-53,-53,
-53,-53,-53,-53,-53,-53,-53,-53,
-53,-53,-53,-54,-54,-55,-55,-55,
-55,-54,-54,-54,-53,-53,-53,-54,
-54,-55,-55,-56,-56,-57,-57,-57,
-57,-56,-56,-56,-56,-56,-57,-56,
-56,-55,-55,-55,-55,-55,-55,-56,
-56,-56,-57,-57,-57,-57,-57,-57,
-57,-57,-57,-57,-57,-57,-57,-57,
-57,-57,-56,-55,-54,-51,-49,-47,
-45,-44,-43,-42,-41,-40,-38,-36,
-34,-33,-31,-31,-31,-32,-34,-35,
-36,-36,-35,-34,-32,-31,-31,-32,
-34,-37,-41,-45,-49,-52,-55,-57,
-59,-60,-61,-61,-61,-61,-61,-61,
-61,-61,-61,-61,-61,-61,-62,-62,
-62,-63,-63,-62,-62,-62,-62,-63,
-65,-69,-74,-80,-88,-96,-103,-105,
-99,-83,-53,-12,36,85,124,145,
141,112,64,9,-41,-77,-96,-99,
-91,-80,-70,-64,-64,-66,-69,-72,
-73,-73,-72,-71,-70,-70,-70,-70,
-70,-69,-69,-69,-69,-69,-69,-70,
-70,-70,-70,-70,-71,-71,-71,-71,
-70,-70,-70,-70,-69,-69,-69,-68,
-68,-68,-68,-68,-69,-69,-70,-70,
-70,-70,-69,-69,-69,-69,-69,-69,
-70,-70,-70,-69,-69,-69,-69,-68,
-68,-68,-67,-67,-67,-67,-67,-67,
-67,-68,-68,-68,-69,-70,-70,-71,
-71,-71,-71,-71,-71,-71,-71,-71,
-71,-72,-72,-72,-72,-72,-71,-69,
-68,-66,-64,-62,-61,-60,-59,-59,
-58,-58,-57,-56,-55,-54,-53,-53,
-52,-52,-53,-53,-52,-52,-51,-51,
-50,-50,-50,-49,-49,-49,-50,-50,
-50,-50,-51,-51,-52,-53,-53,-53,
-53,-53,-54,-54,-54,-54,-54,-55,
-55,-55,-54,-54,-54,-54,-54,-54,
-55,-55,-56,-57,-57,-58,-59,-59,
-59,-59,-59,-59,-59,-60,-60,-60,
-60,-60,-60,-59,-59,-59,-58,-58,
-58,-59,-59,-59,-59,-59,-60,-60,
-61,-61,-61,-61,-60,-59,-57,-55,
-53,-51,-49,-47,-45,-44,-43,-43,
-42,-42,-41,-40,-38,-37,-36,-35,
-35,-35,-36,-37,-38,-38,-37,-36,
-35,-34,-33,-33,-34,-37,-40,-44,
-47,-50,-54,-57,-59,-61,-62,-63,
-63,-63,-63,-63,-64,-64,-64,-65,
-65,-65,-65,-64,-64,-64,-65,-65,
-65,-65,-66,-66,-66,-66,-67,-67,
-67,-68,-69,-72,-75,-80,-85,-92,
-98,-104,-107,-105,-95,-77,-49,-10,
34,81,122,147,152,132,92,39,
-15,-61,-91,-105,-104,-94,-83,-74,
-69,-69,-71,-73,-76,-77,-78,-78,
-78,-78,-78,-78,-79,-78,-77,-76,
-75,-75,-74,-74,-74,-75,-75,-76,
-76,-76,-76,-76,-77,-77,-78,-78,
-79,-79,-79,-79,-79,-78,-78,-77,
-77,-77,-77,-77,-77,-77,-77,-77,
-77,-77,-78,-78,-78,-78,-78,-77,
-77,-76,-76,-76,-75,-75,-75,-74,
-74,-73,-73,-73,-73,-73,-74,-74,
-75,-75,-75,-75,-76,-77,-78,-79,
-80,-81,-80,-80,-79,-78,-78,-77,
-77,-77,-78,-78,-79,-79,-80,-80,
-79,-79,-79,-79,-78,-77,-77,-76,
-75,-73,-72,-70,-69,-68,-67,-66,
-65,-65,-64,-64,-64,-64,-64,-63,
-63,-62,-61,-60,-60,-60,-61,-62,
-63,-63,-63,-63,-63,-63,-63,-63,
-63,-63,-63,-64,-64,-64,-64,-65,
-65,-65,-65,-65,-66,-67,-67,-68,
-68,-68,-67,-67,-67,-67,-67,-68,
-68,-69,-69,-70,-70,-71,-71,-72,
-72,-72,-72,-71,-70,-70,-69,-69,
-69,-70,-70,-71,-72,-72,-72,-72,
-71,-71,-71,-71,-72,-72,-73,-73,
-74,-74,-74,-73,-72,-71,-69,-68,
-67,-66,-65,-64,-63,-61,-60,-59,
-58,-57,-57,-57,-56,-56,-56,-55,
-54,-52,-51,-49,-49,-48,-49,-50,
-51,-52,-52,-52,-52,-51,-50,-50,
-50,-52,-55,-59,-63,-67,-70,-73,
-74,-76,-77,-77,-77,-78,-78,-78,
-79,-79,-79,-79,-79,-79,-79,-79,
-79,-79,-79,-79,-79,-79,-80,-81,
-83,-86,-90,-96,-102,-108,-114,-119,
-122,-121,-117,-107,-89,-61,-24,19,
66,107,134,141,123,85,34,-18,
-64,-96,-112,-114,-108,-99,-91,-86,
-85,-86,-88,-90,-90,-90,-89,-88,
-87,-86,-86,-86,-86,-86,-86,-86,
-86,-86,-86,-87,-87,-88,-88,-89,
-89,-88,-88,-87,-86,-86,-85,-85,
-85,-85,-85,-85,-85,-84,-83,-82,
-82,-82,-83,-84,-85,-86,-87,-88,
-88,-88,-87,-86,-86,-85,-85,-85,
-85,-85,-85,-85,-85,-85,-84,-83,
-82,-82,-81,-81,-81,-82,-82,-83,
-84,-85,-86,-87,-88,-89,-90,-90,
-91,-91,-91,-92,-93,-93,-94,-94,
-94,-94,-93,-93,-92,-91,-90,-88,
-86,-84,-83,-81,-79,-77,-75,-73,
-71,-69,-68,-67,-65,-65,-64,-63,
-63,-62,-62,-61,-61,-61,-61,-61,
-61,-60,-60,-59,-59,-58,-58,-58,
-58,-58,-58,-58,-59,-59,-60,-60,
-61,-61,-61,-61,-61,-61,-61,-61,
-61,-61,-61,-61,-61,-61,-61,-62,
-62,-62,-62,-62,-61,-61,-61,-61,
-62,-62,-63,-63,-63,-63,-64,-63,
-63,-63,-63,-63,-63,-63,-63,-63,
-63,-63,-63,-62,-62,-61,-61,-61,
-61,-61,-61,-62,-62,-62,-63,-62,
-62,-62,-62,-62,-61,-60,-59,-58,
-56,-55,-54,-52,-51,-50,-49,-47,
-45,-44,-42,-40,-38,-37,-36,-36,
-37,-38,-39,-41,-41,-41,-40,-39,
-37,-36,-35,-36,-38,-41,-45,-49,
-53,-56,-58,-60,-62,-62,-63,-63,
-63,-63,-63,-63,-64,-64,-65,-65,
-65,-66,-66,-66,-66,-66,-66,-67,
-67,-68,-68,-68,-68,-68,-69,-70,
-72,-75,-79,-84,-90,-96,-102,-106,
-105,-98,-80,-51,-11,36,85,125,
148,146,119,71,15,-38,-79,-102,
-107,-100,-88,-76,-69,-67,-68,-71,
-73,-75,-75,-75,-74,-73,-72,-72,
-71,-71,-71,-71,-71,-71,-71,-71,
-71,-70,-70,-70,-69,-69,-68,-68,
-68,-68,-69,-70,-70,-71,-71,-70,
-70,-69,-69,-69,-69,-70,-70,-70,
-70,-70,-69,-69,-69,-70,-70,-70,
-69,-69,-68,-68,-67,-66,-66,-65,
-65,-65,-65,-65,-64,-64,-64,-64,
-64,-64,-64,-64,-64,-64,-64,-64,
-64,-64,-65,-65,-66,-67,-67,-68,
-68,-68,-68,-68,-68,-68,-69,-69,
-70,-70,-69,-69,-68,-66,-64,-62,
-60,-59,-57,-55,-54,-53,-52,-51,
-50,-49,-49,-48,-48,-47,-47,-48,
-48,-48,-48,-49,-49,-49,-49,-48,
-48,-48,-48,-47,-47,-47,-47,-46,
-46,-46,-46,-46,-47,-48,-49,-50,
-51,-51,-51,-50,-50,-50,-50,-50,
-50,-51,-52,-52,-53,-53,-54,-54,
-54,-54,-54,-53,-53,-53,-53,-53,
-53,-54,-55,-55,-55,-55,-55,-55,
-55,-55,-56,-55,-55,-55,-54,-53,
-53,-53,-53,-53,-53,-53,-52,-52,
-50,-49,-47,-46,-44,-43,-41,-40,
-40,-39,-39,-38,-36,-35,-33,-31,
-30,-29,-29,-30,-30,-31,-32,-32,
-32,-31,-30,-30,-30,-31,-34,-37,
-41,-45,-49,-51,-54,-55,-56,-57,
-57,-57,-56,-56,-56,-56,-56,-57,
-58,-58,-59,-59,-59,-60,-60,-60,
-61,-61,-61,-61,-62,-62,-64,-66,
-70,-75,-82,-90,-97,-101,-98,-86,
-60,-21,26,77,120,147,149,125,
81,25,-27,-69,-92,-98,-92,-81,
-71,-64,-63,-65,-68,-71,-72,-72,
-71,-70,-68,-67,-66,-66,-66,-66,
-66,-66,-66,-66,-67,-68,-68,-69,
-69,-70,-69,-69,-69,-68,-67,-67,
-66,-66,-66,-66,-67,-67,-67,-67,
-67,-67,-67,-66,-66,-66,-67,-67,
-68,-69,-68,-68,-67,-66,-66,-66,
-66,-67,-67,-68,-68,-68,-68,-67,
-67,-66,-66,-65,-65,-65,-65,-65,
-65,-66,-66,-66,-66,-66,-66,-67,
-67,-67,-67,-67,-67,-67,-67,-67,
-67,-68,-67,-67,-67,-66,-65,-64,
-63,-62,-61,-59,-57,-56,-54,-53,
-52,-52,-51,-51,-51,-52,-52,-52,
-51,-50,-49,-48,-48,-47,-47,-48,
-49,-49,-50,-51,-51,-51,-50,-50,
-51,-51,-51,-52,-53,-54,-54,-54,
-54,-54,-54,-54,-54,-54,-54,-55,
-56,-56,-57,-58,-58,-59,-59,-58,
-58,-57,-57,-57,-58,-58,-58,-58,
-58,-58,-59,-59,-60,-60,-61,-61,
-61,-60,-60,-60,-60,-61,-61,-62,
-62,-62,-62,-62,-61,-61,-61,-60,
-59,-58,-57,-56,-54,-53,-52,-51,
-50,-50,-49,-48,-46,-45,-43,-41,
-39,-37,-36,-36,-37,-37,-38,-39,
-40,-40,-40,-39,-39,-38,-37,-37,
-38,-39,-40,-41,-43,-44,-47,-49,
-52,-56,-59,-61,-63,-64,-65,-65,
-65,-66,-66,-66,-66,-67,-67,-67,
-68,-69,-69,-69,-69,-69,-69,-68,
-67,-67,-68,-69,-72,-76,-82,-88,
-95,-102,-107,-107,-99,-81,-51,-9,
38,87,125,145,141,112,65,10,
-40,-78,-99,-104,-98,-87,-78,-72,
-70,-71,-74,-76,-78,-78,-77,-76,
-75,-74,-74,-74,-74,-74,-75,-74,
-74,-74,-74,-74,-74,-74,-74,-73,
-73,-73,-74,-75,-76,-77,-78,-77,
-77,-76,-75,-73,-73,-72,-72,-73,
-73,-74,-74,-74,-74,-74,-73,-73,
-72,-72,-71,-71,-71,-71,-71,-71,
-71,-71,-70,-69,-69,-69,-69,-70,
-72,-73,-74,-75,-75,-75,-75,-75,
-76,-76,-78,-79,-80,-82,-83,-83,
-84,-84,-84,-84,-84,-84,-83,-82,
-80,-78,-75,-72,-70,-68,-66,-65,
-64,-63,-62,-61,-60,-58,-57,-56,
-56,-56,-56,-56,-57,-57,-57,-57,
-57,-57,-57,-56,-57,-57,-57,-57,
-57,-56,-56,-56,-55,-56,-56,-57,
-58,-59,-59,-60,-60,-60,-59,-59,
-59,-59,-59,-59,-59,-59,-60,-60,
-60,-60,-60,-59,-59,-58,-58,-58,
-59,-60,-60,-61,-61,-61,-60,-60,
-59,-59,-59,-59,-59,-59,-59,-59,
-59,-59,-59,-58,-58,-58,-58,-58,
-58,-57,-57,-57,-57,-57,-56,-55,
-53,-51,-50,-48,-47,-47,-46,-44,
-42,-40,-37,-35,-34,-33,-33,-34,
-35,-37,-38,-38,-37,-36,-35,-34,
-33,-34,-36,-39,-43,-47,-50,-53,
-55,-57,-58,-59,-59,-59,-59,-59,
-58,-58,-58,-59,-60,-60,-61,-62,
-62,-62,-63,-63,-64,-64,-65,-65,
-65,-65,-65,-65,-66,-69,-72,-78,
-85,-92,-99,-103,-101,-91,-70,-37,
6,54,100,133,146,133,97,47,
-7,-54,-86,-101,-101,-92,-80,-71,
-65,-64,-66,-67,-69,-70,-69,-69,
-68,-67,-67,-67,-68,-68,-68,-69,
-69,-69,-68,-68,-68,-68,-68,-68,
-69,-69,-69,-69,-69,-69,-69,-69,
-69,-69,-68,-67,-66,-66,-66,-66,
-66,-66,-67,-67,-67,-67,-67,-67,
-67,-68,-68,-68,-68,-68,-68,-67,
-67,-66,-66,-65,-65,-65,-64,-64,
-64,-64,-64,-64,-65,-66,-66,-68,
-69,-71,-72,-72,-73,-73,-73,-73,
-74,-74,-74,-75,-75,-75,-75,-74,
-73,-72,-70,-68,-66,-64,-62,-59,
-57,-56,-54,-53,-52,-52,-52,-51,
-51,-50,-50,-49,-49,-49,-49,-49,
-49,-49,-49,-49,-48,-48,-48,-48,
-48,-48,-49,-49,-49,-49,-50,-50,
-50,-51,-51,-51,-52,-52,-52,-52,
-52,-51,-51,-51,-51,-51,-51,-51,
-52,-52,-52,-53,-53,-54,-55,-55,
-56,-56,-57,-57,-57,-58,-58,-58,
-58,-58,-58,-59,-59,-59,-59,-58,
-58,-58,-57,-57,-56,-56,-55,-54,
-53,-51,-49,-48,-46,-45,-44,-43,
-42,-41,-40,-38,-37,-35,-34,-33,
-33,-33,-34,-35,-36,-36,-36,-36,
-34,-33,-31,-29,-29,-30,-33,-37,
-41,-45,-49,-52,-55,-57,-58,-59,
-59,-60,-60,-60,-60,-61,-61,-62,
-62,-63,-63,-62,-62,-62,-62,-62,
-63,-63,-63,-64,-64,-65,-65,-66,
-66,-67,-69,-71,-75,-80,-86,-94,
-101,-106,-107,-100,-82,-52,-10,39,
89,129,150,145,116,67,11,-41,
-79,-99,-103,-96,-84,-74,-69,-67,
-69,-72,-74,-75,-75,-74,-73,-73,
-72,-72,-72,-73,-73,-73,-72,-72,
-72,-72,-72,-72,-72,-73,-73,-73,
-73,-73,-73,-72,-72,-72,-72,-72,
-72,-73,-73,-73,-73,-73,-73,-73,
-73,-73,-73,-73,-73,-73,-73,-73,
-73,-73,-73,-73,-73,-73,-73,-74,
-74,-74,-74,-74,-74,-74,-73,-72,
-72,-71,-71,-70,-70,-70,-71,-72,
-72,-73,-73,-74,-75,-75,-76,-76,
-76,-76,-77,-77,-77,-77,-76,-76,
-76,-75,-75,-74,-72,-71,-70,-69,
-68,-67,-66,-65,-64,-63,-62,-61,
-61,-60,-60,-60,-60,-59,-59,-59,
-59,-58,-58,-58,-58,-57,-58,-58,
-58,-58,-58,-58,-57,-57,-57,-58,
-58,-59,-59,-60,-60,-60,-61,-61,
-61,-62,-62,-63,-63,-63,-64,-63,
-63,-63,-62,-62,-62,-62,-63,-63,
-64,-65,-65,-66,-66,-67,-67,-67,
-67,-67,-67,-67,-67,-67,-68,-68,
-69,-69,-69,-70,-70,-69,-69,-68,
-68,-67,-67,-67,-67,-67,-66,-65,
-63,-61,-60,-59,-58,-57,-56,-55,
-54,-53,-51,-49,-47,-46,-44,-43,
-43,-43,-43,-43,-44,-44,-43,-42,
-41,-39,-38,-38,-40,-43,-47,-51,
-55,-58,-61,-62,-64,-65,-67,-68,
-70,-71,-71,-71,-71,-70,-70,-70,
-70,-70,-71,-71,-72,-72,-73,-74,
-75,-76,-76,-76,-76,-76,-75,-75,
-76,-78,-82,-87,-94,-101,-109,-115,
-116,-110,-95,-68,-29,16,64,106,
132,135,114,73,20,-32,-76,-103,
-114,-112,-103,-93,-85,-81,-81,-84,
-86,-87,-88,-87,-86,-86,-85,-86,
-86,-86,-85,-85,-84,-83,-83,-82,
-82,-82,-83,-83,-83,-84,-84,-85,
-85,-86,-86,-87,-87,-87,-87,-87,
-87,-87,-87,-86,-86,-85,-84,-84,
-83,-83,-83,-83,-84,-84,-84,-84,
-83,-83,-82,-82,-81,-81,-81,-81,
-82,-83,-84,-84,-84,-83,-82,-80,
-79,-78,-77,-77,-78,-78,-78,-79,
-79,-80,-81,-82,-84,-85,-86,-86,
-87,-86,-86,-86,-85,-86,-86,-87,
-88,-89,-89,-89,-88,-86,-84,-82,
-80,-78,-76,-75,-73,-72,-72,-71,
-70,-69,-69,-68,-67,-66,-66,-65,
-65,-65,-66,-67,-67,-67,-66,-66,
-65,-64,-64,-64,-65,-66,-67,-68,
-67,-67,-66,-66,-66,-66,-67,-68,
-69,-70,-70,-71,-71,-72,-72,-72,
-72,-71,-70,-70,-70,-70,-71,-71,
-71,-71,-70,-70,-71,-71,-72,-73,
-73,-74,-74,-74,-74,-74,-75,-75,
-75,-74,-74,-73,-73,-72,-72,-72,
-72,-73,-73,-74,-74,-75,-75,-75,
-75,-75,-75,-75,-75,-75,-75,-74,
-73,-72,-71,-69,-67,-66,-64,-63,
-62,-61,-61,-60,-59,-58,-56,-53,
-50,-48,-46,-46,-46,-47,-49,-50,
-52,-53,-53,-52,-51,-51,-51,-53,
-55,-57,-60,-62,-64,-66,-68,-70,
-73,-75,-77,-78,-79,-79,-78,-78,
-77,-76,-76,-76,-77,-78,-79,-80,
-81,-81,-81,-82,-82,-81,-81,-81,
-82,-83,-84,-87,-92,-97,-105,-112,
-117,-118,-110,-91,-59,-16,33,83,
122,142,138,109,61,4,-48,-89,
-113,-121,-117,-106,-96,-88,-85,-85,
-87,-89,-91,-91,-90,-89,-88,-87,
-87,-86,-86,-86,-86,-86,-87,-87,
-87,-87,-87,-87,-86,-86,-85,-85,
-85,-85,-85,-85,-85,-85,-86,-86,
-86,-85,-85,-84,-83,-83,-83,-83,
-84,-85,-87,-88,-88,-89,-89,-88,
-88,-87,-86,-84,-83,-82,-81,-80,
-80,-80,-81,-81,-82,-82,-82,-82,
-82,-82,-83,-83,-84,-85,-86,-87,
-88,-88,-89,-90,-91,-92,-92,-92,
-91,-91,-91,-91,-91,-92,-92,-92,
-91,-90,-88,-86,-83,-81,-78,-76,
-74,-73,-71,-70,-69,-68,-66,-65,
-64,-63,-62,-62,-61,-60,-59,-59,
-58,-57,-56,-56,-56,-56,-57,-57,
-57,-57,-57,-57,-57,-57,-57,-57,
-57,-58,-58,-58,-58,-58,-57,-57,
-57,-57,-56,-57,-57,-56,-56,-56,
-57,-57,-58,-58,-59,-59,-60,-60,
-59,-59,-59,-59,-59,-59,-59,-59,
-59,-58,-58,-58,-58,-58,-58,-58,
-58,-58,-58,-59,-59,-59,-59,-59,
-59,-59,-59,-59,-59,-59,-59,-59,
-59,-59,-59,-59,-58,-58,-58,-57,
-57,-56,-54,-53,-51,-49,-47,-46,
-44,-43,-42,-41,-39,-37,-35,-33,
-31,-30,-30,-30,-31,-32,-33,-34,
-35,-36,-36,-35,-34,-33,-31,-30,
-30,-31,-34,-38,-43,-46,-50,-52,
-55,-56,-58,-59,-60,-60,-60,-59,
-59,-58,-58,-58,-58,-59,-59,-60,
-61,-61,-62,-62,-62,-62,-62,-62,
-63,-64,-66,-69,-72,-75,-80,-85,
-91,-96,-100,-98,-89,-69,-37,5,
55,104,143,162,157,127,77,20,
-33,-73,-95,-100,-92,-80,-69,-62,
-60,-61,-64,-67,-69,-69,-69,-69,
-69,-68,-69,-69,-70,-70,-70,-69,
-68,-67,-66,-65,-65,-65,-65,-66,
-66,-66,-66,-66,-65,-65,-65,-65,
-65,-65,-65,-66,-66,-67,-67,-67,
-66,-65,-65,-64,-64,-64,-65,-65,
-65,-64,-64,-63,-62,-62,-61,-61,
-61,-61,-61,-61,-61,-61,-61,-61,
-61,-61,-62,-62,-62,-61,-61,-60,
-60,-60,-61,-61,-62,-62,-62,-61,
-61,-60,-60,-59,-59,-59,-59,-59,
-60,-61,-61,-62,-62,-61,-60,-59,
-57,-55,-53,-52,-50,-49,-48,-47,
-46,-45,-44,-44,-44,-44,-44,-44,
-44,-43,-43,-42,-42,-42,-42,-42,
-43,-43,-43,-43,-43,-43,-43,-42,
-42,-42,-42,-42,-43,-43,-43,-43,
-43,-44,-44,-45,-45,-46,-46,-46,
-46,-46,-45,-45,-45,-45,-46,-46,
-47,-47,-48,-48,-48,-49,-49,-50,
-50,-51,-52,-52,-52,-52,-52,-52,
-52,-52,-52,-52,-52,-52,-52,-52,
-52,-52,-52,-52,-51,-51,-51,-50,
-50,-50,-51,-52,-53,-53,-53,-53,
-52,-50,-47,-44,-42,-39,-38,-36,
-35,-34,-33,-33,-32,-32,-32,-31,
-30,-29,-28,-26,-25,-24,-25,-26,
-27,-29,-30,-31,-31,-30,-29,-27,
-26,-26,-27,-29,-32,-36,-39,-42,
-45,-47,-49,-50,-51,-51,-52,-52,
-53,-54,-55,-56,-57,-58,-58,-58,
-57,-56,-56,-56,-56,-57,-57,-58,
-58,-59,-61,-64,-69,-74,-81,-89,
-95,-98,-96,-87,-70,-44,-12,25,
66,107,145,176,197,202,190,159,
112,56,0,-47,-80,-95,-97,-89,
-79,-70,-65,-64,-65,-66,-67,-68,
-67,-66,-65,-65,-66,-66,-68,-69,
-70,-71,-71,-72,-71,-71,-71,-71,
-70,-70,-69,-69,-68,-67,-67,-66,
-66,-67,-68,-69,-70,-71,-71,-71,
-71,-69,-68,-67,-67,-68,-68,-69,
-69,-69,-69,-69,-68,-68,-69,-69,
-69,-70,-70,-69,-68,-67,-67,-66,
-66,-67,-67,-68,-69,-69,-69,-69,
-69,-70,-70,-70,-71,-71,-72,-72,
-72,-72,-72,-73,-73,-74,-75,-76,
-76,-76,-75,-74,-72,-69,-65,-60,
-55,-49,-44,-39,-35,-31,-29,-26,
-24,-23,-21,-21,-20,-21,-23,-25,
-28,-31,-34,-36,-39,-41,-42,-43,
-44,-44,-44,-44,-44,-44,-45,-46,
-47,-48,-49,-51,-52,-54,-55,-56,
-57,-57,-57,-58,-58,-59,-60,-61,
-63,-64,-66,-67,-67,-68,-67,-66,
-65,-65,-64,-64,-64,-65,-66,-66,
-66,-66,-67,-68,-71,-74,-77,-80,
-81,-80,-74,-65,-51,-35,-15,8,
37,70,108,145,176,194,191,165,
119,60,0,-51,-86,-102,-103,-95,
-84,-75,-71,-71,-73,-76,-78,-79,
-79,-78,-78,-78,-78,-79,-79,-79,
-79,-79,-78,-78,-78,-78,-78,-77,
-77,-77,-76,-76,-76,-77,-77,-78,
-79,-80,-80,-79,-78,-77,-76,-76,
-76,-76,-77,-77,-77,-77,-77,-77,
-77,-77,-76,-76,-76,-76,-77,-78,
-79,-80,-81,-81,-80,-79,-78,-77,
-77,-77,-78,-80,-81,-82,-83,-83,
-83,-83,-83,-84,-85,-86,-88,-89,
-90,-91,-92,-92,-91,-90,-89,-89,
-88,-88,-87,-86,-85,-84,-82,-81,
-80,-79,-79,-78,-77,-75,-73,-72,
-70,-68,-67,-66,-66,-66,-66,-66,
-66,-67,-68,-69,-71,-72,-73,-74,
-74,-73,-72,-71,-71,-71,-73,-74,
-75,-75,-75,-75,-75,-75,-75,-75,
-75,-74,-74,-73,-73,-73,-73,-73,
-73,-74,-74,-75,-76,-77,-78,-79,
-80,-80,-80,-80,-80,-80,-80,-80,
-79,-79,-79,-78,-78,-77,-76,-76,
-76,-77,-77,-78,-78,-79,-80,-80,
-81,-81,-80,-80,-79,-78,-78,-79,
-80,-81,-83,-85,-86,-87,-87,-87,
-86,-86,-85,-84,-84,-84,-84,-84,
-85,-85,-86,-87,-87,-87,-86,-84,
-82,-81,-80,-80,-80,-81,-82,-84,
-86,-88,-90,-91,-93,-93,-93,-92,
-90,-89,-89,-89,-90,-92,-94,-95,
-95,-95,-94,-92,-91,-89,-89,-89,
-89,-90,-91,-91,-90,-89,-87,-86,
-85,-84,-84,-83,-84,-84,-83,-82,
-81,-79,-78,-76,-74,-73,-73,-73,
-73,-74,-75,-77,-77,-78,-77,-76,
-74,-72,-71,-71,-72,-75,-79,-83,
-88,-92,-96,-99,-102,-104,-106,-107,
-107,-106,-104,-102,-100,-98,-98,-98,
-98,-99,-100,-101,-102,-103,-104,-103,
-103,-102,-102,-102,-103,-105,-107,-110,
-113,-117,-123,-129,-135,-139,-138,-129,
-110,-77,-33,20,77,126,157,163,
140,91,28,-35,-88,-123,-137,-135,
-126,-115,-108,-105,-106,-109,-112,-113,
-114,-114,-114,-115,-116,-118,-119,-119,
-118,-117,-116,-115,-115,-116,-118,-121,
-123,-125,-125,-125,-125,-124,-123,-122,
-121,-121,-121,-121,-121,-122,-122,-122,
-122,-122,-121,-120,-118,-116,-115,-114,
-114,-115,-117,-119,-121,-123,-124,-124,
-124,-123,-123,-123,-122,-121,-120,-118,
-116,-115,-114,-114,-116,-118,-120,-121,
-122,-121,-121,-120,-120,-121,-122,-125,
-127,-129,-131,-132,-133,-133,-133,-132,
-130,-129,-127,-127,-126,-125,-124,-122,
-120,-117,-114,-111,-109,-107,-106,-105,
-105,-105,-105,-106,-105,-104,-102,-101,
-99,-98,-97,-97,-98,-99,-100,-101,
-102,-103,-103,-102,-101,-100,-100,-100,
-101,-103,-104,-106,-107,-107,-106,-105,
-103,-102,-101,-101,-101,-103,-105,-107,
-108,-110,-111,-112,-112,-112,-111,-110,
-109,-108,-108,-107,-107,-107,-107,-107,
-108,-110,-112,-114,-115,-116,-116,-116,
-116,-116,-116,-116,-116,-114,-113,-113,
-113,-115,-117,-119,-120,-120,-120,-118,
-115,-113,-110,-107,-105,-104,-103,-103,
-103,-104,-105,-104,-102,-100,-96,-93,
-90,-87,-86,-85,-84,-84,-85,-86,
-87,-89,-91,-92,-92,-92,-90,-87,
-85,-85,-86,-89,-95,-101,-108,-113,
-116,-116,-115,-112,-108,-106,-106,-107,
-110,-113,-116,-119,-120,-119,-117,-115,
-113,-113,-113,-115,-117,-120,-123,-126,
-128,-130,-131,-132,-134,-137,-142,-147,
-150,-150,-143,-126,-96,-53,-1,54,
104,138,148,131,89,31,-29,-81,
-117,-135,-137,-131,-122,-116,-113,-114,
-117,-120,-123,-125,-126,-126,-126,-125,
-123,-120,-118,-115,-113,-113,-114,-117,
-121,-124,-126,-127,-125,-123,-120,-117,
-115,-114,-116,-118,-120,-122,-124,-123,
-122,-120,-117,-113,-111,-110,-109,-111,
-112,-114,-115,-116,-115,-114,-113,-112,
-111,-111,-112,-114,-116,-117,-119,-119,
-120,-120,-119,-119,-119,-120,-120,-121,
-121,-121,-120,-119,-117,-116,-116,-115,
-116,-116,-118,-119,-120,-121,-120,-119,
-117,-116,-114,-113,-112,-111,-111,-111,
-110,-108,-106,-103,-100,-97,-95,-93,
-92,-91,-90,-89,-87,-86,-85,-84,
-82,-81,-81,-80,-81,-82,-83,-84,
-85,-86,-86,-87,-87,-86,-85,-83,
-81,-79,-78,-78,-79,-81,-83,-85,
-86,-86,-86,-84,-84,-83,-83,-84,
-85,-86,-86,-87,-87,-87,-86,-86,
-85,-85,-84,-84,-84,-85,-86,-87,
-88,-89,-89,-89,-89,-88,-88,-88,
-88,-88,-88,-88,-88,-87,-86,-85,
-83,-80,-77,-74,-72,-71,-70,-69,
-69,-68,-68,-67,-65,-63,-61,-60,
-59,-58,-58,-59,-60,-60,-59,-58,
-55,-52,-49,-47,-46,-47,-50,-53,
-58,-62,-65,-67,-69,-70,-70,-70,
-70,-70,-69,-69,-68,-68,-67,-66,
-66,-65,-65,-65,-66,-66,-66,-66,
-66,-66,-66,-67,-67,-68,-69,-71,
-75,-80,-86,-94,-102,-107,-106,-95,
-70,-31,19,75,127,164,176,159,
118,61,2,-47,-80,-95,-96,-88,
-79,-71,-68,-68,-71,-73,-75,-77,
-77,-77,-77,-76,-76,-75,-74,-73,
-73,-72,-72,-72,-72,-72,-72,-73,
-74,-74,-75,-74,-74,-74,-74,-73,
-73,-73,-74,-74,-74,-73,-73,-73,
-73,-73,-73,-73,-73,-73,-73,-73,
-73,-73,-74,-74,-75,-75,-75,-74,
-73,-72,-71,-70,-70,-70,-70,-71,
-71,-71,-72,-72,-73,-73,-74,-75,
-76,-76,-77,-77,-77,-77,-77,-76,
-76,-76,-76,-75,-75,-74,-73,-71,
-69,-67,-65,-63,-62,-61,-60,-59,
-57,-56,-55,-53,-52,-51,-51,-50,
-50,-50,-50,-50,-50,-50,-49,-48,
-48,-47,-47,-46,-46,-46,-47,-47,
-48,-48,-48,-48,-48,-48,-49,-49,
-50,-51,-52,-53,-53,-54,-54,-54,
-54,-54,-53,-53,-53,-53,-53,-53,
-54,-55,-55,-56,-57,-57,-57,-57,
-57,-57,-58,-58,-58,-58,-58,-58,
-57,-57,-56,-56,-56,-55,-55,-55,
-55,-56,-56,-56,-57,-58,-58,-59,
-59,-59,-58,-57,-56,-55,-54,-52,
-51,-50,-49,-48,-46,-45,-44,-43,
-41,-39,-38,-36,-35,-35,-36,-37,
-38,-39,-40,-39,-38,-36,-34,-32,
-31,-31,-33,-35,-39,-42,-46,-49,
-52,-54,-56,-57,-58,-59,-59,-60,
-60,-60,-61,-62,-62,-63,-63,-64,
-64,-65,-65,-64,-64,-63,-62,-61,
-61,-62,-64,-68,-73,-80,-87,-93,
-98,-98,-95,-89,-79,-68,-56,-40,
-21,4,37,77,118,155,179,186,
171,136,87,31,-19,-59,-83,-92,
-90,-82,-74,-69,-67,-67,-70,-71,
-73,-72,-72,-71,-70,-69,-70,-71,
-72,-73,-75,-76,-77,-77,-77,-76,
-76,-75,-75,-75,-75,-76,-77,-77,
-77,-77,-76,-76,-76,-76,-76,-77,
-77,-78,-78,-78,-79,-79,-78,-78,
-78,-77,-77,-76,-75,-74,-73,-73,
-73,-74,-75,-76,-78,-79,-80,-81,
-81,-81,-81,-80,-80,-78,-77,-76,
-75,-75,-75,-76,-78,-80,-81,-82,
-82,-82,-81,-80,-79,-79,-79,-80,
-82,-83,-84,-84,-84,-83,-82,-82,
-81,-80,-80,-79,-77,-76,-74,-72,
-70,-68,-67,-65,-64,-62,-61,-59,
-58,-57,-57,-56,-56,-55,-55,-55,
-55,-55,-56,-57,-58,-58,-58,-57,
-56,-54,-53,-53,-53,-54,-56,-57,
-58,-58,-58,-58,-58,-58,-58,-59,
-60,-61,-62,-62,-62,-62,-61,-61,
-60,-59,-59,-59,-60,-61,-63,-64,
-64,-64,-64,-64,-65,-65,-66,-67,
-67,-67,-67,-66,-66,-66,-65,-65,
-65,-64,-64,-63,-63,-63,-64,-64,
-64,-64,-63,-62,-62,-62,-61,-61,
-62,-62,-62,-61,-60,-59,-56,-54,
-51,-50,-49,-48,-49,-49,-49,-48,
-46,-44,-41,-39,-38,-37,-38,-39,
-41,-42,-43,-42,-41,-40,-39,-38,
-37,-37,-36,-35,-34,-33,-33,-35,
-38,-42,-46,-50,-53,-56,-58,-59,
-61,-62,-64,-65,-65,-65,-64,-63,
-63,-62,-63,-64,-65,-66,-66,-66,
-66,-65,-64,-63,-63,-64,-66,-68,
-71,-76,-81,-87,-94,-98,-99,-94,
-80,-56,-21,23,72,119,156,175,
171,143,97,42,-11,-55,-83,-94,
-94,-86,-77,-70,-66,-66,-68,-70,
-72,-74,-75,-75,-75,-74,-74,-73,
-72,-72,-72,-72,-73,-73,-74,-74,
-74,-75,-75,-76,-77,-77,-77,-77,
-76,-76,-76,-75,-76,-76,-76,-77,
-76,-76,-76,-75,-75,-75,-75,-75,
-75,-75,-76,-76,-76,-76,-76,-77,
-77,-76,-76,-75,-74,-73,-73,-73,
-73,-73,-73,-73,-73,-74,-74,-74,
-74,-75,-76,-77,-77,-78,-80,-81,
-83,-84,-85,-86,-86,-86,-86,-86,
-86,-87,-87,-87,-87,-86,-85,-84,
-82,-81,-79,-77,-74,-72,-70,-69,
-67,-66,-65,-63,-61,-59,-57,-56,
-55,-54,-53,-53,-53,-53,-53,-53,
-52,-52,-51,-51,-50,-49,-49,-48,
-48,-48,-48,-49,-50,-51,-52,-53,
-53,-53,-53,-53,-53,-53,-53,-53,
-54,-54,-54,-54,-54,-54,-54,-53,
-53,-53,-54,-54,-54,-55,-55,-56,
-57,-57,-57,-57,-57,-56,-56,-56,
-56,-56,-56,-56,-56,-56,-56,-56,
-56,-57,-57,-57,-57,-57,-57,-56,
-56,-55,-54,-52,-50,-48,-46,-44,
-43,-41,-40,-39,-38,-37,-36,-34,
-33,-33,-32,-32,-33,-33,-34,-34,
-35,-34,-33,-32,-30,-29,-29,-30,
-32,-35,-39,-43,-46,-49,-51,-52,
-54,-55,-56,-56,-57,-57,-58,-58,
-59,-60,-61,-61,-61,-62,-62,-62,
-62,-62,-62,-61,-60,-60,-59,-60,
-61,-64,-68,-71,-74,-75,-76,-76,
-77,-79,-83,-88,-94,-96,-93,-82,
-59,-24,20,72,121,160,179,172,
140,89,30,-23,-63,-85,-91,-86,
-76,-66,-61,-59,-61,-64,-67,-68,
-69,-69,-68,-68,-67,-67,-68,-68,
-68,-68,-68,-68,-68,-68,-68,-68,
-68,-68,-68,-68,-68,-68,-69,-69,
-68,-68,-67,-67,-67,-67,-68,-68,
-68,-68,-68,-68,-68,-68,-68,-68,
-68,-68,-67,-67,-67,-67,-67,-67,
-67,-67,-67,-67,-67,-67,-67,-67,
-68,-68,-69,-69,-68,-68,-67,-66,
-66,-66,-67,-67,-68,-68,-69,-68,
-68,-67,-67,-67,-66,-67,-67,-67,
-67,-66,-65,-64,-63,-61,-60,-58,
-56,-54,-53,-51,-50,-48,-47,-45,
-44,-43,-43,-43,-44,-44,-44,-44,
-44,-44,-44,-44,-44,-44,-44,-43,
-43,-43,-42,-42,-41,-41,-41,-41,
-42,-42,-43,-44,-45,-46,-47,-48,
-49,-49,-48,-47,-46,-45,-44,-44,
-43,-43,-43,-44,-44,-45,-45,-46,
-46,-47,-47,-47,-48,-49,-50,-50,
-51,-51,-51,-50,-49,-48,-47,-47,
-46,-46,-45,-44,-42,-40,-38,-36,
-33,-32,-30,-29,-27,-26,-25,-25,
-25,-26,-28,-29,-30,-30,-29,-27,
-25,-24,-23,-24,-25,-27,-30,-33,
-35,-37,-39,-41,-43,-45,-47,-49,
-51,-51,-52,-51,-51,-51,-51,-52,
-53,-54,-56,-57,-57,-57,-57,-56,
-56,-56,-56,-56,-56,-55,-56,-58,
-63,-69,-75,-82,-87,-91,-92,-90,
-85,-77,-62,-38,-5,37,85,130,
163,175,161,124,72,15,-33,-67,
-85,-87,-82,-73,-67,-63,-63,-65,
-66,-66,-65,-64,-63,-63,-63,-64,
-63,-63,-62,-61,-62,-63,-65,-67,
-68,-69,-69,-68,-67,-66,-65,-65,
-65,-65,-65,-65,-65,-65,-64,-64,
-63,-63,-63,-63,-65,-66,-67,-68,
-68,-68,-66,-65,-64,-64,-64,-65,
-65,-66,-66,-66,-66,-66,-66,-65,
-65,-65,-64,-64,-63,-63,-63,-63,
-63,-64,-66,-67,-69,-70,-70,-71,
-71,-71,-72,-73,-73,-74,-74,-74,
-74,-75,-75,-76,-77,-76,-75,-74,
-71,-68,-65,-62,-59,-56,-53,-51,
-50,-49,-49,-49,-49,-49,-48,-46,
-45,-43,-42,-42,-42,-43,-43,-42,
-42,-41,-41,-41,-41,-42,-42,-43,
-43,-44,-44,-44,-44,-44,-44,-44,
-45,-45,-46,-47,-47,-47,-47,-47,
-46,-46,-46,-46,-46,-47,-48,-48,
-49,-50,-51,-52,-53,-54,-54,-55,
-55,-55,-55,-56,-56,-56,-56,-55,
-54,-53,-52,-52,-51,-50,-50,-49,
-48,-47,-46,-45,-43,-42,-41,-39,
-38,-37,-36,-34,-33,-31,-30,-30,
-30,-30,-31,-32,-32,-32,-32,-32,
-32,-31,-30,-29,-29,-29,-31,-33,
-37,-42,-46,-50,-54,-56,-58,-58,
-58,-57,-57,-57,-56,-57,-57,-58,
-59,-60,-60,-61,-61,-62,-62,-62,
-62,-62,-62,-61,-61,-62,-63,-66,
-70,-76,-83,-89,-93,-94,-88,-72,
-46,-8,37,88,134,167,180,168,
132,80,22,-30,-70,-92,-98,-93,
-84,-74,-68,-66,-66,-69,-71,-73,
-74,-74,-73,-73,-72,-72,-72,-73,
-73,-73,-74,-74,-75,-75,-75,-74,
-74,-74,-73,-73,-72,-72,-72,-72,
-73,-73,-74,-74,-74,-75,-75,-75,
-75,-75,-75,-75,-75,-74,-74,-74,
-74,-74,-74,-74,-74,-73,-73,-73,
-73,-73,-73,-73,-74,-74,-74,-74,
-74,-74,-74,-74,-75,-75,-75,-75,
-75,-76,-76,-77,-77,-77,-77,-77,
-78,-78,-78,-78,-78,-79,-79,-79,
-79,-79,-78,-77,-76,-74,-73,-71,
-69,-66,-64,-62,-60,-59,-57,-55,
-54,-52,-51,-49,-49,-48,-48,-48,
-48,-48,-48,-49,-49,-49,-49,-49,
-49,-48,-48,-48,-48,-48,-47,-47,
-47,-47,-47,-47,-47,-47,-48,-49,
-49,-50,-50,-51,-51,-51,-52,-52,
-52,-53,-53,-53,-54,-54,-54,-55,
-55,-54,-54,-54,-55,-55,-56,-56,
-56,-55,-54,-54,-53,-52,-52,-51,
-50,-49,-48,-46,-44,-42,-41,-39,
-38,-37,-36,-36,-35,-35,-35,-36,
-36,-37,-36,-35,-34,-31,-30,-29,
-30,-32,-36,-41,-46,-50,-54,-57,
-60,-61,-61,-61,-61,-61,-61,-61,
-62,-62,-63,-63,-64,-64,-64,-64,
-64,-64,-64,-64,-64,-64,-65,-66,
-68,-70,-74,-79,-86,-94,-101,-104,
-99,-84,-56,-14,36,91,139,170,
176,154,109,49,-9,-57,-88,-99,
-96,-86,-76,-69,-66,-68,-71,-73,
-74,-74,-73,-72,-71,-70,-71,-72,
-73,-74,-74,-75,-75,-75,-75,-75,
-75,-75,-76,-76,-76,-76,-76,-76,
-76,-75,-76,-76,-77,-77,-77,-77,
-77,-76,-76,-75,-75,-75,-75,-75,
-76,-75,-75,-75,-75,-76,-76,-76,
-77,-77,-77,-77,-76,-76,-76,-76,
-77,-77,-77,-76,-75,-75,-74,-74,
-75,-76,-77,-78,-79,-80,-80,-79,
-78,-78,-77,-77,-77,-76,-76,-76,
-75,-73,-71,-69,-66,-64,-62,-60,
-59,-58,-57,-57,-56,-55,-55,-54,
-54,-54,-54,-54,-55,-55,-56,-56,
-57,-57,-57,-56,-56,-55,-54,-54,
-54,-54,-54,-55,-55,-55,-55,-54,
-54,-53,-53,-54,-55,-56,-57,-57,
-57,-57,-58,-58,-59,-60,-61,-62,
-62,-62,-61,-61,-61,-61,-62,-62,
-62,-62,-62,-61,-61,-61,-61,-61,
-61,-61,-60,-60,-59,-58,-56,-55,
-53,-52,-51,-51,-51,-51,-51,-50,
-49,-46,-44,-42,-41,-41,-41,-43,
-44,-46,-46,-46,-44,-43,-42,-41,
-42,-44,-46,-49,-53,-56,-60,-64,
-67,-70,-72,-74,-74,-74,-74,-74,
-73,-73,-74,-74,-74,-75,-76,-76,
-77,-77,-76,-76,-76,-76,-78,-80,
-85,-90,-97,-105,-111,-116,-118,-117,
-113,-107,-99,-87,-70,-44,-8,35,
83,126,153,156,133,87,28,-29,
-76,-104,-114,-111,-100,-89,-82,-79,
-80,-83,-86,-88,-88,-88,-87,-87,
-87,-88,-89,-90,-91,-91,-92,-92,
-92,-93,-93,-93,-93,-93,-93,-93,
-93,-93,-93,-92,-91,-90,-90,-91,
-93,-95,-96,-98,-98,-98,-97,-96,
-95,-94,-95,-96,-97,-98,-98,-98,
-97,-96,-94,-93,-92,-91,-91,-92,
-93,-94,-95,-96,-97,-97,-97,-97,
-96,-96,-97,-98,-100,-103,-106,-108,
-110,-110,-109,-108,-106,-104,-103,-102,
-102,-102,-102,-102,-101,-100,-99,-99,
-98,-96,-95,-92,-89,-86,-83,-81,
-80,-80,-80,-79,-78,-76,-74,-73,
-72,-71,-70,-69,-69,-69,-70,-70,
-70,-70,-70,-71,-71,-72,-73,-74,
-75,-75,-75,-74,-74,-73,-73,-73,
-74,-75,-76,-77,-76,-76,-75,-74,
-74,-74,-74,-75,-76,-77,-78,-78,
-79,-79,-79,-78,-78,-77,-77,-77,
-78,-79,-80,-80,-80,-80,-80,-79,
-77,-76,-74,-73,-71,-69,-66,-64,
-63,-62,-62,-62,-62,-61,-59,-58,
-56,-55,-55,-55,-56,-56,-57,-58,
-58,-58,-57,-56,-55,-53,-51,-50,
-50,-51,-54,-58,-62,-67,-70,-73,
-75,-77,-78,-79,-79,-80,-80,-81,
-81,-82,-82,-82,-82,-81,-81,-81,
-81,-82,-83,-83,-83,-83,-82,-82,
-82,-83,-85,-88,-94,-101,-108,-115,
-118,-115,-103,-81,-46,-2,48,98;
